coordinatore_pedagogico,presidente_ente_gestore,sorastant,tipo_instituto,dirigente_scolastico,direttore,indirizzo,telefono,fax,email_istituto,email_dirigenza,email_segreteria,sito_web,miur_code,numero_plessi_scuole,nome_istituto,id_istituto,id_number
nan,nan,nan,Istituzione scolastica e formativa,BRUNO GENTILINI,nan,"Via Don Meggio,
    
2/A -
    
38050    
RONCEGNO TERME",+39 0461 764581,+39 0461 771046,ic.centrovalsugana@pec.provincia.tn.it,dir.ic.centrovalsugana@scuole.provincia.tn.it,segr.ic.centrovalsugana@scuole.provincia.tn.it,http://www.iccentrovalsugana.it,TNIC81300R,9,"

                
ISTITUTO COMPRENSIVO CENTRO VALSUGANA
            
",/Scuole/ISTITUTO-COMPRENSIVO-CENTRO-VALSUGANA212,0
nan,nan,nan,Istituzione scolastica e formativa,MARCO FELICETTI,nan,"Via Gandhi,
    
1 -
    
38033    
CAVALESE",+39 0462 341449,+39 0462 248071,weisserose@pec.provincia.tn.it,dir.iicavalese@scuole.provincia.tn.it,segr.iicavalese@scuole.provincia.tn.it,http://www.scuolefiemme.tn.it,TNIS00100P,9,"

                
ISTITUTO DI ISTRUZIONE ""La Rosa Bianca"" - CAVALESE
            
",/Scuole/ISTITUTO-DI-ISTRUZIONE-La-Rosa-Bianca-CAVALESE2,1
nan,nan,nan,Istituzione scolastica e formativa,ENRICA RIGOTTI,nan,"Via Calzolari - Localita Fontana,
    
2 -
    
38060    
BRENTONICO",+39 0464 395189,+39 0464 392710,ic.brentonico@pec.provincia.tn.it,dir.ic.brentonico@scuole.provincia.tn.it,segr.ic.brentonico@scuole.provincia.tn.it,nan,TNIC861006,2,"

                
ISTITUTO COMPRENSIVO BRENTONICO
            
",/Scuole/ISTITUTO-COMPRENSIVO-BRENTONICO,2
nan,nan,nan,Istituzione scolastica e formativa,CARLO MUSIO,nan,"Via Conci,
    
86 -
    
38123    
TRENTO",+39 0461 930658,nan,associazione@pec.scuolasteiner-trento.it,nan,segreteria@scuolasteiner-trento.it,http://www.scuolasteiner-trento.it,nan,2,"

                
ASSOCIAZIONE PEDAGOGICA STEINERIANA - TRENTO
            
",/Scuole/ASSOCIAZIONE-PEDAGOGICA-STEINERIANA-TRENTO2,3
nan,LOREDANA FRISINGHELLI,nan,Scuola dell'infanzia,nan,nan,"Via Stazione Mori,
    
10 -
    
38068    
ROVERETO",nan,nan,nan,nan,nan,nan,nan,1,"

                
ASSOCIAZIONE RUDOLF STEINER PER LA PEDAGOGIA APS - ROVERETO
            
",/Scuole/ASSOCIAZIONE-RUDOLF-STEINER-PER-LA-PEDAGOGIA-APS-ROVERETO,4
nan,nan,nan,Istituzione scolastica e formativa,CHRISTIAN BONAZZA,BRUNO DAVES,"Via Monsignor  Endrici,
    
23 -
    
38122    
TRENTO",+39 0461 1731200,+39 0461 1731288,collegioarcivescovile@pec.it,collegioarcivescovile@arcivescoviletrento.it,didatticatn@arcivescoviletrento.it,http://www.arcivescoviletrento.it,nan,7,"

                
COLLEGIO ARCIVESCOVILE C.ENDRICI - TRENTO
            
",/Scuole/COLLEGIO-ARCIVESCOVILE-C.ENDRICI-TRENTO2,5
nan,nan,nan,Istituzione scolastica e formativa,CHRISTIAN BONAZZA,BRUNO DAVES,"Corso Bettini,
    
71 -
    
38068    
ROVERETO",+39 0464 406000,+39 0464 406077,collegioarcivescovile@pec.it,dameinglesi@arcivescoviletrento.it,lia@arcivescoviletrento.it,http://www.arcivescoviletrento.it,nan,3,"

                
COLLEGIO ARCIVESCOVILE DAME INGLESI - ROVERETO
            
",/Scuole/COLLEGIO-ARCIVESCOVILE-DAME-INGLESI-ROVERETO2,6
nan,nan,nan,Istituzione scolastica e formativa,MARCELLO SOTTOPIETRA,nan,"Via Della Saluga,
    
7 -
    
38121    
TRENTO",+39 0461 080041,nan,cooperativasacrafamiglia@pec.it,segreteria@sacrafamigliatrento.it,segreteria@sacrafamigliatrento.it,http://www.sacrafamigliatrento.it,nan,1,"

                
COOPERATIVA SOCIALE SACRA FAMIGLIA ONLUS
            
",/Scuole/COOPERATIVA-SOCIALE-SACRA-FAMIGLIA-ONLUS2,7
nan,nan,nan,Istituzione scolastica e formativa,nan,MICHELE FILIPPINI,"Via Grazioli,
    
2 -
    
38122    
TRENTO",+39 0461 260454,+39 0461 267864,canossatrento@pec.it,direzione@centromoda.tn.it,didattica@centromoda.tn.it,http://www.centromoda.tn.it,nan,1,"

                
Centro Formazione Professionale ""Centromoda Canossa"" - Trento
            
",/Scuole/Centro-Formazione-Professionale-Centromoda-Canossa-Trento3,8
nan,nan,nan,Istituzione scolastica e formativa,nan,DIEGO FREO,"Via Gazzoletti,
    
8 -
    
38062    
ARCO",+39 0464 516465,+39 0464 516497,cfp.arco@pec.it,nan,cfp.arco@enaip.tn.it,https://arco.enaiptrentino.it,nan,1,"

                
Centro Formazione Professionale ENAIP - Arco
            
",/Scuole/Centro-Formazione-Professionale-ENAIP-Arco2,9
GIULIANA BATTISTI,nan,nan,Circolo di coordinamento pedagogico,nan,nan,"Viale Dante,
    
5 -
    
38057    
PERGINE VALSUGANA",+39 0461 493491,+39 0461 493495,circolo.coordinamento01@provincia.tn.it,nan,circolo.coordinamento01@provincia.tn.it,nan,nan,13,"

                
Circolo di coordinamento n. 1
            
",/Scuole/Circolo-di-coordinamento-n.-15,10
CATERINA FRUET,nan,nan,Circolo di coordinamento pedagogico,nan,nan,"Via Temanza,
    
4 -
    
38051    
BORGO VALSUGANA",+39 0461 491980,+39 0461 491976,circolo.coordinamento02@provincia.tn.it,nan,circolo.coordinamento02@provincia.tn.it,nan,nan,12,"

                
Circolo di coordinamento n. 2
            
",/Scuole/Circolo-di-coordinamento-n.-22,11
RITA FERENZENA,nan,nan,Circolo di coordinamento pedagogico,nan,nan,"Via Gilli,
    
3 -
    
38121    
TRENTO",+39 0461 496954,+39 0461 496950,circolo.coordinamento04@provincia.tn.it,nan,circolo.coordinamento04@provincia.tn.it,nan,nan,6,"

                
Circolo di coordinamento n. 4
            
",/Scuole/Circolo-di-coordinamento-n.-44,12
nan,nan,nan,Istituzione scolastica e formativa,nan,LUCA BRANZ,"Via Mitterer,
    
10 -
    
38023    
CLES",+39 0463 421362,+39 0463 421606,cfp.cles@pec.it,nan,cfp.cles@enaip.tn.it,https://cles.enaiptrentino.it/,nan,1,"

                
Centro Formazione Professionale ENAIP - Cles
            
",/Scuole/Centro-Formazione-Professionale-ENAIP-Cles2,13
nan,nan,nan,Istituzione scolastica e formativa,nan,DINO MOSER,"Via Caltrezza,
    
13 -
    
38038    
TESERO",+39 0462 813133,+39 0462 813145,cfp.tesero@pec.it,nan,cfp.tesero@enaip.tn.it,https://tesero.enaiptrentino.it/,nan,2,"

                
Centro Formazione Professionale ENAIP - Tesero
            
",/Scuole/Centro-Formazione-Professionale-ENAIP-Tesero2,14
nan,nan,nan,Istituzione scolastica e formativa,nan,EMILIO SALVATERRA,"Via Durone,
    
57 -
    
38079    
TIONE DI TRENTO",+39 0465 321316,+39 0465 322091,cfp.tione@pec.it,nan,cfp.tione@enaip.tn.it,https://tione.enaiptrentino.it/,TNCF001001,2,"

                
Centro Formazione Professionale ENAIP - Tione di Trento
            
",/Scuole/Centro-Formazione-Professionale-ENAIP-Tione-di-Trento2,15
nan,nan,nan,Istituzione scolastica e formativa,nan,MASSIMO MALOSSINI,"Rione Europa,
    
3 -
    
38066    
RIVA DEL GARDA",+39 0464 521300,+39 0464 521553,cfp.rivadelgarda@pec.it,nan,cfp.rivadelgarda@enaip.tn.it,https://rivadelgarda.enaiptrentino.it/,TNCF007001,1,"

                
Centro Formazione Professionale ENAIP - Varone di Riva del Garda
            
",/Scuole/Centro-Formazione-Professionale-ENAIP-Varone-di-Riva-del-Garda2,16
nan,nan,nan,Istituzione scolastica e formativa,nan,PAOLA COCCIA,"Via Asiago,
    
14 -
    
38123    
TRENTO",+39 0461 920386,+39 0461 914935,cfp.villazzano@pec.it,nan,cfp.villazzano@enaip.tn.it,https://villazzano.enaiptrentino.it/,TNCF008001,2,"

                
Centro Formazione Professionale ENAIP - Villazzano
            
",/Scuole/Centro-Formazione-Professionale-ENAIP-Villazzano2,17
nan,nan,nan,Istituzione scolastica e formativa,BERNARDO ZANONER,CHIARA BERTOLINI,"Viale Roma,
    
61 -
    
38056    
LEVICO TERME",+39 0461 706145,+39 0461 701940,cfplevico@pec.operaarmidabarelli.org,nan,cfplevico@operaarmidabarelli.org,http://www.operaarmidabarelli.org,nan,1,"

                
Centro Formazione Professionale Opera Armida Barelli - Levico
            
",/Scuole/Centro-Formazione-Professionale-Opera-Armida-Barelli-Levico2,18
nan,nan,nan,Istituzione scolastica e formativa,BERNARDO ZANONER,ANNA PRATI,"Via Setaioli,
    
5 -
    
38068    
ROVERETO",+39 0464 433771,+39 0464 431711,cfprovereto@pec.operaarmidabarelli.org,nan,cfprovereto@operaarmidabarelli.org,http://www.operaarmidabarelli.org,TNCF005001,1,"

                
Centro Formazione Professionale Opera Armida Barelli - Rovereto
            
",/Scuole/Centro-Formazione-Professionale-Opera-Armida-Barelli-Rovereto2,19
nan,nan,nan,Istituzione scolastica e formativa,ERIK GADOTTI,nan,"Piazza Di Fiera,
    
4 -
    
38122    
TRENTO",+39 0461 270244,+39 0461 270241,nan,nan,scuolagrafica@artigianelli.tn.it,http://www.artigianelli.tn.it/,TNCF004001,1,"

                
Centro Formazione Professionale Pavoniano Artigianelli - Trento
            
",/Scuole/Centro-Formazione-Professionale-Pavoniano-Artigianelli-Trento2,20
nan,nan,nan,Istituzione scolastica e formativa,nan,CLAUDIO NICOLUSSI,"Via Gazzoletti,
    
10 -
    
38062    
ARCO",+39 0464 556585,+39 0464 556599,cfp-upt@pec.it,nan,segreteria.arco@cfp-upt.it,http://www.cfpupt.it/sede-di-arco,nan,1,"

                
Centro Formazione Professionale UPT - Arco
            
",/Scuole/Centro-Formazione-Professionale-UPT-Arco2,21
nan,nan,nan,Istituzione scolastica e formativa,nan,WALTER IORI,"Via D Agostin,
    
2 -
    
38023    
CLES",+39 0463 422820,+39 0463 424409,cfp-upt@pec.it,nan,segreteria.cles@cfp-upt.it,http://www.cfp-upt.it,nan,1,"

                
Centro Formazione Professionale UPT - Cles
            
",/Scuole/Centro-Formazione-Professionale-UPT-Cles2,22
nan,nan,nan,Istituzione scolastica e formativa,nan,WALTER IORI,"Via Pasqui,
    
10 -
    
38068    
ROVERETO",+39 0464 630050,nan,cfp-upt@pec.it,nan,segreteria.rovereto@cfp-upt.it,nan,nan,1,"

                
Centro Formazione Professionale UPT - Rovereto
            
",/Scuole/Centro-Formazione-Professionale-UPT-Rovereto2,23
nan,nan,nan,Istituzione scolastica e formativa,nan,PAOLO ZANLUCCHI,"Via Roma,
    
15 -
    
38079    
TIONE DI TRENTO",+39 0465 321889,+39 0465 324518,cfp-upt@pec.it,nan,segreteria.tione@cfp-upt.it,http://www.cfp-upt.it,nan,1,"

                
Centro Formazione Professionale UPT - Tione di Trento
            
",/Scuole/Centro-Formazione-Professionale-UPT-Tione-di-Trento2,24
nan,nan,nan,Istituzione scolastica e formativa,nan,WALTER IORI,"Via Borsieri,
    
2 -
    
38122    
TRENTO",+39 0461 239997,+39 0461 260235,cfp-upt@pec.it,nan,segreteria.sede@cfp-upt.it,http://www.cfp-upt.it,TNCF003001,2,"

                
Centro Formazione Professionale UPT - Trento
            
",/Scuole/Centro-Formazione-Professionale-UPT-Trento2,25
nan,nan,nan,Istituzione scolastica e formativa,nan,FAUSTO ECCHER,"Via Forno - Transacqua,
    
12 -
    
38054    
PRIMIERO SAN MARTINO DI CASTROZZA",+39 0439 762057,+39 0439 762833,cfp.primiero@pec.it,nan,cfp.primiero@enaip.tn.it,https://primiero.enaiptrentino.it/,nan,2,"

                
Centro Formazione Professionale ENAIP - Primiero
            
",/Scuole/Centro-Formazione-Professionale-ENAIP-Primiero2,26
SARA DE ZOLT,nan,nan,Scuola dell'infanzia,nan,nan,"Strada Giuseppe Soraperra - Pozza di Fassa,
    
4 -
    
38036    
SAN GIOVANNI DI FASSA - SEN JAN",0462-763194,nan,vigo.fassa.presidente@fpsm.tn.it,nan,vigo.fassa.segretario@fpsm.tn.it,nan,nan,1,"

                
Scuola dell'infanzia di Vigo di Fassa
            
",/Scuole/Scuola-dell-infanzia-di-Vigo-di-Fassa2,27
ELENA RICCI,nan,nan,Scuola dell'infanzia,nan,nan,"Piazza Guardi,
    
7 -
    
38010    
TON",0461-657897,nan,vigo.ton.segretario@fpsm.tn.it,nan,vigo.ton.segretario@fpsm.tn.it,nan,nan,1,"

                
Scuola dell'infanzia di Vigo di Ton
            
",/Scuole/Scuola-dell-infanzia-di-Vigo-di-Ton2,28
CARMEN FATTORI,nan,nan,Scuola dell'infanzia,nan,nan,"Via dei Carli,
    
16 -
    
38121    
TRENTO",0461-209045,nan,villamontagna.segretario@fpsm.tn.it,nan,villamontagna.segretario@fpsm.tn.it,nan,nan,1,"

                
Scuola dell'infanzia di Villamontagna
            
",/Scuole/Scuola-dell-infanzia-di-Villamontagna2,29
IVANA LEONARDELLI,nan,nan,Scuola dell'infanzia,nan,nan,"Via Giordano,
    
15 -
    
38123    
TRENTO",0461-920382,nan,villazzano.segretario@fpsm.tn.it,nan,villazzano.segretario@fpsm.tn.it,nan,nan,1,"

                
Scuola dell'infanzia di Villazzano
            
",/Scuole/Scuola-dell-infanzia-di-Villazzano2,30
SILVANO MEDVES,nan,nan,Scuola dell'infanzia,nan,nan,"Via S Maria,
    
13 -
    
38060    
VOLANO",0464-411516,nan,volano.segretario@fpsm.tn.it,nan,volano.segretario@fpsm.tn.it,nan,nan,1,"

                
Scuola dell'infanzia di Volano
            
",/Scuole/Scuola-dell-infanzia-di-Volano2,31
nan,nan,nan,Istituzione scolastica e formativa,VALENTINA ZANOLLA,nan,"Via Perlasca,
    
4 -
    
38017    
MEZZOLOMBARDO",+39 0461 601122,+39 0461 601470,martini@pec.provincia.tn.it,dir.martini.mezzolombardo@scuole.provincia.tn.it,segr.martini.mezzolombardo@scuole.provincia.tn.it,http://www.martinomartini.eu,TNIS00300A,7,"

                
ISTITUTO DI ISTRUZIONE ""M. Martini"" - MEZZOLOMBARDO
            
",/Scuole/ISTITUTO-DI-ISTRUZIONE-M.-Martini-MEZZOLOMBARDO2,32
nan,nan,nan,Istituzione scolastica e formativa,DANIELA SIMONCELLI,nan,"Via Zambra,
    
3 -
    
38121    
TRENTO",+39 0461 824422,+39 0461 824345,vittoria@pec.provincia.tn.it,dir.istitutodellearti@scuole.provincia.tn.it,info@istitutodellearti.tn.it,https://www.istitutodellearti.tn.it,TNSD02000X,3,"

                
LICEO DELLE ARTI DI TRENTO E ROVERETO ""Vittoria-Bonporti-Depero""
            
",/Scuole/LICEO-DELLE-ARTI-DI-TRENTO-E-ROVERETO-Vittoria-Bonporti-Depero,33
nan,nan,nan,Istituzione scolastica e formativa,LORENZA MORELLI,nan,"Piazza S Teresa Verzeri,
    
4 -
    
38122    
TRENTO",+39 0461 981465,+39 0461 982734,nan,nan,istitutocomprensivo@istitutosacrocuore.it,http://www.istitutosacrocuore.it,nan,6,"

                
ISTITUTO SACRO CUORE - TRENTO
            
",/Scuole/ISTITUTO-SACRO-CUORE-TRENTO2,34
nan,nan,nan,Istituzione scolastica e formativa,PAOLO MUNARETTO,nan,"Via Barbacovi,
    
22 -
    
38122    
TRENTO",+39 0461 885555,+39 0461 981972,sdbtrento@pcert.postecert.it,nan,segreteria@sdbtrento.it,http://www.sdbtrento.it,nan,1,"

                
ISTITUTO SALESIANO MARIA AUSILIATRICE - TRENTO
            
",/Scuole/ISTITUTO-SALESIANO-MARIA-AUSILIATRICE-TRENTO2,35
nan,nan,nan,Istituzione scolastica e formativa,NICOLA TOFFANELLO,nan,"Via Molaren,
    
29 -
    
38050    
MEZZANO",+39 0439 762019,+39 0439 762664,salesianimezzano@pec.it,nan,segreteria@sdbmezzano.it,http://www.salesianimezzano.it,nan,2,"

                
ISTITUTO SALESIANO S. CROCE - MEZZANO
            
",/Scuole/ISTITUTO-SALESIANO-S.-CROCE-MEZZANO,36
nan,nan,nan,Istituzione scolastica e formativa,ANDREA BEZZI,nan,"Via Brigata Acqui,
    
19 -
    
38122    
TRENTO",0461239955,0461230175,tambosibattisti@pec.provincia.tn.it,dir.tambositn@scuole.provincia.tn.it,segr.tambositn@scuole.provincia.tn.it,http://tambosi.tn.it,TNTD18000T,2,"

                
ISTITUTO TECNICO ECONOMICO ""A. Tambosi"" - TRENTO
            
",/Scuole/ISTITUTO-TECNICO-ECONOMICO-A.-Tambosi-TRENTO,37
nan,nan,nan,Istituzione scolastica e formativa,ALFREDO ROMANTINI,nan,"Via IV Novembre,
    
35 -
    
38023    
CLES",+39 0463 421695,+39 0463 421477,pilati@pec.provincia.tn.it,dir.itetpilati@scuole.provincia.tn.it,segr.itetpilati@scuole.provincia.tn.it,http://www.istitutopilati.it,TNTD100001,5,"

                
ISTITUTO TECNICO ECONOMICO E TECNOLOGICO ""C.A. Pilati"" - CLES
            
",/Scuole/ISTITUTO-TECNICO-ECONOMICO-E-TECNOLOGICO-C.A.-Pilati-CLES2,38
nan,nan,nan,Istituzione scolastica e formativa,GIUSEPPE SANTOLI,nan,"Via Del Teatro,
    
4 -
    
38068    
ROVERETO",+39 0464 436100,+39 0464 434116,fontana@pec.provincia.tn.it,dir.fontana@scuole.provincia.tn.it,segr.fontana@scuole.provincia.tn.it,http://www.fgfontana.eu,TNTD020009,4,"

                
ISTITUTO TECNICO ECONOMICO E TECNOLOGICO ""F. e G. Fontana"" - ROVERETO
            
",/Scuole/ISTITUTO-TECNICO-ECONOMICO-E-TECNOLOGICO-F.-e-G.-Fontana-ROVERETO,39
nan,nan,nan,Istituzione scolastica e formativa,GIUSEPPE RIZZA,nan,"Via Monti,
    
1 -
    
38068    
ROVERETO",+39 0464 411400,+39 0464 419130,marconi@pec.provincia.tn.it,dir.itimarconi@scuole.provincia.tn.it,segr.itimarconi@scuole.provincia.tn.it,http://www.marconirovereto.it,TNTF02000G,2,"

                
ISTITUTO TECNICO TECNOLOGICO ""G. Marconi"" - ROVERETO
            
",/Scuole/ISTITUTO-TECNICO-TECNOLOGICO-G.-Marconi-ROVERETO2,40
nan,nan,nan,Istituzione scolastica e formativa,LAURA ZOLLER,nan,"Via Brigata Acqui,
    
15 -
    
38122    
TRENTO",+39 0461 216811,+39 0461 984216,buonarroti@pec.provincia.tn.it,dir.buonarroti@scuole.provincia.tn.it,istituto.tecnico@buonarroti.tn.it,http://www.buonarroti.tn.it/,TNIS013001,2,"

                
ISTITUTO TECNICO TECNOLOGICO ""M. Buonarroti"" - TRENTO
            
",/Scuole/ISTITUTO-TECNICO-TECNOLOGICO-M.-Buonarroti-TRENTO,41
nan,nan,nan,Istituzione scolastica e formativa,PAOLO PENDENZA,nan,"Corso Bettini,
    
86 -
    
38068    
ROVERETO",+39 0464 437700,+39 0464 420025,rosmini.rovereto@pec.provincia.tn.it,dir.liceorosmini@scuole.provincia.tn.it,segr.liceorosmini@scuole.provincia.tn.it,http://www.liceorosmini.eu,TNPC02000A,4,"

                
LICEO ""A. Rosmini"" - ROVERETO
            
",/Scuole/LICEO-A.-Rosmini-ROVERETO2,42
nan,nan,nan,Istituzione scolastica e formativa,STEFANO KIRCHNER,nan,"Via Malfatti,
    
2 -
    
38122    
TRENTO",+39 0461 914400,+39 0461 914498,rosmini.trento@pec.provincia.tn.it,dir.rosmini.tn@scuole.provincia.tn.it,segr.rosmini.tn@scuole.provincia.tn.it,http://www.rosmini.eu,TNPM01000X,4,"

                
LICEO ""A. Rosmini"" - TRENTO
            
",/Scuole/LICEO-A.-Rosmini-TRENTO2,43
nan,nan,nan,Istituzione scolastica e formativa,TERESA PERITI,nan,"Via IV Novembre,
    
35 -
    
38023    
CLES",+39 0463 424049,+39 0463 424577,russell@pec.provincia.tn.it,dir.russell@scuole.provincia.tn.it,segr.russell@scuole.provincia.tn.it,http://www.liceorussell.eu,TNIS00600T,6,"

                
LICEO ""B. Russell"" - CLES
            
",/Scuole/LICEO-B.-Russell-CLES2,44
nan,nan,nan,Istituzione scolastica e formativa,MANUELA BROZ,nan,"Corso Rosmini,
    
61 -
    
38068    
ROVERETO",+39 0464 421223,+39 0464 433003,filzi@pec.provincia.tn.it,dir.isup.filzi@scuole.provincia.tn.it,segr.isup.filzi@scuole.provincia.tn.it,http://www.liceofilzi.it,TNPM02000E,2,"

                
LICEO ""F. Filzi"" - ROVERETO
            
",/Scuole/LICEO-F.-Filzi-ROVERETO,45
nan,nan,nan,Istituzione scolastica e formativa,PAOLA BARATTER,nan,"Via S Trinita,
    
38 -
    
38122    
TRENTO",+39 0461 980190,+39 0461 980747,prati@pec.provincia.tn.it,dir.liceoprati@scuole.provincia.tn.it,segr.liceoprati@scuole.provincia.tn.it,http://www.liceoprati.it,TNPC04000G,1,"

                
LICEO CLASSICO ""G. Prati"" - TRENTO
            
",/Scuole/LICEO-CLASSICO-G.-Prati-TRENTO,46
nan,nan,nan,Istituzione scolastica e formativa,ELENA RUGGIERI,nan,"Viale Bolognini,
    
88 -
    
38122    
TRENTO",+39 0461 913479,+39 0461 913367,galilei@pec.provincia.tn.it,dir.liceogalilei@scuole.provincia.tn.it,segr.liceogalilei@scuole.provincia.tn.it,http://www.lsgalilei.org/,TNPS01000V,2,"

                
LICEO SCIENTIFICO ""G. Galilei"" - TRENTO
            
",/Scuole/LICEO-SCIENTIFICO-G.-Galilei-TRENTO2,47
nan,nan,nan,Istituzione scolastica e formativa,TIZIANA ROSSI,nan,"Via Madruzzo,
    
24 -
    
38122    
TRENTO",+39 0461 984099,+39 0461 986257,davinci@pec.provincia.tn.it,dir.liceodavinci@scuole.provincia.tn.it,segr.liceodavinci@scuole.provincia.tn.it,http://www.liceodavincitn.it,TNPS02000D,2,"

                
LICEO SCIENTIFICO ""L. Da Vinci"" - TRENTO
            
",/Scuole/LICEO-SCIENTIFICO-L.-Da-Vinci-TRENTO2,48
nan,nan,FEDERICO CORRADINI,Istituzione scolastica e formativa,FEDERICO CORRADINI,nan,"Strada Giuseppe Soraperra - Pozza di Fassa,
    
6 -
    
38036    
SAN GIOVANNI DI FASSA - SEN JAN",+39 0462 763702,+39 0462 760001,scuolaladinadifassa@pec.provincia.tn.it,dir.scuolaladinadifassa@scuole.provincia.tn.it,segr.scuolaladinadifassa@scuole.provincia.tn.it,http://www.scuoladifassa.it,TNIC85000Q,10,"

                
SCUOLA LADINA DI FASSA - SCOLA LADINA DE FASCIA
            
",/Scuole/SCUOLA-LADINA-DI-FASSA-SCOLA-LADINA-DE-FASCIA2,49
nan,nan,nan,Istituzione scolastica e formativa,GIOVANNI SCALFI,CLAUDIO MARCH,"Via Murialdo,
    
30 -
    
38045    
CIVEZZANO",+39 0461 857003,+39 0461 857284,oxford@pec.cooperazionetrentina.it,nan,info@istitutodecarneri.it,http://www.istitutodecarneri.it,nan,4,"

                
SOCIETA' COOPERATIVA A R.L. ""I. DE CARNERI"" OXFORD CIVEZZANO
            
",/Scuole/SOCIETA-COOPERATIVA-A-R.L.-I.-DE-CARNERI-OXFORD-CIVEZZANO2,50
PAMELA TOMASELLI,nan,nan,Scuola dell'infanzia,nan,nan,"Via S Antonio,
    
22 -
    
38041    
ALBIANO",0461-689486,+39 0461 723325,albiano.presidente@fpsm.tn.it,nan,albiano.segretario@fpsm.tn.it,nan,nan,1,"

                
Scuola dell'infanzia di Albiano
            
",/Scuole/Scuola-dell-infanzia-di-Albiano2,51
SANDRA CIAPPI,nan,nan,Scuola dell'infanzia,nan,nan,"Via XXV Aprile,
    
5 -
    
38060    
ALDENO",0461-842597,nan,aldeno.presidente@fpsm.tn.it,nan,aldeno.segretario@fpsm.tn.it,nan,nan,1,"

                
Scuola dell'infanzia di Aldeno
            
",/Scuole/Scuola-dell-infanzia-di-Aldeno2,52
ELENA RICCI,nan,nan,Scuola dell'infanzia,nan,nan,"Via Paganella,
    
5 -
    
38010    
ANDALO",0461-585898,nan,andalo.presidente@fpsm.tn.it,nan,andalo.segretario@fpsm.tn.it,nan,nan,1,"

                
Scuola dell'infanzia di Andalo
            
",/Scuole/Scuola-dell-infanzia-di-Andalo2,53
GIANNA ANGELI,nan,nan,Scuola dell'infanzia,nan,nan,"Viale Capitelli,
    
16 -
    
38062    
ARCO",0464-516369,nan,arco.segretario@fpsm.tn.it,nan,arco.segretario@fpsm.tn.it,nan,nan,1,"

                
Scuola dell'infanzia di Arco
            
",/Scuole/Scuola-dell-infanzia-di-Arco2,54
FRANCESCA VARESCHI,nan,nan,Scuola dell'infanzia,nan,nan,"Via Dante,
    
5 -
    
38063    
AVIO",0464-684102,nan,avio.presidente@fpsm.tn.it,nan,avio.segretario@fpsm.tn.it,nan,nan,1,"

                
Scuola dell'infanzia di Avio
            
",/Scuole/Scuola-dell-infanzia-di-Avio2,55
MARIANGELA SIMONCINI,nan,nan,Scuola dell'infanzia,nan,nan,"Via di S Taddeo,
    
8 -
    
38056    
LEVICO TERME",0461-707295,nan,barco.presidente@fpsm.tn.it,nan,barco.segretario@fpsm.tn.it,nan,nan,1,"

                
Scuola dell'infanzia di Barco di Levico
            
",/Scuole/Scuola-dell-infanzia-di-Barco-di-Levico2,56
GIANNA ANGELI,nan,nan,Scuola dell'infanzia,nan,nan,"Piazza Vittoria,
    
1 -
    
38062    
ARCO",0464-516315,nan,bolognano.presidente@fpsm.tn.it,nan,bolognano.segretario@fpsm.tn.it,nan,nan,1,"

                
Scuola dell'infanzia di Bolognano
            
",/Scuole/Scuola-dell-infanzia-di-Bolognano2,57
ALESSANDRA POMILIO,nan,nan,Scuola dell'infanzia,nan,nan,"Via Giusti,
    
46 -
    
38080    
BONDONE",0465-299996,nan,bondone.presidente@fpsm.tn.it,nan,bondone.segretario@fpsm.tn.it,nan,nan,1,"

                
Scuola dell'infanzia di Bondone
            
",/Scuole/Scuola-dell-infanzia-di-Bondone2,58
ROBERTA MEDEGHINI,nan,nan,Scuola dell'infanzia,nan,nan,"Via Fedrigotti,
    
9 -
    
38068    
ROVERETO",0464-430541,nan,borgo.sacco.presidente@fpsm.tn.it,nan,borgo.sacco.segretario@fpsm.tn.it,nan,nan,1,"

                
Scuola dell'infanzia di Borgo Sacco
            
",/Scuole/Scuola-dell-infanzia-di-Borgo-Sacco2,59
PAOLA SANGIORGI,nan,nan,Scuola dell'infanzia,nan,nan,"Piazza Romani,
    
8 -
    
38051    
BORGO VALSUGANA",0461-754771,nan,borgo.valsugana.presidente@fpsm.tn.it,nan,borgo.valsugana.segretario@fpsm.tn.it,nan,nan,1,"

                
Scuola dell'infanzia di Borgo Valsugana
            
",/Scuole/Scuola-dell-infanzia-di-Borgo-Valsugana2,60
FRANCESCA VARESCHI,nan,nan,Scuola dell'infanzia,nan,nan,"Via Mantova,
    
5 -
    
38060    
BRENTONICO",0464-395628,nan,brentonico.segretario@fpsm.tn.it,nan,brentonico.segretario@fpsm.tn.it,nan,nan,1,"

                
Scuola dell'infanzia di Brentonico
            
",/Scuole/Scuola-dell-infanzia-di-Brentonico2,61
MARIANGELA SIMONCINI,nan,nan,Scuola dell'infanzia,nan,nan,"Via Cavour,
    
2 -
    
38050    
CALCERANICA AL LAGO",0461-723325,nan,calceranica.contabile@fpsm.tn.it,nan,calceranica.segretario@fpsm.tn.it,nan,nan,1,"

                
Scuola dell'infanzia di Calceranica
            
",/Scuole/Scuola-dell-infanzia-di-Calceranica2,62
MARIANGELA SIMONCINI,nan,nan,Scuola dell'infanzia,nan,nan,"Via Asilo,
    
1 -
    
38052    
CALDONAZZO",0461-724658,nan,caldonazzo.presidente@fpsm.tn.it,nan,caldonazzo.segretario@fpsm.tn.it,nan,nan,1,"

                
Scuola dell'infanzia di Caldonazzo
            
",/Scuole/Scuola-dell-infanzia-di-Caldonazzo2,63
SARA DE ZOLT,nan,nan,Scuola dell'infanzia,nan,nan,"Strèda sènc Felip e Giacum,
    
9 -
    
38031    
CAMPITELLO DI FASSA - CIAMPEDEL",0462-750470,nan,campitello.presidente@fpsm.tn.it,nan,campitello.segretario@fpsm.tn.it,nan,nan,1,"

                
Scuola dell'infanzia di Campitello di Fassa
            
",/Scuole/Scuola-dell-infanzia-di-Campitello-di-Fassa2,64
UTE PANCHER,nan,nan,Scuola dell'infanzia,nan,nan,"Via S Maurizio,
    
3 -
    
38010    
CAMPODENNO",0461-655166,nan,campodenno.presidente@fpsm.tn.it,nan,campodenno.segretario@fpsm.tn.it,nan,nan,1,"

                
Scuola dell'infanzia di Campodenno
            
",/Scuole/Scuola-dell-infanzia-di-Campodenno2,65
TIZIANA CEOL,nan,nan,Scuola dell'infanzia,nan,nan,"Via Giovanelli,
    
40 -
    
38033    
VILLE DI FIEMME",0462-341759,nan,carano.presidente@fpsm.tn.it,nan,carano.segretario@fpsm.tn.it,nan,nan,1,"

                
Scuola dell'infanzia di Carano
            
",/Scuole/Scuola-dell-infanzia-di-Carano2,66
PAMELA TOMASELLI,nan,nan,Scuola dell'infanzia,nan,nan,"Via IV Novembre,
    
34/A -
    
38010    
TERRE D'ADIGE",0461-870656,nan,nave.presidente@fpsm.tn.it,nan,nave.segretario@fpsm.tn.it,nan,nan,1,"

                
Scuola dell'infanzia di Nave San Rocco
            
",/Scuole/Scuola-dell-infanzia-di-Nave-San-Rocco2,67
ROBERTA MEDEGHINI,nan,nan,Scuola dell'infanzia,nan,nan,"Via Baroni Del Moll,
    
2 -
    
38060    
NOMI",0464-835294,nan,nomi.segretario@fpsm.tn.it,nan,nomi.segretario@fpsm.tn.it,nan,nan,1,"

                
Scuola dell'infanzia di Nomi
            
",/Scuole/Scuola-dell-infanzia-di-Nomi2,68
DANIELA DALCASTAGNE',nan,nan,Scuola dell'infanzia,nan,nan,"Via XX Settembre,
    
5 -
    
38050    
OSPEDALETTO",+39 347 0362437,nan,ospedaletto.presidente@fpsm.tn.it,nan,ospedaletto.segretario@fpsm.tn.it,nan,nan,1,"

                
Scuola dell'infanzia di Ospedaletto
            
",/Scuole/Scuola-dell-infanzia-di-Ospedaletto2,69
SANDRA CIAPPI,nan,nan,Scuola dell'infanzia,nan,nan,"Via alle Cime - Padergnone,
    
14 -
    
38070    
VALLELAGHI",0461-864358,nan,padergnone.presidente@fpsm.tn.it,nan,padergnone.segretario@fpsm.tn.it,nan,nan,1,"

                
Scuola dell'infanzia di Padergnone
            
",/Scuole/Scuola-dell-infanzia-di-Padergnone2,70
SARA DE ZOLT,nan,nan,Scuola dell'infanzia,nan,nan,"Piazza Chiesa,
    
6 -
    
38030    
PANCHIA'",0462-814141,nan,panchia.presidente@fpsm.tn.it,nan,panchia.segretario@fpsm.tn.it,nan,nan,1,"

                
Scuola dell'infanzia di Panchià
            
",/Scuole/Scuola-dell-infanzia-di-Panchia2,71
ROBERTA MEDEGHINI,nan,nan,Scuola dell'infanzia,nan,nan,"Via S Antonio,
    
1 -
    
38060    
VILLA LAGARINA",0464-412151,nan,pedersano.presidente@fpsm.tn.it,nan,pedersano.segretario@fpsm.tn.it,nan,nan,1,"

                
Scuola dell'infanzia di Pedersano
            
",/Scuole/Scuola-dell-infanzia-di-Pedersano2,72
GIANNA ANGELI,nan,nan,Scuola dell'infanzia,nan,nan,"Piazza Mercato,
    
11 -
    
38074    
DRO",0464-507142,nan,pietramurata.presidente@fpsm.tn.it,nan,pietramurata.segretario@fpsm.tn.it,nan,nan,1,"

                
Scuola dell'infanzia di Pietramurata
            
",/Scuole/Scuola-dell-infanzia-di-Pietramurata2,73
DANIELA DALCASTAGNE',nan,nan,Scuola dell'infanzia,nan,nan,"Via Fratelli Rizza',
    
14 -
    
38050    
PIEVE TESINO",0461-594733,nan,pieve.tesino.presidente@fpsm.tn.it,nan,pieve.tesino.segretario@fpsm.tn.it,nan,nan,1,"

                
Scuola dell'infanzia di Pieve Tesino
            
",/Scuole/Scuola-dell-infanzia-di-Pieve-Tesino2,74
ALESSANDRA POMILIO,nan,nan,Scuola dell'infanzia,nan,nan,"Via Fiera - Creto - Pieve di Bono,
    
9/B -
    
38085    
PIEVE DI BONO-PREZZO",0465-674083,nan,pieve.bono.presidente@fpsm.tn.it,nan,pieve.bono.segretario@fpsm.tn.it,nan,nan,1,"

                
Scuola dell'infanzia di Pieve di Bono
            
",/Scuole/Scuola-dell-infanzia-di-Pieve-di-Bono2,75
FRANCESCA VARESCHI,nan,nan,Scuola dell'infanzia,nan,nan,"Piazza Vittorio Veneto - Pilcante,
    
19 -
    
38061    
ALA",0464-672588,nan,pilcante.presidente@fpsm.tn.it,nan,pilcante.segretario@fpsm.tn.it,nan,nan,1,"

                
Scuola dell'infanzia di Pilcante
            
",/Scuole/Scuola-dell-infanzia-di-Pilcante2,76
ALESSANDRA POMILIO,nan,nan,Scuola dell'infanzia,nan,nan,"Via Al Sole,
    
43 -
    
38086    
PINZOLO",0465-501019,nan,pinzolo.presidente@fpsm.tn.it,nan,pinzolo.segretario@fpsm.tn.it,nan,nan,1,"

                
Scuola dell'infanzia di Pinzolo
            
",/Scuole/Scuola-dell-infanzia-di-Pinzolo2,77
LORENZO SANTORUM,nan,nan,Scuola dell'infanzia,nan,nan,"Via S Giovanni Bosco - Ponte Arche - Bleggio Inferiore,
    
7 -
    
38070    
COMANO TERME",0465-702422,nan,ponte.arche.presidente@fpsm.tn.it,nan,ponte.arche.segretario@fpsm.tn.it,nan,nan,1,"

                
Scuola dell'infanzia di Ponte Arche
            
",/Scuole/Scuola-dell-infanzia-di-Ponte-Arche2,78
IVANA LEONARDELLI,nan,nan,Scuola dell'infanzia,nan,nan,"Via Pante',
    
1 -
    
38123    
TRENTO",0461-810049,nan,povo.presidente@fpsm.tn.it,nan,povo.segretario@fpsm.tn.it,nan,nan,1,"

                
Scuola dell'infanzia di Povo
            
",/Scuole/Scuola-dell-infanzia-di-Povo2,79
ROBERTA MEDEGHINI,nan,nan,Scuola dell'infanzia,nan,nan,"Frazione Vanza,
    
50 -
    
38068    
TRAMBILENO",0464-868074,nan,trambileno.presidente@fpsm.tn.it,nan,trambileno.segretario@fpsm.tn.it,nan,nan,1,"

                
Scuola dell'infanzia di Pozza di Trambileno
            
",/Scuole/Scuola-dell-infanzia-di-Pozza-di-Trambileno2,80
PAMELA TOMASELLI,nan,nan,Scuola dell'infanzia,nan,nan,"Via Pilati,
    
16 -
    
38015    
LAVIS",0461-240394,nan,pressano.presidente@fpsm.tn.it,nan,pressano.segretario@fpsm.tn.it,nan,nan,1,"

                
Scuola dell'infanzia di Pressano
            
",/Scuole/Scuola-dell-infanzia-di-Pressano2,81
LORENZO SANTORUM,nan,nan,Scuola dell'infanzia,nan,nan,"Frazione Larido,
    
10 -
    
38071    
BLEGGIO SUPERIORE",0465-779575,nan,quadra.cavrasto.presidente@fpsm.tn.it,nan,quadra.cavrasto.segretario@fpsm.tn.it,nan,nan,1,"

                
Scuola dell'infanzia di Quadra - Cavrasto
            
",/Scuole/Scuola-dell-infanzia-di-Quadra-Cavrasto2,82
LUISA FONTANARI,nan,nan,Scuola dell'infanzia,nan,nan,"Largo Caduti delle Foibe,
    
2 -
    
38066    
RIVA DEL GARDA",0464-553578,nan,riva.rione.presidente@fpsm.tn.it,nan,riva.rione.segretario@fpsm.tn.it,nan,nan,1,"

                
Scuola dell'infanzia di Riva ""Degasperi""
            
",/Scuole/Scuola-dell-infanzia-di-Riva-Degasperi2,83
LUISA FONTANARI,nan,nan,Scuola dell'infanzia,nan,nan,"Via S Alessandro,
    
10 -
    
38066    
RIVA DEL GARDA",0464-554051,nan,s.alessandro.presidente@fpsm.tn.it,nan,s.alessandro.segretario@fpsm.tn.it,nan,nan,1,"

                
Scuola dell'infanzia di Riva del Garda  ""S. Alessandro""
            
",/Scuole/Scuola-dell-infanzia-di-Riva-del-Garda-S.-Alessandro2,84
PAOLA SANGIORGI,nan,nan,Scuola dell'infanzia,nan,nan,"Via Baldessari,
    
15 -
    
38050    
RONCEGNO TERME",0461-764199,nan,roncegno.presidente@fpsm.tn.it,nan,roncegno.segretario@fpsm.tn.it,nan,nan,1,"

                
Scuola dell'infanzia di Roncegno
            
",/Scuole/Scuola-dell-infanzia-di-Roncegno2,85
PAOLA SANGIORGI,nan,nan,Scuola dell'infanzia,nan,nan,"Via Marchi,
    
14 -
    
38050    
RONCHI VALSUGANA",0461-773197,nan,ronchi.valsugana.presidente@fpsm.tn.it,nan,ronchi.valsugana.segretario@fpsm.tn.it,nan,nan,1,"

                
Scuola dell'infanzia di Ronchi Valsugana
            
",/Scuole/Scuola-dell-infanzia-di-Ronchi-Valsugana2,86
UTE PANCHER,nan,nan,Scuola dell'infanzia,nan,nan,"Via Edison - Taio,
    
3 -
    
38012    
PREDAIA",0463-468269,nan,taio.presidente@fpsm.tn.it,nan,taio.segretario@fpsm.tn.it,nan,nan,1,"

                
Scuola dell'infanzia di Taio
            
",/Scuole/Scuola-dell-infanzia-di-Taio2,87
PAOLA SANGIORGI,nan,nan,Scuola dell'infanzia,nan,nan,"Via Paradiso,
    
1 -
    
38050    
TELVE",0461-766315,nan,telve.presidente@fpsm.tn.it,nan,telve.segretario@fpsm.tn.it,nan,nan,1,"

                
Scuola dell'infanzia di Telve
            
",/Scuole/Scuola-dell-infanzia-di-Telve2,88
LUISA FONTANARI,nan,nan,Scuola dell'infanzia,nan,nan,"Via Brocchetti,
    
53 -
    
38060    
TENNO",0464-503034,nan,tenno.presidente@fpsm.tn.it,nan,tenno.segretario@fpsm.tn.it,nan,nan,1,"

                
Scuola dell'infanzia di Tenno
            
",/Scuole/Scuola-dell-infanzia-di-Tenno2,89
DANIELA DALCASTAGNE',nan,nan,Scuola dell'infanzia,nan,nan,"Via Marconi,
    
8/A -
    
38055    
GRIGNO",0461-769192,nan,tezze.presidente@fpsm.tn.it,nan,tezze.segretario@fpsm.tn.it,nan,nan,1,"

                
Scuola dell'infanzia di Tezze Valsugana
            
",/Scuole/Scuola-dell-infanzia-di-Tezze-Valsugana2,90
DANIELA DALCASTAGNE',nan,nan,Scuola dell'infanzia,nan,nan,"Via Fuganti - Tonadico,
    
8 -
    
38054    
PRIMIERO SAN MARTINO DI CASTROZZA",0439-762062,nan,tonadico.segretario@fpsm.tn.it,nan,tonadico.segretario@fpsm.tn.it,nan,nan,1,"

                
Scuola dell'infanzia di Tonadico
            
",/Scuole/Scuola-dell-infanzia-di-Tonadico2,91
LUISA FONTANARI,nan,nan,Scuola dell'infanzia,nan,nan,"Via Don Davide Gioppi,
    
72 -
    
38069    
NAGO-TORBOLE",0464-505159,nan,torbole.presidente@fpsm.tn.it,nan,torbole.segretario@fpsm.tn.it,nan,nan,1,"

                
Scuola dell'infanzia di Torbole
            
",/Scuole/Scuola-dell-infanzia-di-Torbole2,92
PAOLA SANGIORGI,nan,nan,Scuola dell'infanzia,nan,nan,"Via Della Fontana,
    
15 -
    
38050    
TORCEGNO",0461-760796,nan,torcegno.presidente@fpsm.tn.it,nan,torcegno.segretario@fpsm.tn.it,nan,nan,1,"

                
Scuola dell'infanzia di Torcegno
            
",/Scuole/Scuola-dell-infanzia-di-Torcegno2,93
DANIELA DALCASTAGNE',nan,nan,Scuola dell'infanzia,nan,nan,"Piazza Municipio - Transacqua,
    
11 -
    
38054    
PRIMIERO SAN MARTINO DI CASTROZZA",0439-62313,nan,transacqua.presidente@fpsm.tn.it,nan,transacqua.segretario@fpsm.tn.it,nan,nan,1,"

                
Scuola dell'infanzia di Transacqua
            
",/Scuole/Scuola-dell-infanzia-di-Transacqua2,94
SANDRA CIAPPI,nan,nan,Scuola dell'infanzia,nan,nan,"Via Asilo Pedrotti,
    
2 -
    
38122    
TRENTO",0461-914039,nan,trento.pedrotti.presidente@fpsm.tn.it,nan,trento.pedrotti.segretario@fpsm.tn.it,nan,nan,1,"

                
Scuola dell'infanzia di Trento  ""Pedrotti""
            
",/Scuole/Scuola-dell-infanzia-di-Trento-Pedrotti2,95
IVANA LEONARDELLI,nan,nan,Scuola dell'infanzia,nan,nan,"Via Dei Paradisi,
    
4 -
    
38122    
TRENTO",0461-1482248,nan,trento.canossiane.segretario@fpsm.tn.it,nan,trento.canossiane.segretario@fpsm.tn.it,nan,nan,1,"

                
Scuola dell'infanzia di Trento  Canossiane
            
",/Scuole/Scuola-dell-infanzia-di-Trento-Canossiane2,96
SANDRA CIAPPI,nan,nan,Scuola dell'infanzia,nan,nan,"Viale Dei Tigli,
    
9/1 -
    
38123    
TRENTO",0461-924555,nan,trento.s.bartolomeo.segretario@fpsm.tn.it,nan,trento.s.bartolomeo.segretario@fpsm.tn.it,nan,nan,1,"

                
Scuola dell'infanzia di Trento  S. Bartolomeo
            
",/Scuole/Scuola-dell-infanzia-di-Trento-S.-Bartolomeo2,97
IVANA LEONARDELLI,ANDREA VALERIO,nan,Scuola dell'infanzia,nan,nan,"Via Kofler,
    
10 -
    
38121    
TRENTO",+39 0461 235069,+39 0461 983903,cognola.segretario@fpsm.tn.it,nan,cognola.segretario@fpsm.tn.it,nan,nan,1,"

                
Scuola dell'infanzia di Trento Cognola  ""B. Kofler""
            
",/Scuole/Scuola-dell-infanzia-di-Trento-Cognola-B.-Kofler2,98
SANDRA CIAPPI,nan,nan,Scuola dell'infanzia,nan,nan,"Via Einaudi,
    
66 -
    
38123    
TRENTO",0461-923464,nan,trento.clarina.presidente@fpsm.tn.it,nan,trento.clarina.segretario@fpsm.tn.it,nan,nan,1,"

                
Scuola dell'infanzia di Trento La Clarina
            
",/Scuole/Scuola-dell-infanzia-di-Trento-La-Clarina2,99
IVANA LEONARDELLI,ANDREA VALERIO,nan,Scuola dell'infanzia,nan,nan,"Via per Cognola,
    
43 -
    
38122    
TRENTO",+39 0461 260977,+39 0461 983903,cognola.segretario@fpsm.tn.it,nan,trento.san.dona.segretario@fpsm.tn.it,nan,nan,1,"

                
Scuola dell'infanzia di Trento San Donà ""B. Kofler""
            
",/Scuole/Scuola-dell-infanzia-di-Trento-San-Dona-B.-Kofler2,100
UTE PANCHER,nan,nan,Scuola dell'infanzia,nan,nan,"Via Marconi - Tuenno,
    
2 -
    
38019    
VILLE D'ANAUNIA",0463-451238,nan,tuenno.presidente@fpsm.tn.it,nan,tuenno.segretario@fpsm.tn.it,nan,nan,1,"

                
Scuola dell'infanzia di Tuenno
            
",/Scuole/Scuola-dell-infanzia-di-Tuenno2,101
LUISA FONTANARI,nan,nan,Scuola dell'infanzia,nan,nan,"Via Sega,
    
5 -
    
38066    
RIVA DEL GARDA",0464-521350,nan,varone.presidente@fpsm.tn.it,nan,varone.segretario@fpsm.tn.it,nan,nan,1,"

                
Scuola dell'infanzia di Varone
            
",/Scuole/Scuola-dell-infanzia-di-Varone2,102
ROBERTA BERTOLAS,nan,nan,Scuola dell'infanzia,nan,nan,"Via di S Pietro,
    
26 -
    
38029    
VERMIGLIO",0463-758141,nan,vermiglio.presidente@fpsm.tn.it,nan,vermiglio.segretario@fpsm.tn.it,nan,nan,1,"

                
Scuola dell'infanzia di Vermiglio
            
",/Scuole/Scuola-dell-infanzia-di-Vermiglio2,103
SANDRA CIAPPI,nan,nan,Scuola dell'infanzia,nan,nan,"Via Dante - Vezzano,
    
24 -
    
38070    
VALLELAGHI",0461-864918,nan,vezzano.presidente@fpsm.tn.it,nan,vezzano.segretario@fpsm.tn.it,nan,nan,1,"

                
Scuola dell'infanzia di Vezzano
            
",/Scuole/Scuola-dell-infanzia-di-Vezzano2,104
GIANNA ANGELI,nan,nan,Scuola dell'infanzia,nan,nan,"Via Scuola Materna,
    
1 -
    
38073    
CAVEDINE",0461-566061,nan,vigo.cavedine.presidente@fpsm.tn.it,nan,vigo.cavedine.segretario@fpsm.tn.it,nan,nan,1,"

                
Scuola dell'infanzia di Vigo Cavedine
            
",/Scuole/Scuola-dell-infanzia-di-Vigo-Cavedine2,105
CARMEN FATTORI,nan,nan,Scuola dell'infanzia,nan,nan,"Via Madonna Dei Prati,
    
3 -
    
38121    
TRENTO",0461-448252,nan,vigo.meano.contabile@fpsm.tn.it,nan,vigo.meano.segretario@fpsm.tn.it,nan,nan,1,"

                
Scuola dell'infanzia di Vigo Cortesano
            
",/Scuole/Scuola-dell-infanzia-di-Vigo-Cortesano2,106
LORENZO SANTORUM,nan,nan,Scuola dell'infanzia,nan,nan,"Frazione Vigo Lomaso - Lomaso,
    
1 -
    
38070    
COMANO TERME",0465-701249,nan,vigo.lomaso.presidente@fpsm.tn.it,nan,vigo.lomaso.segretario@fpsm.tn.it,nan,nan,1,"

                
Scuola dell'infanzia di Vigo Lomaso
            
",/Scuole/Scuola-dell-infanzia-di-Vigo-Lomaso2,107
CARMEN FATTORI,nan,nan,Scuola dell'infanzia,nan,nan,"Via del Loghét,
    
69 -
    
38121    
TRENTO",0461-990050,nan,ghiaie.segretario@fpsm.tn.it,nan,ghiaie.segretario@fpsm.tn.it,nan,nan,1,"

                
Scuola dell'infanzia di Ghiaie di Gardolo
            
",/Scuole/Scuola-dell-infanzia-di-Ghiaie-di-Gardolo2,108
DANIELA DALCASTAGNE',nan,nan,Scuola dell'infanzia,nan,nan,"Via Nazario Sauro,
    
25 -
    
38055    
GRIGNO",0461-765333,nan,grigno.presidente@fpsm.tn.it,nan,grigno.segretario@fpsm.tn.it,nan,nan,1,"

                
Scuola dell'infanzia di Grigno
            
",/Scuole/Scuola-dell-infanzia-di-Grigno2,109
MARIANGELA SIMONCINI,nan,nan,Scuola dell'infanzia,nan,nan,"Piazza delle Nogare,
    
2 -
    
38057    
PERGINE VALSUGANA",0461-532285,nan,ischia.presidente@fpsm.tn.it,nan,ischia.segretario@fpsm.tn.it,nan,nan,1,"

                
Scuola dell'infanzia di Ischia di Pergine
            
",/Scuole/Scuola-dell-infanzia-di-Ischia-di-Pergine2,110
PAMELA TOMASELLI,nan,nan,Scuola dell'infanzia,nan,nan,"Via S Rocco,
    
14 -
    
38040    
LONA-LASES",0461-697101,nan,lona.presidente@fpsm.tn.it,nan,lona.segretario@fpsm.tn.it,nan,nan,1,"

                
Scuola dell'infanzia di Lona
            
",/Scuole/Scuola-dell-infanzia-di-Lona2,111
ALESSANDRA POMILIO,GIORGIO FERRARI,nan,Scuola dell'infanzia,nan,nan,"Via Serafini - Madonna di Campiglio,
    
13 -
    
38070    
TRE VILLE",0465-442779,+39 0465 442779,madonna.campiglio.segretario@fpsm.tn.it,nan,madonna.campiglio.segretario@fpsm.tn.it,nan,nan,1,"

                
Scuola dell'infanzia di Madonna di Campiglio
            
",/Scuole/Scuola-dell-infanzia-di-Madonna-di-Campiglio2,112
MARIANGELA SIMONCINI,nan,nan,Scuola dell'infanzia,nan,nan,"Via D Oltrefersina,
    
54 -
    
38057    
PERGINE VALSUGANA",0461-552109,nan,madrano.segretario@fpsm.tn.it,nan,madrano.segretario@fpsm.tn.it,nan,nan,1,"

                
Scuola dell'infanzia di Madrano
            
",/Scuole/Scuola-dell-infanzia-di-Madrano2,113
ROBERTA BERTOLAS,nan,nan,Scuola dell'infanzia,nan,nan,"Via Don Rauzi,
    
6 -
    
38027    
MALE'",0463-901925,nan,male.presidente@fpsm.tn.it,nan,male.segretario@fpsm.tn.it,nan,nan,1,"

                
Scuola dell'infanzia di Malè
            
",/Scuole/Scuola-dell-infanzia-di-Male2,114
PAOLA SANGIORGI,nan,nan,Scuola dell'infanzia,nan,nan,"Piazza S Margherita,
    
2 -
    
38050    
RONCEGNO TERME",0461-764505,nan,marter.segretario@fpsm.tn.it,nan,marter.segretario@fpsm.tn.it,nan,nan,1,"

                
Scuola dell'infanzia di Marter
            
",/Scuole/Scuola-dell-infanzia-di-Marter2,115
CARMEN FATTORI,nan,nan,Scuola dell'infanzia,nan,nan,"Via Sabbionare,
    
3 -
    
38121    
TRENTO",0461-820233,nan,martignano.segretario@fpsm.tn.it,nan,martignano.segretario@fpsm.tn.it,nan,nan,1,"

                
Scuola dell'infanzia di Martignano ""D. Leone Serafini""
            
",/Scuole/Scuola-dell-infanzia-di-Martignano-D.-Leone-Serafini2,116
GIANNA ANGELI,nan,nan,Scuola dell'infanzia,nan,nan,"Via Maffei - San Martino,
    
2 -
    
38062    
ARCO",0464-517719,nan,massone.presidente@fpsm.tn.it,nan,massone.segretario@fpsm.tn.it,nan,nan,1,"

                
Scuola dell'infanzia di Massone
            
",/Scuole/Scuola-dell-infanzia-di-Massone2,117
ILARIA MANCINI,nan,nan,Scuola dell'infanzia,nan,nan,"Via Don Luigi Borghesi,
    
35 -
    
38023    
CLES",0463-421247,nan,mechel.presidente@fpsm.tn.it,nan,mechel.segretario@fpsm.tn.it,nan,nan,1,"

                
Scuola dell'infanzia di Mechel
            
",/Scuole/Scuola-dell-infanzia-di-Mechel2,118
DANIELA DALCASTAGNE',nan,nan,Scuola dell'infanzia,nan,nan,"Via IV Novembre,
    
16 -
    
38050    
MEZZANO",0439-67027,nan,mezzano.contabile@fpsm.tn.it,nan,mezzano.segretario@fpsm.tn.it,nan,nan,1,"

                
Scuola dell'infanzia di Mezzano
            
",/Scuole/Scuola-dell-infanzia-di-Mezzano2,119
ELENA RICCI,nan,nan,Scuola dell'infanzia,nan,nan,"Via S Giovanni Bosco,
    
4 -
    
38016    
MEZZOCORONA",0461-603933,nan,mezzocorona.presidente@fpsm.tn.it,nan,mezzocorona.segretario@fpsm.tn.it,nan,nan,1,"

                
Scuola dell'infanzia di Mezzocorona
            
",/Scuole/Scuola-dell-infanzia-di-Mezzocorona2,120
ELENA RICCI,nan,nan,Scuola dell'infanzia,nan,nan,"Corso del Popolo,
    
34/B -
    
38017    
MEZZOLOMBARDO",0461-601324,nan,mezzolombardo.presidente@fpsm.tn.it,nan,mezzolombardo.segretario@fpsm.tn.it,nan,nan,1,"

                
Scuola dell'infanzia di Mezzolombardo
            
",/Scuole/Scuola-dell-infanzia-di-Mezzolombardo2,121
SARA DE ZOLT,nan,nan,Scuola dell'infanzia,nan,nan,"Strada don Giovanni Jori,
    
10 -
    
38035    
MOENA - MOENA",0462-573277,nan,moena.presidente@fpsm.tn.it,nan,moena.segretario@fpsm.tn.it,nan,nan,1,"

                
Scuola dell'infanzia di Moena
            
",/Scuole/Scuola-dell-infanzia-di-Moena2,122
LUISA FONTANARI,nan,nan,Scuola dell'infanzia,nan,nan,"Via Sartori - Molina di Ledro,
    
25 -
    
38067    
LEDRO",0464-508477,nan,molina.ledro.presidente@fpsm.tn.it,nan,molina.ledro.segretario@fpsm.tn.it,nan,nan,1,"

                
Scuola dell'infanzia di Molina di Ledro
            
",/Scuole/Scuola-dell-infanzia-di-Molina-di-Ledro2,123
UTE PANCHER,nan,nan,Scuola dell'infanzia,nan,nan,"Via Della Pausa - Mollaro,
    
1 -
    
38012    
PREDAIA",0463-469224,nan,mollaro.contabile@fpsm.tn.it,nan,mollaro.segretario@fpsm.tn.it,nan,nan,1,"

                
Scuola dell'infanzia di Mollaro
            
",/Scuole/Scuola-dell-infanzia-di-Mollaro2,124
ELENA RICCI,nan,nan,Scuola dell'infanzia,nan,nan,"Piazza S Carlo,
    
20 -
    
38018    
MOLVENO",0461-586969,nan,molveno.presidente@fpsm.tn.it,nan,molveno.segretario@fpsm.tn.it,nan,nan,1,"

                
Scuola dell'infanzia di Molveno
            
",/Scuole/Scuola-dell-infanzia-di-Molveno2,125
PAMELA TOMASELLI,nan,nan,Scuola dell'infanzia,nan,nan,"Via Capitano Santuari,
    
1 -
    
38048    
SOVER",0461-698351,nan,sover.presidente@fpsm.tn.it,nan,sover.segretario@fpsm.tn.it,nan,nan,1,"

                
Scuola dell'infanzia di Montesover
            
",/Scuole/Scuola-dell-infanzia-di-Montesover2,126
SILVANO MEDVES,nan,nan,Scuola dell'infanzia,nan,nan,"Via Scuole,
    
3 -
    
38065    
MORI",0464-918156,nan,mori.segretario@fpsm.tn.it,nan,mori.segretario@fpsm.tn.it,nan,nan,1,"

                
Scuola dell'infanzia di Mori
            
",/Scuole/Scuola-dell-infanzia-di-Mori2,127
LUISA FONTANARI,MORENO MURANO,nan,Scuola dell'infanzia,nan,nan,"Localita Tezze - Nago,
     -
    
38069    
NAGO-TORBOLE",0464-506097,nan,nago.segretario@fpsm.tn.it,nan,nago.segretario@fpsm.tn.it,nan,nan,1,"

                
Scuola dell'infanzia di Nago
            
",/Scuole/Scuola-dell-infanzia-di-Nago2,128
SILVANO MEDVES,nan,nan,Scuola dell'infanzia,nan,nan,"Via Del Car,
    
40 -
    
38060    
RONZO-CHIENIS",0464-802944,nan,ronzo.chienis.presidente@fpsm.tn.it,nan,ronzo.chienis.segretario@fpsm.tn.it,nan,nan,1,"

                
Scuola dell'infanzia di Ronzo-Chienis
            
",/Scuole/Scuola-dell-infanzia-di-Ronzo-Chienis2,129
nan,GIORGIO RELLA,nan,Scuola dell'infanzia,nan,nan,"Via S Maria,
    
58 -
    
38068    
ROVERETO",0464-420061,nan,asilovannetti@pec.it,nan,asilovannetti@gmail.com,nan,nan,1,"

                
Scuola dell'infanzia di Rovereto  ""Clementino Vannetti""
            
",/Scuole/Scuola-dell-infanzia-di-Rovereto-Clementino-Vannetti2,130
ROBERTA MEDEGHINI,nan,nan,Scuola dell'infanzia,nan,nan,"Corso Rosmini,
    
3 -
    
38068    
ROVERETO",0464-421541,nan,rovereto.rosmini.presidente@fpsm.tn.it,nan,rovereto.rosmini.segretario@fpsm.tn.it,nan,nan,1,"

                
Scuola dell'infanzia di Rovereto ""Rosmini""
            
",/Scuole/Scuola-dell-infanzia-di-Rovereto-Rosmini2,131
LORENZO SANTORUM,nan,nan,Scuola dell'infanzia,nan,nan,"Frazione Santa Croce di Bleggio Inferiore,
    
7 -
    
38070    
COMANO TERME",0465-779900,nan,s.croce.presidente@fpsm.tn.it,nan,s.croce.segretario@fpsm.tn.it,nan,nan,1,"

                
Scuola dell'infanzia di S. Croce Bleggio
            
",/Scuole/Scuola-dell-infanzia-di-S.-Croce-Bleggio2,132
LORENZO SANTORUM,nan,nan,Scuola dell'infanzia,nan,nan,"Strada del Toat - San Lorenzo,
    
4 -
    
38078    
SAN LORENZO DORSINO",0465-734005,nan,san.lorenzo.banale.segretario@fpsm.tn.it,nan,san.lorenzo.banale.segretario@fpsm.tn.it,nan,nan,1,"

                
Scuola dell'infanzia di S. Lorenzo in Banale
            
",/Scuole/Scuola-dell-infanzia-di-S.-Lorenzo-in-Banale2,133
FRANCESCA VARESCHI,nan,nan,Scuola dell'infanzia,nan,nan,"Via Gazzoletti - Santa Margherita,
    
35 -
    
38061    
ALA",0464-696494,nan,s.margherita.presidente@fpsm.tn.it,nan,s.margherita.segretario@fpsm.tn.it,nan,nan,1,"

                
Scuola dell'infanzia di S. Margherita di Ala
            
",/Scuole/Scuola-dell-infanzia-di-S.-Margherita-di-Ala2,134
FRANCESCA VARESCHI,nan,nan,Scuola dell'infanzia,nan,nan,"Piazza Conciliazione,
    
3/B -
    
38063    
AVIO",0464-683225,nan,sabbionara.presidente@fpsm.tn.it,nan,sabbionara.segretario@fpsm.tn.it,nan,nan,1,"

                
Scuola dell'infanzia di Sabbionara
            
",/Scuole/Scuola-dell-infanzia-di-Sabbionara2,135
DANIELA DALCASTAGNE',nan,nan,Scuola dell'infanzia,nan,nan,"Via Laghetto - San Martino Di Castrozza,
    
30 -
    
38054    
PRIMIERO SAN MARTINO DI CASTROZZA",0439-768666,nan,s.martino.castrozza.presidente@fpsm.tn.it,nan,s.martino.castrozza.segretario@fpsm.tn.it,nan,nan,1,"

                
Scuola dell'infanzia di San Martino di C.
            
",/Scuole/Scuola-dell-infanzia-di-San-Martino-di-C2,136
GIANNA ANGELI,nan,nan,Scuola dell'infanzia,nan,nan,"Via Caffaro - Sarche - Calavino,
    
6 -
    
38076    
MADRUZZO",0461-564028,nan,sarche.presidente@fpsm.tn.it,nan,sarche.segretario@fpsm.tn.it,nan,nan,1,"

                
Scuola dell'infanzia di Sarche
            
",/Scuole/Scuola-dell-infanzia-di-Sarche2,137
PAOLA SANGIORGI,nan,nan,Scuola dell'infanzia,nan,nan,"Via Visintainer,
    
15 -
    
38050    
SCURELLE",0461-762268,nan,scurelle.presidente@fpsm.tn.it,nan,scurelle.segretario@fpsm.tn.it,nan,nan,1,"

                
Scuola dell'infanzia di Scurelle
            
",/Scuole/Scuola-dell-infanzia-di-Scurelle2,138
UTE PANCHER,nan,nan,Scuola dell'infanzia,nan,nan,"Via Sonora - Segno - Taio,
    
18 -
    
38012    
PREDAIA",0463-468064,nan,segno.presidente@fpsm.tn.it,nan,segno.segretario@fpsm.tn.it,nan,nan,1,"

                
Scuola dell'infanzia di Segno
            
",/Scuole/Scuola-dell-infanzia-di-Segno2,139
PAMELA TOMASELLI,nan,nan,Scuola dell'infanzia,nan,nan,"Frazione Stedro,
    
80 -
    
38047    
SEGONZANO",327-3311981,nan,segonzano.presidente@fpsm.tn.it,nan,segonzano.segretario@fpsm.tn.it,nan,nan,1,"

                
Scuola dell'infanzia di Segonzano
            
",/Scuole/Scuola-dell-infanzia-di-Segonzano2,140
FRANCESCA VARESCHI,nan,nan,Scuola dell'infanzia,nan,nan,"Via Ingenger Tomasi - Serravalle,
    
5 -
    
38061    
ALA",0464-696304,nan,serravalle.presidente@fpsm.tn.it,nan,serravalle.segretario@fpsm.tn.it,nan,nan,1,"

                
Scuola dell'infanzia di Serravalle
            
",/Scuole/Scuola-dell-infanzia-di-Serravalle2,141
DANIELA DALCASTAGNE',nan,nan,Scuola dell'infanzia,nan,nan,"Via Asilo - Siror,
    
1 -
    
38054    
PRIMIERO SAN MARTINO DI CASTROZZA",0439-62790,nan,siror.presidente@fpsm.tn.it,nan,siror.segretario@fpsm.tn.it,nan,nan,1,"

                
Scuola dell'infanzia di Siror
            
",/Scuole/Scuola-dell-infanzia-di-Siror2,142
ILARIA MANCINI,nan,nan,Scuola dell'infanzia,nan,nan,"Via Torre - Smarano,
    
6 -
    
38012    
PREDAIA",0463-536702,nan,smarano.presidente@fpsm.tn.it,nan,smarano.segretario@fpsm.tn.it,nan,nan,1,"

                
Scuola dell'infanzia di Smarano
            
",/Scuole/Scuola-dell-infanzia-di-Smarano2,143
CARMEN FATTORI,nan,nan,Scuola dell'infanzia,nan,nan,"Via Canelli - Sopramonte,
    
5 -
    
38123    
TRENTO",0461-867021,nan,sopramonte.presidente@fpsm.tn.it,nan,sopramonte.segretario@fpsm.tn.it,nan,nan,1,"

                
Scuola dell'infanzia di Sopramonte
            
",/Scuole/Scuola-dell-infanzia-di-Sopramonte2,144
ALESSANDRA POMILIO,nan,nan,Scuola dell'infanzia,nan,nan,"Via S Vigilio,
    
5 -
    
38088    
SPIAZZO",0465-801326,nan,spiazzo.rendena.contabile@fpsm.tn.it,nan,spiazzo.rendena.segretario@fpsm.tn.it,nan,nan,1,"

                
Scuola dell'infanzia di Spiazzo Rendena
            
",/Scuole/Scuola-dell-infanzia-di-Spiazzo-Rendena2,145
UTE PANCHER,nan,nan,Scuola dell'infanzia,nan,nan,"Via dell Asilo,
    
2 -
    
38010    
SPORMAGGIORE",0461-653390,nan,spormaggiore.contabile@fpsm.tn.it,nan,spormaggiore.segretario@fpsm.tn.it,nan,nan,1,"

                
Scuola dell'infanzia di Spormaggiore
            
",/Scuole/Scuola-dell-infanzia-di-Spormaggiore2,146
LORENZO SANTORUM,nan,nan,Scuola dell'infanzia,nan,nan,"Piazza Dante,
    
15 -
    
38070    
STENICO",0465-771019,nan,stenico.presidente@fpsm.tn.it,nan,stenico.segretario@fpsm.tn.it,nan,nan,1,"

                
Scuola dell'infanzia di Stenico
            
",/Scuole/Scuola-dell-infanzia-di-Stenico2,147
ALESSANDRA POMILIO,nan,nan,Scuola dell'infanzia,nan,nan,"Via S Floriano,
    
22 -
    
38089    
STORO",0465-296084,nan,storo.presidente@fpsm.tn.it,nan,storo.segretario@fpsm.tn.it,nan,nan,1,"

                
Scuola dell'infanzia di Storo
            
",/Scuole/Scuola-dell-infanzia-di-Storo2,148
DANIELA DALCASTAGNE',nan,nan,Scuola dell'infanzia,nan,nan,"Piazza IV Novembre - Strigno,
    
11 -
    
38059    
CASTEL IVANO",0461-762327,nan,strigno.presidente@fpsm.tn.it,nan,strigno.segretario@fpsm.tn.it,nan,nan,1,"

                
Scuola dell'infanzia di Strigno
            
",/Scuole/Scuola-dell-infanzia-di-Strigno2,149
MARIANGELA SIMONCINI,nan,nan,Scuola dell'infanzia,nan,nan,"Via Dell Asilo,
    
5 -
    
38057    
PERGINE VALSUGANA",0461-538471,nan,susa.presidente@fpsm.tn.it,nan,susa.segretario@fpsm.tn.it,nan,nan,1,"

                
Scuola dell'infanzia di Susà
            
",/Scuole/Scuola-dell-infanzia-di-Susa2,150
ALESSANDRA POMILIO,nan,nan,Scuola dell'infanzia,nan,nan,"Viale Trento,
    
4 -
    
38080    
CARISOLO",0465-501433,nan,carisolo.presidente@fpsm.tn.it,nan,carisolo.segretario@fpsm.tn.it,nan,nan,1,"

                
Scuola dell'infanzia di Carisolo
            
",/Scuole/Scuola-dell-infanzia-di-Carisolo2,151
ILARIA MANCINI,nan,nan,Scuola dell'infanzia,nan,nan,"Via della Pontara - Casez,
    
10 -
    
38010    
SANZENO",0463-434219,nan,casez.presidente@fpsm.tn.it,nan,casez.segretario@fpsm.tn.it,nan,nan,1,"

                
Scuola dell'infanzia di Casez
            
",/Scuole/Scuola-dell-infanzia-di-Casez2,152
ROBERTA MEDEGHINI,nan,nan,Scuola dell'infanzia,nan,nan,"Via Caduti,
    
1 -
    
38060    
VILLA LAGARINA",0464-801242,nan,castellano.presidente@fpsm.tn.it,nan,castellano.segretario@fpsm.tn.it,nan,nan,1,"

                
Scuola dell'infanzia di Castellano
            
",/Scuole/Scuola-dell-infanzia-di-Castellano2,153
TIZIANA CEOL,nan,nan,Scuola dell'infanzia,nan,nan,"Via Latemar,
    
2 -
    
38030    
CASTELLO-MOLINA DI FIEMME",0462-341153,nan,castello.fiemme.segretario@fpsm.tn.it,nan,castello.fiemme.segretario@fpsm.tn.it,nan,nan,1,"

                
Scuola dell'infanzia di Castello Di Fiemme
            
",/Scuole/Scuola-dell-infanzia-di-Castello-Di-Fiemme2,154
GIANNA ANGELI,nan,nan,Scuola dell'infanzia,nan,nan,"Via IV Novembre,
    
19 -
    
38073    
CAVEDINE",0461-568548,nan,cavedine.presidente@fpsm.tn.it,nan,cavedine.segretario@fpsm.tn.it,nan,nan,1,"

                
Scuola dell'infanzia di Cavedine
            
",/Scuole/Scuola-dell-infanzia-di-Cavedine2,155
PAMELA TOMASELLI,nan,nan,Scuola dell'infanzia,nan,nan,"Piazza Zanotelli - Cembra,
    
1 -
    
38034    
CEMBRA LISIGNAGO",0461-680173,nan,cembra.presidente@fpsm.tn.it,nan,cembra.segretario@fpsm.tn.it,nan,nan,1,"

                
Scuola dell'infanzia di Cembra
            
",/Scuole/Scuola-dell-infanzia-di-Cembra2,156
FRANCESCA VARESCHI,nan,nan,Scuola dell'infanzia,nan,nan,"Via Canestrini - Chizzola,
    
1 -
    
38061    
ALA",0464-696397,nan,chizzola.presidente@fpsm.tn.it,nan,chizzola.segretario@fpsm.tn.it,nan,nan,1,"

                
Scuola dell'infanzia di Chizzola
            
",/Scuole/Scuola-dell-infanzia-di-Chizzola2,157
ILARIA MANCINI,nan,nan,Scuola dell'infanzia,nan,nan,"Via Mattioli,
    
13 -
    
38023    
CLES",0463-625164,nan,cles.presidente@fpsm.tn.it,nan,cles.segretario@fpsm.tn.it,nan,nan,1,"

                
Scuola dell'infanzia di Cles
            
",/Scuole/Scuola-dell-infanzia-di-Cles2,158
ILARIA MANCINI,nan,nan,Scuola dell'infanzia,nan,nan,"Via di S Stefano,
    
2/A -
    
38028    
NOVELLA",0463-1980632,nan,cloz.brez.presidente@fpsm.tn.it,nan,cloz.brez.segretario@fpsm.tn.it,nan,nan,1,"

                
Scuola dell'infanzia di Cloz e Brez
            
",/Scuole/Scuola-dell-infanzia-di-Cloz-e-Brez2,159
ALESSANDRA POMILIO,nan,nan,Scuola dell'infanzia,nan,nan,"Via Roma - Condino,
    
37 -
    
38083    
BORGO CHIESE",0465-621009,nan,condino.presidente@fpsm.tn.it,nan,condino.segretario@fpsm.tn.it,nan,nan,1,"

                
Scuola dell'infanzia di Condino
            
",/Scuole/Scuola-dell-infanzia-di-Condino2,160
ILARIA MANCINI,nan,nan,Scuola dell'infanzia,nan,nan,"Via delle antiche fontane - Coredo,
    
20 -
    
38012    
PREDAIA",0463-536416,nan,coredo.segretario@fpsm.tn.it,nan,coredo.segretario@fpsm.tn.it,nan,nan,1,"

                
Scuola dell'infanzia di Coredo
            
",/Scuole/Scuola-dell-infanzia-di-Coredo2,161
CARMEN FATTORI,nan,nan,Scuola dell'infanzia,nan,nan,"Via Bresadola,
    
6 -
    
38121    
TRENTO",0461-823359,nan,trento.cristore.segretario@fpsm.tn.it,nan,trento.cristore.segretario@fpsm.tn.it,nan,nan,1,"

                
Scuola dell'infanzia di Cristo Re -Trento
            
",/Scuole/Scuola-dell-infanzia-di-Cristo-Re-Trento2,162
SILVANO MEDVES,nan,nan,Scuola dell'infanzia,nan,nan,"Via S Biagio,
    
30 -
    
38060    
BRENTONICO",0464-395693,nan,crosano.segretario@fpsm.tn.it,nan,crosano.segretario@fpsm.tn.it,nan,nan,1,"

                
Scuola dell'infanzia di Crosano
            
",/Scuole/Scuola-dell-infanzia-di-Crosano2,163
ILARIA MANCINI,nan,nan,Scuola dell'infanzia,nan,nan,"Via Garibaldi,
    
33 -
    
38010    
DAMBEL",0463-437181,nan,dambel.presidente@fpsm.tn.it,nan,dambel.segretario@fpsm.tn.it,nan,nan,1,"

                
Scuola dell'infanzia di Dambel
            
",/Scuole/Scuola-dell-infanzia-di-Dambel2,164
ROBERTA BERTOLAS,nan,nan,Scuola dell'infanzia,nan,nan,"Via Alla Chiesa - Dimaro,
    
26 -
    
38025    
DIMARO FOLGARIDA",0463-974301,nan,dimaro.contabile@fpsm.tn.it,nan,dimaro.segretario@fpsm.tn.it,nan,nan,1,"

                
Scuola dell'infanzia di Dimaro
            
",/Scuole/Scuola-dell-infanzia-di-Dimaro2,165
PAMELA TOMASELLI,nan,nan,Scuola dell'infanzia,nan,nan,"Via Perlaia - Faver,
    
17 -
    
38030    
ALTAVALLE",+39 328 7310914,nan,faver.presidente@fpsm.tn.it,nan,faver.segretario@fpsm.tn.it,nan,nan,1,"

                
Scuola dell'infanzia di Faver
            
",/Scuole/Scuola-dell-infanzia-di-Faver2,166
LORENZO SANTORUM,nan,nan,Scuola dell'infanzia,nan,nan,"Piazza S Sebastiano,
    
24 -
    
38075    
FIAVE'",0465-735129,nan,fiave.contabile@fpsm.tn.it,nan,fiave.segretario@fpsm.tn.it,nan,nan,1,"

                
Scuola dell'infanzia di Fiavè
            
",/Scuole/Scuola-dell-infanzia-di-Fiave2,167
DANIELA DALCASTAGNE',nan,nan,Scuola dell'infanzia,nan,nan,"Viale Marconi - Pieve,
    
1 -
    
38054    
PRIMIERO SAN MARTINO DI CASTROZZA",0439-762196,0439764911,fiera.presidente@fpsm.tn.it,nan,fiera.segretario@fpsm.tn.it,nan,nan,1,"

                
Scuola dell'infanzia di Fiera di Primiero
            
",/Scuole/Scuola-dell-infanzia-di-Fiera-di-Primiero2,168
ILARIA MANCINI,nan,nan,Scuola dell'infanzia,nan,nan,"Piazza Don Stefenelli - Fondo,
    
5 -
    
38020    
BORGO D'ANAUNIA",0463-831254,nan,fondo.contabile@fpsm.tn.it,nan,fondo.segretario@fpsm.tn.it,nan,nan,1,"

                
Scuola dell'infanzia di Fondo
            
",/Scuole/Scuola-dell-infanzia-di-Fondo2,169
MARIANGELA SIMONCINI,nan,nan,Scuola dell'infanzia,nan,nan,"Via Del Borgolet,
    
16 -
    
38040    
FORNACE",0461-849351,nan,fornace.presidente@fpsm.tn.it,nan,fornace.segretario@fpsm.tn.it,nan,nan,1,"

                
Scuola dell'infanzia di Fornace
            
",/Scuole/Scuola-dell-infanzia-di-Fornace2,170
CARMEN FATTORI,nan,nan,Scuola dell'infanzia,nan,nan,"Via S Anna,
    
9 -
    
38121    
TRENTO",0461-990296,nan,gardolo.segretario@fpsm.tn.it,nan,gardolo.segretario@fpsm.tn.it,nan,nan,1,"

                
Scuola dell'infanzia di Gardolo
            
",/Scuole/Scuola-dell-infanzia-di-Gardolo2,171
nan,nan,nan,Istituzione scolastica e formativa,CHIARA GHETTA,nan,"Corso Buonarroti,
    
50 -
    
38122    
TRENTO",+39 0461 236214,+39 0461 230583,ic.trento6@pec.provincia.tn.it,dir.ic.tn6@scuole.provincia.tn.it,segr.ic.tn6@scuole.provincia.tn.it,http://www.ictrento6.it,TNIC85800A,7,"

                
ISTITUTO COMPRENSIVO TRENTO 6
            
",/Scuole/ISTITUTO-COMPRENSIVO-TRENTO-62,172
nan,nan,nan,Istituzione scolastica e formativa,GIUSEPPE PRIGIOTTI,nan,"Viale Della Pace,
    
10 -
    
38086    
PINZOLO",+39 0465 501139,+39 0465 512119,ic.valrendena@pec.provincia.tn.it,dir.ic.valrendena@scuole.provincia.tn.it,segr.ic.valrendena@scuole.provincia.tn.it,http://www.icvalrendena.it,TNIC83400T,10,"

                
ISTITUTO COMPRENSIVO VAL RENDENA
            
",/Scuole/ISTITUTO-COMPRENSIVO-VAL-RENDENA2,173
nan,nan,nan,Istituzione scolastica e formativa,SARA TURRINI,nan,"Via Roma - Vezzano,
    
3 -
    
38070    
VALLELAGHI",+39 0461 864026,+39 0461 340648,ic.valledeilaghi@pec.provincia.tn.it,dir.ic.valledeilaghi@scuole.provincia.tn.it,segr.ic.valledeilaghi@scuole.provincia.tn.it,http://www.icvalledeilaghidro.it,TNIC84400C,11,"

                
ISTITUTO COMPRENSIVO VALLE DEI LAGHI - DRO
            
",/Scuole/ISTITUTO-COMPRENSIVO-VALLE-DEI-LAGHI-DRO2,174
nan,nan,nan,Istituzione scolastica e formativa,PAOLA MARONI,nan,"Via Falcone e Borsellino - Bezzecca,
    
2 -
    
38067    
LEDRO",+39 0464 592800,+39 0464 592819,ic.vallediledro@pec.provincia.tn.it,dir.ic.bezzecca@scuole.provincia.tn.it,segr.ic.bezzecca@scuole.provincia.tn.it,http://www.icvallediledro.it,TNIC80600N,4,"

                
ISTITUTO COMPRENSIVO VALLE DI LEDRO
            
",/Scuole/ISTITUTO-COMPRENSIVO-VALLE-DI-LEDRO2,175
nan,nan,nan,Istituzione scolastica e formativa,GABRIELLA VITALE,nan,"Via Garibaldi - Vigolo Vattaro,
    
8 -
    
38049    
ALTOPIANO DELLA VIGOLANA",+39 0461 848878,+39 0461 845217,ic.vigolovattaro@pec.provincia.tn.it,dir.vigolovattaro@scuole.provincia.tn.it,segr.vigolovattaro@scuole.provincia.tn.it,http://www.icvigolovattaro.it,TNIC803006,4,"

                
ISTITUTO COMPRENSIVO VIGOLO VATTARO
            
",/Scuole/ISTITUTO-COMPRENSIVO-VIGOLO-VATTARO2,176
nan,nan,nan,Istituzione scolastica e formativa,TIZIANA CHEMOTTI,nan,"Via Stockstadt Am Rhein,
    
3 -
    
38060    
VILLA LAGARINA",+39 0464 411312,+39 0464 411705,ic.villalagarina@pec.provincia.tn.it,dir.ic.villalagarina@scuole.provincia.tn.it,segr.ic.villalagarina@scuole.provincia.tn.it,http://www.icvillalagarina.it,TNIC846004,5,"

                
ISTITUTO COMPRENSIVO VILLA LAGARINA
            
",/Scuole/ISTITUTO-COMPRENSIVO-VILLA-LAGARINA2,177
nan,nan,nan,Istituzione scolastica e formativa,VENERA MUNAFO',nan,"Via Murialdo,
    
27 -
    
38045    
CIVEZZANO",+39 0461 858485,+39 0461 858901,ic.civezzano@pec.provincia.tn.it,dir.i.c.civezzano@scuole.provincia.tn.it,segr.i.c.civezzano@scuole.provincia.tn.it,http://www.iccivezzano.eu,TNIC817004,6,"

                
ISTITUTO COMPRENSIVO CIVEZZANO
            
",/Scuole/ISTITUTO-COMPRENSIVO-CIVEZZANO2,178
nan,nan,nan,Istituzione scolastica e formativa,ROMEO COLLINI,nan,"Via Papaleoni,
    
5 -
    
38089    
STORO",+39 0465 686039,+39 0465 687076,ic.chiese-storo@pec.provincia.tn.it,dir.ic.chiese@scuole.provincia.tn.it,segr.ic.chiese@scuole.provincia.tn.it,http://www.istitutodelchiese.it,TNIC838005,6,"

                
ISTITUTO COMPRENSIVO DEL CHIESE ""Don L. Milani""
            
",/Scuole/ISTITUTO-COMPRENSIVO-DEL-CHIESE-Don-L.-Milani2,179
nan,nan,nan,Istituzione scolastica e formativa,ROBERTA BISOFFI,nan,"Via Battisti,
    
24 -
    
38064    
FOLGARIA",+39 0464 721283,+39 0464 723563,ic.folgaria-lavarone@pec.provincia.tn.it,dir.rella.folgaria@scuole.provincia.tn.it,segr.rella.folgaria@scuole.provincia.tn.it,http://www.icfolgarialavaroneluserna.it,TNIC804002,8,"

                
ISTITUTO COMPRENSIVO FOLGARIA - LAVARONE - LUSERNA
            
",/Scuole/ISTITUTO-COMPRENSIVO-FOLGARIA-LAVARONE-LUSERNA2,180
nan,nan,nan,Istituzione scolastica e formativa,ROBERTA GAMBARO,nan,"Via Laviosa Zambotti - Fondo,
    
24 -
    
38020    
BORGO D'ANAUNIA",+39 0463 831134,+39 0463 831746,ic.fondo@pec.provincia.tn.it,dir.ic.fondo@scuole.provincia.tn.it,segr.ic.fondo@scuole.provincia.tn.it,http://www.icfondorevo.it,TNIC82800E,10,"

                
ISTITUTO COMPRENSIVO FONDO - REVO'
            
",/Scuole/ISTITUTO-COMPRENSIVO-FONDO-REVO2,181
MILENA ENDRIZZI,nan,nan,Circolo di coordinamento pedagogico,nan,nan,"Viale Trento,
    
37/E -
    
38068    
ROVERETO",+39 0464 493116,+39 0464 493117,circolo.coordinamento09@provincia.tn.it,nan,circolo.coordinamento09@provincia.tn.it,nan,nan,9,"

                
Circolo di coordinamento n. 9
            
",/Scuole/Circolo-di-coordinamento-n.-94,182
TATIANA SORAPERRA,nan,FEDERICO CORRADINI,Circolo di coordinamento pedagogico,nan,nan,"Strada Giuseppe Soraperra - Pozza di Fassa,
    
6 -
    
38036    
SAN GIOVANNI DI FASSA - SEN JAN",+39 0462 760340,+39 0462 760001,coordinamento.scuoleladine@provincia.tn.it,nan,coordinamento.scuoleladine@provincia.tn.it,nan,nan,3,"

                
Coordinamento pedagogico scuole provinciali dell'infanzia ladine
            
",/Scuole/Coordinamento-pedagogico-scuole-provinciali-dell-infanzia-ladine2,183
nan,nan,nan,Istituzione scolastica e formativa,ALESSANDRO MIORELLI,nan,"Via XXIV Maggio,
    
1 -
    
38062    
ARCO",+39 0464 519546,+39 0464 519959,gardascuola@pec.cooperazionetrentina.it,nan,segreteria@gardascuola.it,http://www.gardascuola.it,nan,5,"

                
GARDASCUOLA SOCIETA' COOPERATIVA SOCIALE - ARCO
            
",/Scuole/GARDASCUOLA-SOCIETA-COOPERATIVA-SOCIALE-ARCO2,184
nan,nan,nan,Istituzione scolastica e formativa,nan,LAURA SCALFI,"Piazzale Orsi,
    
1 -
    
38068    
ROVERETO",+39 0464 433484,+39 0464 436873,iscrizioni.veronesi@pec.it,nan,segreteria.dir@cfpgveronesi.it,http://www.cfpgveronesi.it,TNCF002001,3,"

                
Giuseppe Veronesi - Centro di istruzione scolastica e di formazione professionale
            
",/Scuole/Giuseppe-Veronesi-Centro-di-istruzione-scolastica-e-di-formazione-professionale,185
nan,nan,nan,Istituzione scolastica e formativa,MAURA MAINO,nan,"Via Don Anzelini,
    
2 -
    
38061    
ALA",+39 0464 671119,+39 0464 674138,ic.ala@pec.provincia.tn.it,dir.ic.ala@scuole.provincia.tn.it,segr.ic.ala@scuole.provincia.tn.it,http://www.istitutocomprensivoala.it,TNIC84800Q,3,"

                
ISTITUTO COMPRENSIVO ALA ""Antonio Bresciani""
            
",/Scuole/ISTITUTO-COMPRENSIVO-ALA-Antonio-Bresciani2,186
nan,nan,nan,Istituzione scolastica e formativa,TIZIANA CHIARA PASQUINI,nan,"Via Della Torre Franca,
    
1 -
    
38123    
TRENTO",+39 0461 945237,+39 0464 946007,ic.aldeno-mattarello@pec.provincia.tn.it,dir.aldeno.mattarello@scuole.provincia.tn.it,segr.aldeno.mattarello@scuole.provincia.tn.it,http://www.icaldenomattarello.it,TNIC82100Q,6,"

                
ISTITUTO COMPRENSIVO ALDENO MATTARELLO
            
",/Scuole/ISTITUTO-COMPRENSIVO-ALDENO-MATTARELLO2,187
nan,nan,nan,Istituzione scolastica e formativa,FRANCO VANIN,nan,"Via S Michele,
    
11 -
    
38026    
OSSANA",+39 0463 751129,+39 0463 750043,ic.altavaldisole@pec.provincia.tn.it,dir.icaltavaldisole@scuole.provincia.tn.it,segr.icaltavaldisole@scuole.provincia.tn.it,http://www.icaltavaldisole.it,TNIC832006,7,"

                
ISTITUTO COMPRENSIVO ALTA VAL DI SOLE
            
",/Scuole/ISTITUTO-COMPRENSIVO-ALTA-VAL-DI-SOLE2,188
nan,nan,nan,Istituzione scolastica e formativa,PIERA PEGORETTI,nan,"Via Stazione,
    
30 -
    
38060    
VOLANO",+39 0464 410475,+39 0461 490699,ic.altavallagarina@pec.provincia.tn.it,dir.ic.altavallagarina@scuole.provincia.tn.it,segr.ic.altavallagarina@scuole.provincia.tn.it,http://www.ic-altavallagarina.it,TNIC86000A,4,"

                
ISTITUTO COMPRENSIVO ALTA VALLAGARINA
            
",/Scuole/ISTITUTO-COMPRENSIVO-ALTA-VALLAGARINA2,189
nan,nan,nan,Istituzione scolastica e formativa,NORMA BORGOGNO,nan,"Via del XXVI Maggio - Baselga,
    
6 -
    
38042    
BASELGA DI PINE'",+39 0461 557138,+39 0461 558163,ic.pine@pec.provincia.tn.it,dir.ic.altopianodipine@scuole.provincia.tn.it,segr.ic.altopianodipine@scuole.provincia.tn.it,http://www.icpine.eu,TNIC816008,4,"

                
ISTITUTO COMPRENSIVO ALTOPIANO DI PINE'
            
",/Scuole/ISTITUTO-COMPRENSIVO-ALTOPIANO-DI-PINE2,190
nan,nan,nan,Istituzione scolastica e formativa,CLAUDIA TERRANOVA,nan,"Localita Prabi,
     -
    
38062    
ARCO",+39 0464 516429,+39 0464 517064,ic.arco@pec.provincia.tn.it,dir.ic.arco@scuole.provincia.tn.it,segr.ic.arco@scuole.provincia.tn.it,http://www.icarco.edu.it,TNIC840005,5,"

                
ISTITUTO COMPRENSIVO ARCO
            
",/Scuole/ISTITUTO-COMPRENSIVO-ARCO2,191
nan,nan,nan,Istituzione scolastica e formativa,DANIELA FRUET,nan,"Via Monte Cristallo,
    
2 -
    
38057    
PERGINE VALSUGANA",+39 0461 532261,+39 0461 533167,ic.pergine1@pec.provincia.tn.it,dir.ic.pergine1@scuole.provincia.tn.it,segr.ic.pergine1@scuole.provincia.tn.it,http://www.icpergine1.it/,TNIC81400L,6,"

                
ISTITUTO COMPRENSIVO PERGINE 1
            
",/Scuole/ISTITUTO-COMPRENSIVO-PERGINE-12,192
nan,nan,nan,Istituzione scolastica e formativa,STEFANO MORELATO,nan,"Via Amstetten,
    
4 -
    
38057    
PERGINE VALSUGANA",+39 0461 512312,+39 0461 530043,ic.pergine2@pec.provincia.tn.it,dir.freinet@scuole.provincia.tn.it,segr.freinet@scuole.provincia.tn.it,http://www.icpergine2.it,TNIC81500C,5,"

                
ISTITUTO COMPRENSIVO PERGINE 2 ""C. Freinet""
            
",/Scuole/ISTITUTO-COMPRENSIVO-PERGINE-2-C.-Freinet2,193
nan,nan,nan,Istituzione scolastica e formativa,ELISABETTA PIZIO,nan,"Corso Degasperi,
    
8 -
    
38037    
PREDAZZO",+39 0462 501131,+39 0462 500023,ic.predazzo@pec.provincia.tn.it,dir.ic.predazzo@scuole.provincia.tn.it,segr.ic.predazzo@scuole.provincia.tn.it,http://www.ic-predazzotesero.it,TNIC808009,5,"

                
ISTITUTO COMPRENSIVO PREDAZZO TESERO PANCHIA' ZIANO
            
",/Scuole/ISTITUTO-COMPRENSIVO-PREDAZZO-TESERO-PANCHIA-ZIANO2,194
nan,nan,nan,Istituzione scolastica e formativa,MAURIZIO CAPRONI,nan,"Piazza Contini,
    
8 -
    
38066    
RIVA DEL GARDA",+39 0464 552170,+39 0464 520789,ic.riva2@pec.provincia.tn.it,dir.ic.riva2@scuole.provincia.tn.it,segr.ic.riva2@scuole.provincia.tn.it,http://www.riva2.it,TNIC84200R,4,"

                
ISTITUTO COMPRENSIVO RIVA 2 ""L. Pizzini""
            
",/Scuole/ISTITUTO-COMPRENSIVO-RIVA-2-L.-Pizzini2,195
nan,nan,nan,Istituzione scolastica e formativa,DANIELA DEPENTORI,nan,"Corso Bettini,
    
67 -
    
38068    
ROVERETO",+39 0464 420759,+39 0464 480415,ic.roveretonord@pec.provincia.tn.it,dir.ic.roveretonord@scuole.provincia.tn.it,segr.ic.roveretonord@scuole.provincia.tn.it,http://www.icroveretonord.it,TNIC859006,3,"

                
ISTITUTO COMPRENSIVO ROVERETO NORD
            
",/Scuole/ISTITUTO-COMPRENSIVO-ROVERETO-NORD2,196
nan,nan,nan,Istituzione scolastica e formativa,GIULIANA SIGHEL,nan,"Via Roma - Strigno,
    
14 -
    
38059    
CASTEL IVANO",+39 0461 762046,+39 0461 763409,ic.strignotesino@pec.provincia.tn.it,dir.ic.strignoetesino@scuole.provincia.tn.it,segr.ic.strignoetesino@scuole.provincia.tn.it,http://www.icstrignoetesino.it,TNIC80100E,8,"

                
ISTITUTO COMPRENSIVO STRIGNO E TESINO
            
",/Scuole/ISTITUTO-COMPRENSIVO-STRIGNO-E-TESINO2,197
nan,nan,nan,Istituzione scolastica e formativa,RENATO PAOLI,nan,"Via S Giovanni Bosco - Ponte Arche - Bleggio Inferiore,
    
14 -
    
38070    
COMANO TERME",+39 0465 701472,+39 0465 702452,ic.giudicarieesteriori@pec.provincia.tn.it,dir.ic.pontearche@scuole.provincia.tn.it,segr.ic.pontearche@scuole.provincia.tn.it,http://www.giudicariescuola.it,TNIC837009,6,"

                
ISTITUTO COMPRENSIVO GIUDICARIE ESTERIORI
            
",/Scuole/ISTITUTO-COMPRENSIVO-GIUDICARIE-ESTERIORI2,198
nan,nan,nan,Istituzione scolastica e formativa,FRANCESCA LASARACINA,nan,"Via Sette,
    
13 -
    
38015    
LAVIS",+39 0461 246535,+39 0461 242955,ic.lavis@pec.provincia.tn.it,dir.ic.lavis@scuole.provincia.tn.it,segr.ic.lavis@scuole.provincia.tn.it,http://www.iclavis.it,TNIC825003,4,"

                
ISTITUTO COMPRENSIVO LAVIS
            
",/Scuole/ISTITUTO-COMPRENSIVO-LAVIS2,199
nan,nan,nan,Istituzione scolastica e formativa,EZIO MONTIBELLER,nan,"Via della Pace,
    
5 -
    
38056    
LEVICO TERME",+39 0461 706146,+39 0461 706099,ic.levicoterme@pec.provincia.tn.it,dir.ic.levico@scuole.provincia.tn.it,segr.ic.levico@scuole.provincia.tn.it,http://www.iclevico.eu,TNIC81800X,5,"

                
ISTITUTO COMPRENSIVO LEVICO TERME
            
",/Scuole/ISTITUTO-COMPRENSIVO-LEVICO-TERME2,200
nan,nan,nan,Istituzione scolastica e formativa,PAOLA SIGMUND,nan,"Via Fornai,
    
1 -
    
38016    
MEZZOCORONA",+39 0461 605409,+39 0461 605142,ic.mezzocorona@pec.provincia.tn.it,dir.ic.mezzocorona@scuole.provincia.tn.it,segr.ic.mezzocorona@scuole.provincia.tn.it,http://www.icmezzocorona.it,TNIC82300B,5,"

                
ISTITUTO COMPRENSIVO MEZZOCORONA
            
",/Scuole/ISTITUTO-COMPRENSIVO-MEZZOCORONA2,201
nan,nan,nan,Istituzione scolastica e formativa,CINZIA CASNA,nan,"Via Degli Alpini,
    
17 -
    
38017    
MEZZOLOMBARDO",+39 0461 601125,+39 0461 601125,ic.mezzolombardo@pec.provincia.tn.it,dir.ic.mezzolombardo@scuole.provincia.tn.it,segr.ic.mezzolombardo@scuole.provincia.tn.it,http://www.icmezzolombardopaganella.it,TNIC824007,9,"

                
ISTITUTO COMPRENSIVO MEZZOLOMBARDO - PAGANELLA
            
",/Scuole/ISTITUTO-COMPRENSIVO-MEZZOLOMBARDO-PAGANELLA2,202
nan,nan,nan,Istituzione scolastica e formativa,VITO ROVIGO,nan,"Viale Degasperi,
    
69 -
    
38063    
AVIO",+39 0464 684029,+39 0464 687570,ic.avio@pec.provincia.tn.it,dir.ic.avio@scuole.provincia.tn.it,segr.ic.avio@scuole.provincia.tn.it,http://www.istitutoavio.it,TNIC84700X,3,"

                
ISTITUTO COMPRENSIVO AVIO
            
",/Scuole/ISTITUTO-COMPRENSIVO-AVIO2,203
nan,nan,nan,Istituzione scolastica e formativa,PASQUA CINZIA SALOMONE,nan,"Via Taddei De Mauris,
    
4 -
    
38027    
MALE'",+39 0463 901237,+39 0463 902866,ic.bassavaldisole@pec.provincia.tn.it,dir.ciccolini.male@scuole.provincia.tn.it,segr.ciccolini.male@scuole.provincia.tn.it,http://www.icbassavaldisole.it,TNIC833002,6,"

                
ISTITUTO COMPRENSIVO BASSA VAL DI SOLE ""G. Ciccolini""
            
",/Scuole/ISTITUTO-COMPRENSIVO-BASSA-VAL-DI-SOLE-G.-Ciccolini2,204
nan,nan,nan,Istituzione scolastica e formativa,LUIGI VITULLO,nan,"Via Spagolla,
    
1 -
    
38051    
BORGO VALSUGANA",+39 0461 753179,+39 0461 754131,ic.borgovalsugana@pec.provincia.tn.it,dir.ic.borgovalsugana@scuole.provincia.tn.it,segr.ic.borgovalsugana@scuole.provincia.tn.it,http://www.icborgovalsugana.gov.it,TNIC812001,4,"

                
ISTITUTO COMPRENSIVO BORGO VALSUGANA
            
",/Scuole/ISTITUTO-COMPRENSIVO-BORGO-VALSUGANA2,205
nan,nan,nan,Istituzione scolastica e formativa,ROBERTO TROLLI,nan,"Piazza Verdi,
    
6 -
    
38033    
CAVALESE",+39 0462 340314,+39 0462 342294,ic.cavalese@pec.provincia.tn.it,dir.cavalese@scuole.provincia.tn.it,segr.cavalese@scuole.provincia.tn.it,http://www.iccavalese.it,TNIC809005,9,"

                
ISTITUTO COMPRENSIVO CAVALESE
            
",/Scuole/ISTITUTO-COMPRENSIVO-CAVALESE2,206
nan,nan,nan,Istituzione scolastica e formativa,STEFANO CHESINI,nan,"Via Negritelle - Cembra,
    
1 -
    
38034    
CEMBRA LISIGNAGO",+39 0461 683006,+39 0461 682166,ic.cembra@pec.provincia.tn.it,dir.cembra@scuole.provincia.tn.it,segr.cembra@scuole.provincia.tn.it,http://www.iccembra.it,TNIC82200G,9,"

                
ISTITUTO COMPRENSIVO CEMBRA
            
",/Scuole/ISTITUTO-COMPRENSIVO-CEMBRA2,207
nan,nan,nan,Istituzione scolastica e formativa,MAURA ZINI,nan,"Via Degli Alpini - Taio,
    
17 -
    
38012    
PREDAIA",+39 0463 468193,+39 0463 467616,ic.taio@pec.provincia.tn.it,dir.ictaio@scuole.provincia.tn.it,segr.ictaio@scuole.provincia.tn.it,http://www.ictaio.it,TNIC82600V,5,"

                
ISTITUTO COMPRENSIVO TAIO
            
",/Scuole/ISTITUTO-COMPRENSIVO-TAIO2,208
nan,nan,nan,Istituzione scolastica e formativa,ALBERTO PARIS,nan,"Via Circonvallazione,
    
44 -
    
38079    
TIONE DI TRENTO",+39 0465 321053,+39 0465 324039,ic.tione@pec.provincia.tn.it,dir.ictione@scuole.provincia.tn.it,segr.ictione@scuole.provincia.tn.it,http://www.ictione.tn.it,TNIC83600D,7,"

                
ISTITUTO COMPRENSIVO TIONE
            
",/Scuole/ISTITUTO-COMPRENSIVO-TIONE2,209
nan,nan,nan,Istituzione scolastica e formativa,LAURA DE DONNO,nan,"Via Znojmo,
    
24 -
    
38123    
TRENTO",+39 0461 912740,+39 0461 912065,ic.trento1@pec.provincia.tn.it,dir.ic.tn1@scuole.provincia.tn.it,segr.ic.tn1@scuole.provincia.tn.it,http://www.ictrento1.it,TNIC81900Q,3,"

                
ISTITUTO COMPRENSIVO TRENTO 1
            
",/Scuole/ISTITUTO-COMPRENSIVO-TRENTO-12,210
nan,nan,nan,Istituzione scolastica e formativa,CARLO ZANETTI,nan,"Via Ponte Alto,
    
2/1 -
    
38121    
TRENTO",+39 0461 982113,+39 0461 237554,ic.comenius@pec.provincia.tn.it,dir.ictn2@scuole.provincia.tn.it,segr.ictn2@scuole.provincia.tn.it,http://www.icomenius.it,TNIC82000X,5,"

                
ISTITUTO COMPRENSIVO TRENTO 2 ""J. A. Comenius""
            
",/Scuole/ISTITUTO-COMPRENSIVO-TRENTO-2-J.-A.-Comenius2,211
nan,nan,nan,Istituzione scolastica e formativa,LINA BROCH,nan,"Via Vittorio Veneto,
    
61 -
    
38122    
TRENTO",+39 0461 934977,+39 0461 920605,ic.trento3@pec.provincia.tn.it,dir.ic.tn3@scuole.provincia.tn.it,segr.ic.tn3@scuole.provincia.tn.it,http://www.ictrento3.it,TNIC85600P,5,"

                
ISTITUTO COMPRENSIVO TRENTO 3
            
",/Scuole/ISTITUTO-COMPRENSIVO-TRENTO-32,212
nan,nan,nan,Istituzione scolastica e formativa,PATRIZIA VISCONTI,nan,"Piazzale Europa,
    
4 -
    
38123    
TRENTO",+39 0461 920316,+39 0461 922030,ic.trento4@pec.provincia.tn.it,dir.ictn4@scuole.provincia.tn.it,segr.ictn4@scuole.provincia.tn.it,http://www.ictrento4.it,TNIC85700E,5,"

                
ISTITUTO COMPRENSIVO TRENTO 4
            
",/Scuole/ISTITUTO-COMPRENSIVO-TRENTO-42,213
nan,nan,nan,Istituzione scolastica e formativa,PAOLA PASQUALIN,nan,"Via S Giovanni Bosco,
    
8 -
    
38122    
TRENTO",+39 0461 263331,+39 0461 984463,ic.tn5@pec.provincia.tn.it,dir.ic.tn5@scuole.provincia.tn.it,segr.ic.tn5@scuole.provincia.tn.it,http://www.istitutotrento5.it/,TNIC85200B,4,"

                
ISTITUTO COMPRENSIVO TRENTO 5
            
",/Scuole/ISTITUTO-COMPRENSIVO-TRENTO-584,214
nan,nan,nan,Istituzione scolastica e formativa,GIULIO BERTOLDI,nan,"Via XXIV Maggio,
    
7 -
    
38051    
BORGO VALSUGANA",+39 0461 753647,+39 0461 753364,degasperi@pec.provincia.tn.it,dir.istalcidedegasperi@scuole.provincia.tn.it,segr.istalcidedegasperi@scuole.provincia.tn.it,http://www.istalcidedegasperi.it,TNIS00200E,9,"

                
ISTITUTO DI ISTRUZIONE ""A. Degasperi"" - BORGO VALSUGANA
            
",/Scuole/ISTITUTO-DI-ISTRUZIONE-A.-Degasperi-BORGO-VALSUGANA2,215
nan,nan,nan,Istituzione scolastica e formativa,ALESSANDRO FABRIS,nan,"Via Durone,
    
53 -
    
38079    
TIONE DI TRENTO",+39 0465 321735,+39 0465 322811,guetti@pec.provincia.tn.it,dir.guetti@scuole.provincia.tn.it,segr.guetti@scuole.provincia.tn.it,http://www.guetti.tn.it,TNIS00700N,9,"

                
ISTITUTO DI ISTRUZIONE ""L. Guetti"" - TIONE DI TRENTO
            
",/Scuole/ISTITUTO-DI-ISTRUZIONE-L.-Guetti-TIONE-DI-TRENTO2,216
nan,nan,nan,Istituzione scolastica e formativa,TIZIANA GULLI,nan,"Via S Pietro,
    
4 -
    
38057    
PERGINE VALSUGANA",+39 0461 511397,+39 0461 531743,curie@pec.provincia.tn.it,dir.curie.pergine@scuole.provincia.tn.it,segr.curie.pergine@scuole.provincia.tn.it,http://www.curiepergine.it,TNIS004006,10,"

                
ISTITUTO DI ISTRUZIONE ""M. Curie"" - PERGINE VALSUGANA
            
",/Scuole/ISTITUTO-DI-ISTRUZIONE-M.-Curie-PERGINE-VALSUGANA2,217
KATIA PEGORETTI,nan,nan,Circolo di coordinamento pedagogico,nan,nan,"Via Gilli,
    
3 -
    
38121    
TRENTO",+39 0461 496956,+39 0461 499283,circolo.coordinamento06@provincia.tn.it,nan,circolo.coordinamento06@provincia.tn.it,nan,nan,7,"

                
Circolo di coordinamento n. 6
            
",/Scuole/Circolo-di-coordinamento-n.-64,218
LAURA BERTOLDI,nan,nan,Circolo di coordinamento pedagogico,nan,nan,"Via Filos,
    
2 -
    
38017    
MEZZOLOMBARDO",+39 0461 494331,+39 0461 494334,circolo.coordinamento07@provincia.tn.it,nan,circolo.coordinamento07@provincia.tn.it,nan,nan,11,"

                
Circolo di coordinamento n. 7
            
",/Scuole/Circolo-di-coordinamento-n.-74,219
nan,nan,nan,Istituzione scolastica e formativa,VALENTINA DANTE,nan,"Via Saibanti,
    
6 -
    
38068    
ROVERETO",+39 0464 434047,nan,segreteria@lavela.famigliamaterna.it,direzione@lavela.famigliamaterna.it,segreteria@scuolalavela.it,http://www.scuolalavela.it,nan,2,"

                
SCUOLA PARITARIA LA VELA - FONDAZIONE FAMIGLIA MATERNA - ROVERETO
            
",/Scuole/SCUOLA-PARITARIA-LA-VELA-FONDAZIONE-FAMIGLIA-MATERNA-ROVERETO,220
nan,nan,nan,Istituzione scolastica e formativa,ANDREA SCHELFI,CAZZANI DANIELA,"Viale Dei Colli,
    
17 -
    
38068    
ROVERETO",+39 0464 439164,+39 0464 435851,ifpa.rovereto@pec.provincia.tn.it,dir.ifpa.rovereto@scuole.provincia.tn.it,segr.ifpa.rovereto@scuole.provincia.tn.it,http://www.alberghierorovereto.it,TNCF011001,3,"

                
Istituto Formazione Professionale Alberghiero - Rovereto
            
",/Scuole/Istituto-Formazione-Professionale-Alberghiero-Rovereto2,221
nan,nan,nan,Istituzione scolastica e formativa,nan,WALTER IORI,"Via Giovanni Prati,
    
22 -
    
38122    
TRENTO",+39 0461 987180,+39 0461 233877,cfp-upt@pec.it,nan,segreteria.sede@cfp-upt.it,http://www.cfp-upt.it,nan,1,"

                
Centro Formazione Professionale UPT - Borgo Valsugana
            
",/Scuole/Centro-Formazione-Professionale-UPT-Borgo-Valsugana2,222
nan,nan,nan,Istituzione scolastica e formativa,FEDERICO SAMADEN,TARGA WALTER,"Via Ziehl,
    
5 -
    
38056    
LEVICO TERME",+39 0461 706294,+39 0461 702025,ifpa.levicoterme@pec.provincia.tn.it,dir.ifpa.levicoterme@scuole.provincia.tn.it,segr.ifpa.levicoterme@scuole.provincia.tn.it,http://www.alberghierolevico.it,TNCF010001,3,"

                
Istituto Formazione Professionale Alberghiero - Levico
            
",/Scuole/Istituto-Formazione-Professionale-Alberghiero-Levico2,223
nan,nan,nan,Istituzione scolastica e formativa,MARIA PRODI,nan,"Via Delle Fonti - Transacqua,
    
10 -
    
38054    
PRIMIERO SAN MARTINO DI CASTROZZA",+39 0439 62435,+39 0439 762466,ic.primiero@pec.provincia.tn.it,dir.icprimiero@scuole.provincia.tn.it,segr.icprimiero@scuole.provincia.tn.it,http://www.scuoleprimiero.it,TNIC810009,9,"

                
ISTITUTO COMPRENSIVO DI SCUOLA PRIMARIA E SECONDARIA DI PRIMIERO
            
",/Scuole/ISTITUTO-COMPRENSIVO-DI-SCUOLA-PRIMARIA-E-SECONDARIA-DI-PRIMIERO2,224
nan,nan,nan,Istituzione scolastica e formativa,MASSIMILIANO LATINO,nan,"Via Giovanni XXIII,
    
64 -
    
38065    
MORI",+39 0464 918669,nan,ic.mori@pec.provincia.tn.it,dir.ic.mori@scuole.provincia.tn.it,segr.ic.mori@scuole.provincia.tn.it,http://www.icmori.it/,TNIC84900G,3,"

                
ISTITUTO COMPRENSIVO MORI
            
",/Scuole/ISTITUTO-COMPRENSIVO-MORI,225
nan,nan,nan,Istituzione scolastica e formativa,PAOLO CHINCARINI,nan,"Viale Dei Tigli,
    
43 -
    
38066    
RIVA DEL GARDA",+39 0464 578511,+39 0464 578555,floriani@pec.provincia.tn.it,dir.istitutofloriani@scuole.provincia.tn.it,segr.istitutofloriani@scuole.provincia.tn.it,http://www.g-floriani.it,TNIS00800D,5,"

                
ISTITUTO TECNICO ECONOMICO E TECNOLOGICO ""G. Floriani"" - RIVA DEL GARDA
            
",/Scuole/ISTITUTO-TECNICO-ECONOMICO-E-TECNOLOGICO-G.-Floriani-RIVA-DEL-GARDA2,226
nan,nan,nan,Istituzione scolastica e formativa,MARIA RITA MAGISTRO,DELUCA ENZO,"Viale Verona,
    
141 -
    
38123    
TRENTO",+39 0461 933147,+39 0461 931682,ifp.trento@pec.provincia.tn.it,ifp.trento@scuole.provincia.tn.it,ifp.trento@scuole.provincia.tn.it,https://ifpsandropertinitrento.it,TNCF012001,4,"

                
Istituto Formazione Professionale Servizi alla Persona e Legno ""S. Pertini"" - Trento
            
",/Scuole/Istituto-Formazione-Professionale-Servizi-alla-Persona-e-Legno-S.-Pertini-Trento,227
nan,nan,nan,Istituzione scolastica e formativa,LICIA CAMPI,nan,"Via Colle Verde,
    
3 -
    
38010    
DENNO",+39 0461 655783,+39 0461 655783,ic.bassaanaunia@pec.provincia.tn.it,dir.ic.bassaanauniatuenno@scuole.provincia.tn.it,segr.ic.denno@scuole.provincia.tn.it,http://www.icbassaanauniatuenno.it,TNIC82900A,8,"

                
ISTITUTO COMPRENSIVO BASSA ANAUNIA - TUENNO
            
",/Scuole/ISTITUTO-COMPRENSIVO-BASSA-ANAUNIA-TUENNO212,228
nan,nan,nan,Istituzione scolastica e formativa,NICOLA PARZIAN,nan,"Via IV Novembre,
    
35/1 -
    
38121    
TRENTO",+39 0461 990287,+39 0461 994418,ic.trento7@pec.provincia.tn.it,dir.ic.tn7@scuole.provincia.tn.it,segr.ic.tn7@scuole.provincia.tn.it,http://www.trento7.it,TNIC85100G,5,"

                
ISTITUTO COMPRENSIVO TRENTO 7 ""Rita Levi Montalcini""
            
",/Scuole/ISTITUTO-COMPRENSIVO-TRENTO-7-Rita-Levi-Montalcini,229
nan,nan,nan,Istituzione scolastica e formativa,MARIA TERESA DOSSO,nan,"Via Balista,
    
6 -
    
38068    
ROVERETO",+39 0464 485511,+39 0464 485550,donmilani@pec.provincia.tn.it,dir.donmilani@scuole.provincia.tn.it,segr.donmilani@scuole.provincia.tn.it,http://www.domir.it,TNIS009009,5,"

                
ISTITUTO DI ISTRUZIONE ""don L.Milani"" - ROVERETO
            
",/Scuole/ISTITUTO-DI-ISTRUZIONE-don-L.Milani-ROVERETO2,230
nan,nan,nan,Istituzione scolastica e formativa,PAOLO ANDREA BUZZELLI,nan,"Via Alberti Lutti,
    
7 -
    
38066    
RIVA DEL GARDA",+39 0464 552316,+39 0464 552316,maffei@pec.provincia.tn.it,dir.liceo.maffei@scuole.provincia.tn.it,segr.liceo.maffei@scuole.provincia.tn.it,https://e.liceomaffei.it,TNPC01000Q,6,"

                
LICEO ""A. Maffei"" - RIVA DEL GARDA
            
",/Scuole/LICEO-A.-Maffei-RIVA-DEL-GARDA2,231
nan,nan,nan,Istituzione scolastica e formativa,GIUSEPPE GAMMINO,nan,"Via Benacense,
    
32 -
    
38068    
ROVERETO",+39 0464 420532,+39 0464 432707,ic.roveretosud@pec.provincia.tn.it,dir.ic.roveretosud@scuole.provincia.tn.it,segr.ic.roveretosud@scuole.provincia.tn.it,http://www.icroveretosud.eu,TNIC85500V,4,"

                
ISTITUTO COMPRENSIVO ROVERETO SUD
            
",/Scuole/ISTITUTO-COMPRENSIVO-ROVERETO-SUD2,232
nan,nan,nan,Istituzione scolastica e formativa,MASSIMO GABURRO,nan,"Via Chini,
    
31 -
    
38023    
CLES",+39 0463 421457,+39 0463 424830,ic.cles@pec.provincia.tn.it,dir.ic.cles@scuole.provincia.tn.it,segr.ic.cles@scuole.provincia.tn.it,http://www.iccles.it,TNIC83100A,4,"

                
ISTITUTO COMPRENSIVO CLES ""B. Clesio""
            
",/Scuole/ISTITUTO-COMPRENSIVO-CLES-B.-Clesio2,233
nan,nan,nan,Istituzione scolastica e formativa,CHIARA MOTTER,nan,"Via Mattioli,
    
8 -
    
38122    
TRENTO",0461914499,0461915472,linguisticotrento@pec.provincia.tn.it,dir.linguisticotrento@scuole.provincia.tn.it,segr.linguisticotrento@scuole.provincia.tn.it,http://www.linguisticotrento.it,TNPS11000Q,1,"

                
LICEO LINGUISTICO ""S. M. Scholl"" - TRENTO
            
",/Scuole/LICEO-LINGUISTICO-S.-M.-Scholl-TRENTO2,234
nan,nan,nan,Istituzione scolastica e formativa,PAOLA BORTOLOTTI,nan,"Viale Damiano Chiesa,
    
10 -
    
38066    
RIVA DEL GARDA",+39 0464 553088,+39 0464 553088,riva1@pec.provincia.tn.it,dir.riva1@scuole.provincia.tn.it,segr.riva1@scuole.provincia.tn.it,http://www.riva1.it,TNIC841001,4,"

                
ISTITUTO COMPRENSIVO RIVA 1
            
",/Scuole/ISTITUTO-COMPRENSIVO-RIVA-12,235
nan,nan,nan,Istituzione scolastica e formativa,FRANCESCA BORROI,nan,"Viale Della Vittoria,
    
43 -
    
38068    
ROVERETO",+39 0464 431515,+39 0464 489616,ic.isera-rovereto@pec.provincia.tn.it,dir.ic.isera_rovereto@scuole.provincia.tn.it,segr.ic.isera_rovereto@scuole.provincia.tn.it,http://www.isera-rovereto.it,TNIC845008,3,"

                
ISTITUTO COMPRENSIVO ISERA - ROVERETO
            
",/Scuole/ISTITUTO-COMPRENSIVO-ISERA-ROVERETO2,236
nan,nan,nan,Istituzione scolastica e formativa,MICHELE ROSA,nan,"Corso Rosmini,
    
86 -
    
38068    
ROVERETO",+39 0464 433709,+39 0464 450456,ic.roveretoest@pec.provincia.tn.it,dir.ic.roveretoest@scuole.provincia.tn.it,segr.ic.roveretoest@scuole.provincia.tn.it,http://www.roveretoest.it,TNIC853007,5,"

                
ISTITUTO COMPRENSIVO ROVERETO EST
            
",/Scuole/ISTITUTO-COMPRENSIVO-ROVERETO-EST2,237
SARA TONAZZOLI,suor Erminia Morelli,nan,Scuola dell'infanzia,nan,nan,"Piazza S Teresa Verzeri,
    
4 -
    
38122    
TRENTO",0461-981465,nan,materna@istitutosacrocuore.it,nan,nan,nan,nan,1,"

                
Scuola dell'infanzia di Trento  ""Sacro Cuore""
            
",/Scuole/Scuola-dell-infanzia-di-Trento-Sacro-Cuore3,238
ANNARITA CAPPELLETTI,nan,nan,Circolo di coordinamento pedagogico,nan,nan,"Via Circonvallazione,
    
65 -
    
38079    
TIONE DI TRENTO",+39 0461 493385,+39 0461 493389,circolo.coordinamento08@provincia.tn.it,nan,circolo.coordinamento08@provincia.tn.it,nan,nan,9,"

                
Circolo di coordinamento n. 8
            
",/Scuole/Circolo-di-coordinamento-n.-82,239
MARTINA BASSETI,nan,nan,Circolo di coordinamento pedagogico,nan,nan,"Via Gilli,
    
3 -
    
38121    
TRENTO",+39 0461 496955,+39 0461 497257,circolo.coordinamento05@provincia.tn.it,nan,circolo.coordinamento05@provincia.tn.it,nan,nan,8,"

                
Circolo di coordinamento n. 5
            
",/Scuole/Circolo-di-coordinamento-n.-54,240
SIMONETTA ERRIGO,nan,nan,Circolo di coordinamento pedagogico,nan,nan,"Via della Gana,
    
10 -
    
38027    
MALE'",+39 0461 491939,+39 0461 491940,circolo.coordinamento11@provincia.tn.it,nan,circolo.coordinamento11@provincia.tn.it,nan,nan,13,"

                
Circolo di coordinamento n. 11
            
",/Scuole/Circolo-di-coordinamento-n.-112,241
CHIARA NADALON,nan,nan,Circolo di coordinamento pedagogico,nan,nan,"Via Gilli,
    
3 -
    
38121    
TRENTO",+39 0461 496952,+39 0461 497257,circolo.coordinamento03@provincia.tn.it,nan,circolo.coordinamento03@provincia.tn.it,nan,nan,8,"

                
Circolo di coordinamento n. 3
            
",/Scuole/Circolo-di-coordinamento-n.-3,242
GINEVRA RELLA,nan,nan,Circolo di coordinamento pedagogico,nan,nan,"Viale Trento,
    
37/E -
    
38068    
ROVERETO",+39 0464 493114,+39 0464 493115,circolo.coordinamento10@provincia.tn.it,nan,circolo.coordinamento10@provincia.tn.it,nan,nan,8,"

                
Circolo di coordinamento n. 10
            
",/Scuole/Circolo-di-coordinamento-n.-102,243
FRANCESCA VARESCHI,nan,nan,Scuola dell'infanzia,nan,nan,"Via De Ferrari,
    
1 -
    
38061    
ALA",0464-674717,+39 0464 674717,ala.presidente@fpsm.tn.it,nan,ala.segretario@fpsm.tn.it,nan,nan,1,"

                
Scuola dell'infanzia di Ala
            
",/Scuole/Scuola-dell-infanzia-di-Ala2,244
nan,ALBERTO GALLI,nan,Scuola dell'infanzia,nan,nan,"Corso Verona,
    
109 -
    
38068    
ROVERETO",0464-432307,0464-400420,lizzanella.materna@associazionecoesi.com,nan,nan,nan,nan,1,"

                
Scuola dell'infanzia di Lizzanella
            
",/Scuole/Scuola-dell-infanzia-di-Lizzanella2,245
nan,nan,nan,Scuola dell'infanzia,nan,FRANCESCA PAROLARI,"Piazza Garbari,
    
5 -
    
38057    
PERGINE VALSUGANA",0461-502351,nan,info@asifchimelli.it,nan,nan,nan,nan,1,"

                
Scuola dell'infanzia di Pergine  ""G.B. Chimelli""
            
",/Scuole/Scuola-dell-infanzia-di-Pergine-G.B.-Chimelli2,246
nan,FRANCO ANTONINI,nan,Scuola dell'infanzia,nan,nan,"Viale Roma,
    
32 -
    
38066    
RIVA DEL GARDA",0464-552360,0464-560456,rivagiardino.materna@associazionecoesi.com,nan,nan,nan,nan,1,"

                
Scuola dell'infanzia di Riva ""Giardino""
            
",/Scuole/Scuola-dell-infanzia-di-Riva-Giardino2,247
nan,STEFANO TALASSI,nan,Scuola dell'infanzia,nan,nan,"Via Dei Colli,
    
4 -
    
38015    
LAVIS",0461-240366,0461-249078,lavis.materna@associazionecoesi.com,nan,nan,nan,nan,1,"

                
Scuola dell'infanzia di Lavis  ""Madre Maddalena di Canossa""
            
",/Scuole/Scuola-dell-infanzia-di-Lavis-Madre-Maddalena-di-Canossa2,248
nan,CHIARA ZONTINI,nan,Scuola dell'infanzia,nan,nan,"Salita Alla Bastia,
    
2 -
    
38089    
STORO",0465-685131,0465685131,lodrone.materna@associazionecoesi.com,nan,nan,nan,nan,1,"

                
Scuola dell'infanzia di Lodrone
            
",/Scuole/Scuola-dell-infanzia-di-Lodrone2,249
nan,PIER LUIGI SACCANI,nan,Scuola dell'infanzia,nan,nan,"Via Adamello,
    
2 -
    
38122    
TRENTO",0461-911027,0461-394133,s.antonio.materna@associazionecoesi.com,nan,nan,nan,nan,1,"

                
Scuola dell'infanzia di Trento ""S. Antonio""
            
",/Scuole/Scuola-dell-infanzia-di-Trento-S.-Antonio2,250
nan,nan,nan,Scuola dell'infanzia,nan,FRANCESCA PAROLARI,"Piazza di S Anna,
    
3 -
    
38057    
PERGINE VALSUGANA",+39 0461 502351,nan,info@asifchimelli.it,nan,nan,nan,nan,1,"

                
Scuola dell'infanzia di Roncogno di Pergine
            
",/Scuole/Scuola-dell-infanzia-di-Roncogno-di-Pergine2,251
PAOLA SANGIORGI,nan,nan,Scuola dell'infanzia,nan,nan,"Piazza Municipio,
    
2 -
    
38050    
CASTELNUOVO",0461-753637,nan,castelnuovo.presidente@fpsm.tn.it,nan,castelnuovo.segretario@fpsm.tn.it,nan,nan,1,"

                
Scuola dell'infanzia di Castelnuovo
            
",/Scuole/Scuola-dell-infanzia-di-Castelnuovo2,252
nan,MARCO MANICA,nan,Scuola dell'infanzia,nan,nan,"Via Alla Stazione,
    
2 -
    
38068    
ROVERETO",0464-943313,0464-943313,marco.materna@associazionecoesi.com,nan,nan,nan,nan,1,"

                
Scuola dell'infanzia di Marco Rovereto   ""G.e A. Rosmini Serbati""
            
",/Scuole/Scuola-dell-infanzia-di-Marco-Rovereto-G.e-A.-Rosmini-Serbati2,253
nan,ANNA DALDOSS,nan,Scuola dell'infanzia,nan,nan,"Via al Castel Romano - Ranzo - Vezzano,
    
29 -
    
38070    
VALLELAGHI",0461-844137,nan,ranzo.materna@associazionecoesi.com,nan,nan,nan,nan,1,"

                
Scuola dell'infanzia di Ranzo
            
",/Scuole/Scuola-dell-infanzia-di-Ranzo2,254
nan,MARCO SALVATERRA,nan,Scuola dell'infanzia,nan,nan,"Piazza Battisti,
    
4 -
    
38079    
TIONE DI TRENTO",+39 0465 321314,+39 0465 329714,tione.materna@associazionecoesi.com,nan,nan,nan,nan,1,"

                
Scuola dell'infanzia di Tione di Trento ""Don Giovanni Failoni""
            
",/Scuole/Scuola-dell-infanzia-di-Tione-di-Trento-Don-Giovanni-Failoni2,255
nan,ANTONIO GIRARDI,nan,Scuola dell'infanzia,nan,nan,"Via Francesco Ferruccio,
    
4 -
    
38122    
TRENTO",0461-237392,0461-237392,tambosi.materna@associazionecoesi.com,nan,nan,nan,nan,1,"

                
Scuola dell'infanzia di Trento  ""A. Tambosi""
            
",/Scuole/Scuola-dell-infanzia-di-Trento-A.-Tambosi,256
SARA DE ZOLT,nan,nan,Scuola dell'infanzia,nan,nan,"Via Gabrielli,
    
1 -
    
38037    
PREDAZZO",0462-501312,nan,predazzo.presidente@fpsm.tn.it,nan,predazzo.segretario@fpsm.tn.it,nan,nan,1,"

                
Scuola dell'infanzia di Predazzo
            
",/Scuole/Scuola-dell-infanzia-di-Predazzo2,257
nan,TULLIO MUSSI,nan,Scuola dell'infanzia,nan,nan,"Via Lucchi - Roncone,
    
1 -
    
38087    
SELLA GIUDICARIE",0465-901285,0465-901285,roncone.materna@associazionecoesi.com,nan,nan,nan,nan,1,"

                
Scuola dell'infanzia di Roncone  ""Mario Amistadi Sciavina""
            
",/Scuole/Scuola-dell-infanzia-di-Roncone-Mario-Amistadi-Sciavina2,258
ALESSANDRA BIANCHI,PIERLUIGI PIFFER,nan,Scuola dell'infanzia,nan,nan,"Via Gar,
    
1 -
    
38122    
TRENTO",0461-233744,0461-233744,segreteria@gbzanella.it,nan,nan,nan,nan,1,"

                
Scuola dell'infanzia di Trento ""G. B. Zanella ODV""
            
",/Scuole/Scuola-dell-infanzia-di-Trento-G.-B.-Zanella-ODV,259
TIZIANA CEOL,ALESSANDRO LARENTIS,nan,Scuola dell'infanzia,nan,nan,"Via Regolani,
    
4 -
    
38033    
CAVALESE",0462-341673,nan,cavalese.segretario@fpsm.tn.it,nan,cavalese.presidente@fpsm.tn.it,nan,nan,1,"

                
Scuola dell'infanzia di Cavalese
            
",/Scuole/Scuola-dell-infanzia-di-Cavalese3,260
DORIS LOSA,LUANA CLINAZ,nan,Scuola dell'infanzia,nan,nan,"Via Re di Castello - Daone,
    
57 -
    
38080    
VALDAONE",0465-674060,nan,daone.materna@associazionecoesi.com,nan,nan,nan,nan,1,"

                
Scuola dell'infanzia di Daone
            
",/Scuole/Scuola-dell-infanzia-di-Daone2,261
nan,DIEGO MARIA BONAZZA,nan,Scuola dell'infanzia,nan,nan,"Via Marconi - Breguzzo,
    
5 -
    
38087    
SELLA GIUDICARIE",0465-901550,nan,breguzzo.bondo.materna@associazionecoesi.com,nan,nan,nan,nan,1,"

                
Scuola dell'infanzia di Breguzzo - Bondo  ""Giuseppina Bonazza""
            
",/Scuole/Scuola-dell-infanzia-di-Breguzzo-Bondo-Giuseppina-Bonazza2,262
nan,STEFANO ZENDRI,nan,Scuola dell'infanzia,nan,nan,"Via Brigata Mantova,
    
1 -
    
38068    
ROVERETO",0464-433395,nan,lizzana.materna@associazionecoesi.com,nan,nan,nan,nan,1,"

                
Scuola dell'infanzia di Lizzana
            
",/Scuole/Scuola-dell-infanzia-di-Lizzana2,263
TIZIANA CEOL,ALESSANDRO LARENTIS,nan,Scuola dell'infanzia,nan,nan,"Via Damiano Chiesa,
    
79 -
    
38033    
CAVALESE",0462-340557,nan,cavalese.segretario@fpsm.tn.it,nan,cavalese.presidente@fpsm.tn.it,nan,nan,1,"

                
Scuola dell'infanzia di Masi di Cavalese
            
",/Scuole/Scuola-dell-infanzia-di-Masi-di-Cavalese3,264
SARA DE ZOLT,nan,nan,Scuola dell'infanzia,nan,nan,"Piazza Italia,
    
8 -
    
38030    
ZIANO DI FIEMME",3703621992,nan,ziano.presidente@fpsm.tn.it,nan,ziano.segretario@fpsm.tn.it,nan,nan,1,"

                
Scuola dell'infanzia di Ziano di Fiemme
            
",/Scuole/Scuola-dell-infanzia-di-Ziano-di-Fiemme2,265
nan,nan,nan,Istituzione scolastica e formativa,MANUEL PENASA,CLAUDIA BISOGNIN,"Via Mach,
    
1 -
    
38098    
SAN MICHELE ALL'ADIGE",+39 0461 615213,+39 0461 615273,amministrazione.cif@pec.iasma.it,nan,segreteria.scuola@fmach.it,http://www.fmach.it,nan,2,"

                
FONDAZIONE EDMUND MACH - ISTITUTO AGRARIO SAN MICHELE ALL'ADIGE
            
",/Scuole/FONDAZIONE-EDMUND-MACH-ISTITUTO-AGRARIO-SAN-MICHELE-ALL-ADIGE2,266
UTE PANCHER,nan,nan,Scuola dell'infanzia,nan,nan,"Via Ossanna,
    
3 -
    
38010    
DENNO",0461-655960,nan,denno.segretario@fpsm.tn.it,nan,denno.segretario@fpsm.tn.it,nan,nan,1,"

                
Scuola dell'infanzia di Denno
            
",/Scuole/Scuola-dell-infanzia-di-Denno2,267
nan,nan,nan,Istituzione scolastica e formativa,nan,LUCA BRANZ,"Via Di S Antonio,
    
1 -
    
38026    
OSSANA",+39 0463 751102,+39 0463 751987,cfp.ossana@pec.it,nan,cfp.ossana@enaip.tn.it,https://ossana.enaiptrentino.it/,nan,1,"

                
Centro Formazione Professionale ENAIP - Ossana
            
",/Scuole/Centro-Formazione-Professionale-ENAIP-Ossana2,268
nan,nan,nan,Istituzione scolastica e formativa,nan,FRANCESCO MICHELETTI,"Via Giamaolle,
    
15 -
    
38051    
BORGO VALSUGANA",+39 0461 753037,+39 0461 752070,cfp.borgo@pec.it,nan,cfp.borgo@enaip.tn.it,https://borgo.enaiptrentino.it/,nan,1,"

                
Centro Formazione Professionale ENAIP - Borgo Valsugana
            
",/Scuole/Centro-Formazione-Professionale-ENAIP-Borgo-Valsugana2,269
TIZIANA CEOL,nan,nan,Scuola dell'infanzia,nan,nan,"Via Fia,
    
20 -
    
38038    
TESERO",0462-813045,nan,tesero.presidente@fpsm.tn.it,nan,tesero.segretario@fpsm.tn.it,nan,nan,1,"

                
Scuola dell'infanzia di Tesero
            
",/Scuole/Scuola-dell-infanzia-di-Tesero2,270
ROBERTA MEDEGHINI,nan,nan,Scuola dell'infanzia,nan,nan,"Via Monsignor Gosetti,
    
3 -
    
38060    
VILLA LAGARINA",0464-411101,nan,villalagarina.presidente@fpsm.tn.it,nan,villalagarina.segretario@fpsm.tn.it,nan,nan,1,"

                
Scuola dell'infanzia di Villa Lagarina
            
",/Scuole/Scuola-dell-infanzia-di-Villa-Lagarina2,271
