coordinatore_pedagogico,presidente_ente_gestore,sorastant,tipo_instituto,dirigente_scolastico,direttore,indirizzo,telefono,fax,email_istituto,email_dirigenza,email_segreteria,sito_web,miur_code,numero_plessi_scuole,nome_istituto
,,,Istituzione scolastica e formativa,BRUNO GENTILINI,,"Via Don Meggio,
    
2/A -
    
38050    
RONCEGNO TERME",+39 0461 764581,+39 0461 771046,ic.centrovalsugana@pec.provincia.tn.it,dir.ic.centrovalsugana@scuole.provincia.tn.it,segr.ic.centrovalsugana@scuole.provincia.tn.it,http://www.iccentrovalsugana.it,TNIC81300R,9,"

                
ISTITUTO COMPRENSIVO CENTRO VALSUGANA
            
"
,,,Istituzione scolastica e formativa,MARCO FELICETTI,,"Via Gandhi,
    
1 -
    
38033    
CAVALESE",+39 0462 341449,+39 0462 248071,weisserose@pec.provincia.tn.it,dir.iicavalese@scuole.provincia.tn.it,segr.iicavalese@scuole.provincia.tn.it,http://www.scuolefiemme.tn.it,TNIS00100P,9,"

                
ISTITUTO DI ISTRUZIONE ""La Rosa Bianca"" - CAVALESE
            
"
,,,Istituzione scolastica e formativa,ENRICA RIGOTTI,,"Via Calzolari - Localita Fontana,
    
2 -
    
38060    
BRENTONICO",+39 0464 395189,+39 0464 392710,ic.brentonico@pec.provincia.tn.it,dir.ic.brentonico@scuole.provincia.tn.it,segr.ic.brentonico@scuole.provincia.tn.it,,TNIC861006,2,"

                
ISTITUTO COMPRENSIVO BRENTONICO
            
"
,,,Istituzione scolastica e formativa,CARLO MUSIO,,"Via Conci,
    
86 -
    
38123    
TRENTO",+39 0461 930658,,associazione@pec.scuolasteiner-trento.it,,segreteria@scuolasteiner-trento.it,http://www.scuolasteiner-trento.it,,2,"

                
ASSOCIAZIONE PEDAGOGICA STEINERIANA - TRENTO
            
"
,LOREDANA FRISINGHELLI,,Scuola dell'infanzia,,,"Via Stazione Mori,
    
10 -
    
38068    
ROVERETO",,,,,,,,1,"

                
ASSOCIAZIONE RUDOLF STEINER PER LA PEDAGOGIA APS - ROVERETO
            
"
,,,Istituzione scolastica e formativa,CHRISTIAN BONAZZA,BRUNO DAVES,"Via Monsignor  Endrici,
    
23 -
    
38122    
TRENTO",+39 0461 1731200,+39 0461 1731288,collegioarcivescovile@pec.it,collegioarcivescovile@arcivescoviletrento.it,didatticatn@arcivescoviletrento.it,http://www.arcivescoviletrento.it,,7,"

                
COLLEGIO ARCIVESCOVILE C.ENDRICI - TRENTO
            
"
,,,Istituzione scolastica e formativa,CHRISTIAN BONAZZA,BRUNO DAVES,"Corso Bettini,
    
71 -
    
38068    
ROVERETO",+39 0464 406000,+39 0464 406077,collegioarcivescovile@pec.it,dameinglesi@arcivescoviletrento.it,lia@arcivescoviletrento.it,http://www.arcivescoviletrento.it,,3,"

                
COLLEGIO ARCIVESCOVILE DAME INGLESI - ROVERETO
            
"
,,,Istituzione scolastica e formativa,MARCELLO SOTTOPIETRA,,"Via Della Saluga,
    
7 -
    
38121    
TRENTO",+39 0461 080041,,cooperativasacrafamiglia@pec.it,segreteria@sacrafamigliatrento.it,segreteria@sacrafamigliatrento.it,http://www.sacrafamigliatrento.it,,1,"

                
COOPERATIVA SOCIALE SACRA FAMIGLIA ONLUS
            
"
,,,Istituzione scolastica e formativa,,MICHELE FILIPPINI,"Via Grazioli,
    
2 -
    
38122    
TRENTO",+39 0461 260454,+39 0461 267864,canossatrento@pec.it,direzione@centromoda.tn.it,didattica@centromoda.tn.it,http://www.centromoda.tn.it,,1,"

                
Centro Formazione Professionale ""Centromoda Canossa"" - Trento
            
"
,,,Istituzione scolastica e formativa,,DIEGO FREO,"Via Gazzoletti,
    
8 -
    
38062    
ARCO",+39 0464 516465,+39 0464 516497,cfp.arco@pec.it,,cfp.arco@enaip.tn.it,http://www.enaiptrentino.it,,1,"

                
Centro Formazione Professionale ENAIP - Arco
            
"
GIULIANA BATTISTI,,,Circolo di coordinamento pedagogico,,,"Viale Dante,
    
5 -
    
38057    
PERGINE VALSUGANA",+39 0461 493491,+39 0461 493495,circolo.coordinamento01@provincia.tn.it,,circolo.coordinamento01@provincia.tn.it,,,13,"

                
Circolo di coordinamento n. 1
            
"
CATERINA FRUET,,,Circolo di coordinamento pedagogico,,,"Via Temanza,
    
4 -
    
38051    
BORGO VALSUGANA",+39 0461 491980,+39 0461 491976,circolo.coordinamento02@provincia.tn.it,,circolo.coordinamento02@provincia.tn.it,,,12,"

                
Circolo di coordinamento n. 2
            
"
RITA FERENZENA,,,Circolo di coordinamento pedagogico,,,"Via Gilli,
    
3 -
    
38121    
TRENTO",+39 0461 496954,+39 0461 496950,circolo.coordinamento04@provincia.tn.it,,circolo.coordinamento04@provincia.tn.it,,,6,"

                
Circolo di coordinamento n. 4
            
"
,,,Istituzione scolastica e formativa,,LUCA BRANZ,"Via Mitterer,
    
10 -
    
38023    
CLES",+39 0463 421362,+39 0463 421606,cfp.cles@pec.it,,cfp.cles@enaip.tn.it,http://www.enaiptrentino.it,,1,"

                
Centro Formazione Professionale ENAIP - Cles
            
"
,,,Istituzione scolastica e formativa,,DINO MOSER,"Via Caltrezza,
    
13 -
    
38038    
TESERO",+39 0462 813133,+39 0462 813145,cfp.tesero@pec.it,,cfp.tesero@enaip.tn.it,http://www.enaiptrentino.it,,2,"

                
Centro Formazione Professionale ENAIP - Tesero
            
"
,,,Istituzione scolastica e formativa,,EMILIO SALVATERRA,"Via Durone,
    
57 -
    
38079    
TIONE DI TRENTO",+39 0465 321316,+39 0465 322091,cfp.tione@pec.it,,cfp.tione@enaip.tn.it,http://www.enaiptrentino.it,TNCF001001,2,"

                
Centro Formazione Professionale ENAIP - Tione di Trento
            
"
,,,Istituzione scolastica e formativa,,MASSIMO MALOSSINI,"Rione Europa,
    
3 -
    
38066    
RIVA DEL GARDA",+39 0464 521300,+39 0464 521553,cfp.rivadelgarda@pec.it,,cfp.rivadelgarda@enaip.tn.it,http://www.enaiptrentino.it,TNCF007001,1,"

                
Centro Formazione Professionale ENAIP - Varone di Riva del Garda
            
"
,,,Istituzione scolastica e formativa,,PAOLA COCCIA,"Via Asiago,
    
14 -
    
38123    
TRENTO",+39 0461 920386,+39 0461 914935,cfp.villazzano@pec.it,,cfp.villazzano@enaip.tn.it,http://www.enaiptrentino.it,TNCF008001,2,"

                
Centro Formazione Professionale ENAIP - Villazzano
            
"
,,,Istituzione scolastica e formativa,BERNARDO ZANONER,CHIARA BERTOLINI,"Viale Roma,
    
61 -
    
38056    
LEVICO TERME",+39 0461 706145,+39 0461 701940,cfplevico@pec.operaarmidabarelli.org,,cfplevico@operaarmidabarelli.org,http://www.operaarmidabarelli.org,,1,"

                
Centro Formazione Professionale Opera Armida Barelli - Levico
            
"
,,,Istituzione scolastica e formativa,BERNARDO ZANONER,ANNA PRATI,"Via Setaioli,
    
5 -
    
38068    
ROVERETO",+39 0464 433771,+39 0464 431711,cfprovereto@pec.operaarmidabarelli.org,,cfprovereto@operaarmidabarelli.org,http://www.operaarmidabarelli.org,TNCF005001,1,"

                
Centro Formazione Professionale Opera Armida Barelli - Rovereto
            
"
,,,Istituzione scolastica e formativa,ERIK GADOTTI,,"Piazza Di Fiera,
    
4 -
    
38122    
TRENTO",+39 0461 270244,+39 0461 270241,,,scuolagrafica@artigianelli.tn.it,http://www.artigianelli.tn.it/,TNCF004001,1,"

                
Centro Formazione Professionale Pavoniano Artigianelli - Trento
            
"
,,,Istituzione scolastica e formativa,,CLAUDIO NICOLUSSI,"Via Gazzoletti,
    
10 -
    
38062    
ARCO",+39 0464 556585,+39 0464 556599,cfp-upt@pec.it,,segreteria.arco@cfp-upt.it,http://www.cfpupt.it/sede-di-arco,,1,"

                
Centro Formazione Professionale UPT - Arco
            
"
,,,Istituzione scolastica e formativa,,WALTER IORI,"Via D Agostin,
    
2 -
    
38023    
CLES",+39 0463 422820,+39 0463 424409,cfp-upt@pec.it,,segreteria.cles@cfp-upt.it,http://www.cfp-upt.it,,1,"

                
Centro Formazione Professionale UPT - Cles
            
"
,,,Istituzione scolastica e formativa,,WALTER IORI,"Via Pasqui,
    
10 -
    
38068    
ROVERETO",+39 0464 630050,,cfp-upt@pec.it,,segreteria.rovereto@cfp-upt.it,,,1,"

                
Centro Formazione Professionale UPT - Rovereto
            
"
,,,Istituzione scolastica e formativa,,PAOLO ZANLUCCHI,"Via Roma,
    
15 -
    
38079    
TIONE DI TRENTO",+39 0465 321889,+39 0465 324518,cfp-upt@pec.it,,segreteria.tione@cfp-upt.it,http://www.cfp-upt.it,,1,"

                
Centro Formazione Professionale UPT - Tione di Trento
            
"
,,,Istituzione scolastica e formativa,,WALTER IORI,"Via Borsieri,
    
2 -
    
38122    
TRENTO",+39 0461 239997,+39 0461 260235,cfp-upt@pec.it,,segreteria.sede@cfp-upt.it,http://www.cfp-upt.it,TNCF003001,2,"

                
Centro Formazione Professionale UPT - Trento
            
"
,,,Istituzione scolastica e formativa,,FAUSTO ECCHER,"Via Forno - Transacqua,
    
12 -
    
38054    
PRIMIERO SAN MARTINO DI CASTROZZA",+39 0439 762057,+39 0439 762833,cfp.primiero@pec.it,,cfp.primiero@enaip.tn.it,http://www.enaiptrentino.it,,2,"

                
Centro Formazione Professionale ENAIP - Primiero
            
"
SARA DE ZOLT,,,Scuola dell'infanzia,,,"Strada Giuseppe Soraperra - Pozza di Fassa,
    
4 -
    
38036    
SAN GIOVANNI DI FASSA - SEN JAN",0462-763194,,vigo.fassa.presidente@fpsm.tn.it,,vigo.fassa.segretario@fpsm.tn.it,,,1,"

                
Scuola dell'infanzia di Vigo di Fassa
            
"
ELENA RICCI,,,Scuola dell'infanzia,,,"Piazza Guardi,
    
7 -
    
38010    
TON",0461-657897,,vigo.ton.segretario@fpsm.tn.it,,vigo.ton.segretario@fpsm.tn.it,,,1,"

                
Scuola dell'infanzia di Vigo di Ton
            
"
CARMEN FATTORI,,,Scuola dell'infanzia,,,"Via dei Carli,
    
16 -
    
38121    
TRENTO",0461-209045,,villamontagna.segretario@fpsm.tn.it,,villamontagna.segretario@fpsm.tn.it,,,1,"

                
Scuola dell'infanzia di Villamontagna
            
"
IVANA LEONARDELLI,,,Scuola dell'infanzia,,,"Via Giordano,
    
15 -
    
38123    
TRENTO",0461-920382,,villazzano.segretario@fpsm.tn.it,,villazzano.segretario@fpsm.tn.it,,,1,"

                
Scuola dell'infanzia di Villazzano
            
"
SILVANO MEDVES,,,Scuola dell'infanzia,,,"Via S Maria,
    
13 -
    
38060    
VOLANO",0464-411516,,volano.segretario@fpsm.tn.it,,volano.segretario@fpsm.tn.it,,,1,"

                
Scuola dell'infanzia di Volano
            
"
,,,Istituzione scolastica e formativa,VALENTINA ZANOLLA,,"Via Perlasca,
    
4 -
    
38017    
MEZZOLOMBARDO",+39 0461 601122,+39 0461 601470,martini@pec.provincia.tn.it,dir.martini.mezzolombardo@scuole.provincia.tn.it,segr.martini.mezzolombardo@scuole.provincia.tn.it,http://www.martinomartini.eu,TNIS00300A,7,"

                
ISTITUTO DI ISTRUZIONE ""M. Martini"" - MEZZOLOMBARDO
            
"
,,,Istituzione scolastica e formativa,DANIELA SIMONCELLI,,"Via Zambra,
    
3 -
    
38121    
TRENTO",+39 0461 824422,+39 0461 824345,vittoria@pec.provincia.tn.it,dir.istitutodellearti@scuole.provincia.tn.it,info@istitutodellearti.tn.it,https://www.istitutodellearti.tn.it,TNSD02000X,3,"

                
LICEO DELLE ARTI DI TRENTO E ROVERETO ""Vittoria-Bonporti-Depero""
            
"
,,,Istituzione scolastica e formativa,LORENZA MORELLI,,"Piazza S Teresa Verzeri,
    
4 -
    
38122    
TRENTO",+39 0461 981465,+39 0461 982734,,,istitutocomprensivo@istitutosacrocuore.it,http://www.istitutosacrocuore.it,,6,"

                
ISTITUTO SACRO CUORE - TRENTO
            
"
,,,Istituzione scolastica e formativa,PAOLO MUNARETTO,,"Via Barbacovi,
    
22 -
    
38122    
TRENTO",+39 0461 885555,+39 0461 981972,sdbtrento@pcert.postecert.it,,segreteria@sdbtrento.it,http://www.sdbtrento.it,,1,"

                
ISTITUTO SALESIANO MARIA AUSILIATRICE - TRENTO
            
"
,,,Istituzione scolastica e formativa,NICOLA TOFFANELLO,,"Via Molaren,
    
29 -
    
38050    
MEZZANO",+39 0439 762019,+39 0439 762664,salesianimezzano@pec.it,,segreteria@sdbmezzano.it,http://www.salesianimezzano.it,,2,"

                
ISTITUTO SALESIANO S. CROCE - MEZZANO
            
"
,,,Istituzione scolastica e formativa,ANDREA BEZZI,,"Via Brigata Acqui,
    
19 -
    
38122    
TRENTO",0461239955,0461230175,tambosibattisti@pec.provincia.tn.it,dir.tambositn@scuole.provincia.tn.it,segr.tambositn@scuole.provincia.tn.it,http://tambosi.tn.it,TNTD18000T,2,"

                
ISTITUTO TECNICO ECONOMICO ""A. Tambosi"" - TRENTO
            
"
,,,Istituzione scolastica e formativa,ALFREDO ROMANTINI,,"Via IV Novembre,
    
35 -
    
38023    
CLES",+39 0463 421695,+39 0463 421477,pilati@pec.provincia.tn.it,dir.itetpilati@scuole.provincia.tn.it,segr.itetpilati@scuole.provincia.tn.it,http://www.istitutopilati.it,TNTD100001,5,"

                
ISTITUTO TECNICO ECONOMICO E TECNOLOGICO ""C.A. Pilati"" - CLES
            
"
,,,Istituzione scolastica e formativa,GIUSEPPE SANTOLI,,"Via Del Teatro,
    
4 -
    
38068    
ROVERETO",+39 0464 436100,+39 0464 434116,fontana@pec.provincia.tn.it,dir.fontana@scuole.provincia.tn.it,segr.fontana@scuole.provincia.tn.it,http://www.fgfontana.eu,TNTD020009,4,"

                
ISTITUTO TECNICO ECONOMICO E TECNOLOGICO ""F. e G. Fontana"" - ROVERETO
            
"
,,,Istituzione scolastica e formativa,GIUSEPPE RIZZA,,"Via Monti,
    
1 -
    
38068    
ROVERETO",+39 0464 411400,+39 0464 419130,marconi@pec.provincia.tn.it,dir.itimarconi@scuole.provincia.tn.it,segr.itimarconi@scuole.provincia.tn.it,http://www.marconirovereto.it,TNTF02000G,2,"

                
ISTITUTO TECNICO TECNOLOGICO ""G. Marconi"" - ROVERETO
            
"
,,,Istituzione scolastica e formativa,LAURA ZOLLER,,"Via Brigata Acqui,
    
15 -
    
38122    
TRENTO",+39 0461 216811,+39 0461 984216,buonarroti@pec.provincia.tn.it,dir.buonarroti@scuole.provincia.tn.it,istituto.tecnico@buonarroti.tn.it,http://www.buonarroti.tn.it/,TNIS013001,2,"

                
ISTITUTO TECNICO TECNOLOGICO ""M. Buonarroti"" - TRENTO
            
"
,,,Istituzione scolastica e formativa,PAOLO PENDENZA,,"Corso Bettini,
    
86 -
    
38068    
ROVERETO",+39 0464 437700,+39 0464 420025,rosmini.rovereto@pec.provincia.tn.it,dir.liceorosmini@scuole.provincia.tn.it,segr.liceorosmini@scuole.provincia.tn.it,http://www.liceorosmini.eu,TNPC02000A,4,"

                
LICEO ""A. Rosmini"" - ROVERETO
            
"
,,,Istituzione scolastica e formativa,STEFANO KIRCHNER,,"Via Malfatti,
    
2 -
    
38122    
TRENTO",+39 0461 914400,+39 0461 914498,rosmini.trento@pec.provincia.tn.it,dir.rosmini.tn@scuole.provincia.tn.it,segr.rosmini.tn@scuole.provincia.tn.it,http://www.rosmini.eu,TNPM01000X,4,"

                
LICEO ""A. Rosmini"" - TRENTO
            
"
,,,Istituzione scolastica e formativa,TERESA PERITI,,"Via IV Novembre,
    
35 -
    
38023    
CLES",+39 0463 424049,+39 0463 424577,russell@pec.provincia.tn.it,dir.russell@scuole.provincia.tn.it,segr.russell@scuole.provincia.tn.it,http://www.liceorussell.eu,TNIS00600T,6,"

                
LICEO ""B. Russell"" - CLES
            
"
,,,Istituzione scolastica e formativa,MANUELA BROZ,,"Corso Rosmini,
    
61 -
    
38068    
ROVERETO",+39 0464 421223,+39 0464 433003,filzi@pec.provincia.tn.it,dir.isup.filzi@scuole.provincia.tn.it,segr.isup.filzi@scuole.provincia.tn.it,http://www.liceofilzi.it,TNPM02000E,2,"

                
LICEO ""F. Filzi"" - ROVERETO
            
"
,,,Istituzione scolastica e formativa,PAOLA BARATTER,,"Via S Trinita,
    
38 -
    
38122    
TRENTO",+39 0461 980190,+39 0461 980747,prati@pec.provincia.tn.it,dir.liceoprati@scuole.provincia.tn.it,segr.liceoprati@scuole.provincia.tn.it,http://www.liceoprati.it,TNPC04000G,1,"

                
LICEO CLASSICO ""G. Prati"" - TRENTO
            
"
,,,Istituzione scolastica e formativa,ELENA RUGGIERI,,"Viale Bolognini,
    
88 -
    
38122    
TRENTO",+39 0461 913479,+39 0461 913367,galilei@pec.provincia.tn.it,dir.liceogalilei@scuole.provincia.tn.it,segr.liceogalilei@scuole.provincia.tn.it,http://www.lsgalilei.org/,TNPS01000V,2,"

                
LICEO SCIENTIFICO ""G. Galilei"" - TRENTO
            
"
,,,Istituzione scolastica e formativa,TIZIANA ROSSI,,"Via Madruzzo,
    
24 -
    
38122    
TRENTO",+39 0461 984099,+39 0461 986257,davinci@pec.provincia.tn.it,dir.liceodavinci@scuole.provincia.tn.it,segr.liceodavinci@scuole.provincia.tn.it,http://www.liceodavincitn.it,TNPS02000D,2,"

                
LICEO SCIENTIFICO ""L. Da Vinci"" - TRENTO
            
"
,,FEDERICO CORRADINI,Istituzione scolastica e formativa,FEDERICO CORRADINI,,"Strada Giuseppe Soraperra - Pozza di Fassa,
    
6 -
    
38036    
SAN GIOVANNI DI FASSA - SEN JAN",+39 0462 763702,+39 0462 760001,scuolaladinadifassa@pec.provincia.tn.it,dir.scuolaladinadifassa@scuole.provincia.tn.it,segr.scuolaladinadifassa@scuole.provincia.tn.it,http://www.scuoladifassa.it,TNIC85000Q,10,"

                
SCUOLA LADINA DI FASSA - SCOLA LADINA DE FASCIA
            
"
,,,Istituzione scolastica e formativa,GIOVANNI SCALFI,CLAUDIO MARCH,"Via Murialdo,
    
30 -
    
38045    
CIVEZZANO",+39 0461 857003,+39 0461 857284,oxford@pec.cooperazionetrentina.it,,info@istitutodecarneri.it,http://www.istitutodecarneri.it,,4,"

                
SOCIETA' COOPERATIVA A R.L. ""I. DE CARNERI"" OXFORD CIVEZZANO
            
"
PAMELA TOMASELLI,,,Scuola dell'infanzia,,,"Via S Antonio,
    
22 -
    
38041    
ALBIANO",0461-689486,+39 0461 723325,albiano.presidente@fpsm.tn.it,,albiano.segretario@fpsm.tn.it,,,1,"

                
Scuola dell'infanzia di Albiano
            
"
SANDRA CIAPPI,,,Scuola dell'infanzia,,,"Via XXV Aprile,
    
5 -
    
38060    
ALDENO",0461-842597,,aldeno.presidente@fpsm.tn.it,,aldeno.segretario@fpsm.tn.it,,,1,"

                
Scuola dell'infanzia di Aldeno
            
"
ELENA RICCI,,,Scuola dell'infanzia,,,"Via Paganella,
    
5 -
    
38010    
ANDALO",0461-585898,,andalo.presidente@fpsm.tn.it,,andalo.segretario@fpsm.tn.it,,,1,"

                
Scuola dell'infanzia di Andalo
            
"
GIANNA ANGELI,,,Scuola dell'infanzia,,,"Viale Capitelli,
    
16 -
    
38062    
ARCO",0464-516369,,arco.segretario@fpsm.tn.it,,arco.segretario@fpsm.tn.it,,,1,"

                
Scuola dell'infanzia di Arco
            
"
FRANCESCA VARESCHI,,,Scuola dell'infanzia,,,"Via Dante,
    
5 -
    
38063    
AVIO",0464-684102,,avio.presidente@fpsm.tn.it,,avio.segretario@fpsm.tn.it,,,1,"

                
Scuola dell'infanzia di Avio
            
"
MARIANGELA SIMONCINI,,,Scuola dell'infanzia,,,"Via di S Taddeo,
    
8 -
    
38056    
LEVICO TERME",0461-707295,,barco.presidente@fpsm.tn.it,,barco.segretario@fpsm.tn.it,,,1,"

                
Scuola dell'infanzia di Barco di Levico
            
"
GIANNA ANGELI,,,Scuola dell'infanzia,,,"Piazza Vittoria,
    
1 -
    
38062    
ARCO",0464-516315,,bolognano.presidente@fpsm.tn.it,,bolognano.segretario@fpsm.tn.it,,,1,"

                
Scuola dell'infanzia di Bolognano
            
"
ALESSANDRA POMILIO,,,Scuola dell'infanzia,,,"Via Giusti,
    
46 -
    
38080    
BONDONE",0465-299996,,bondone.presidente@fpsm.tn.it,,bondone.segretario@fpsm.tn.it,,,1,"

                
Scuola dell'infanzia di Bondone
            
"
ROBERTA MEDEGHINI,,,Scuola dell'infanzia,,,"Via Fedrigotti,
    
9 -
    
38068    
ROVERETO",0464-430541,,borgo.sacco.presidente@fpsm.tn.it,,borgo.sacco.segretario@fpsm.tn.it,,,1,"

                
Scuola dell'infanzia di Borgo Sacco
            
"
PAOLA SANGIORGI,,,Scuola dell'infanzia,,,"Piazza Romani,
    
8 -
    
38051    
BORGO VALSUGANA",0461-754771,,borgo.valsugana.presidente@fpsm.tn.it,,borgo.valsugana.segretario@fpsm.tn.it,,,1,"

                
Scuola dell'infanzia di Borgo Valsugana
            
"
FRANCESCA VARESCHI,,,Scuola dell'infanzia,,,"Via Mantova,
    
5 -
    
38060    
BRENTONICO",0464-395628,,brentonico.segretario@fpsm.tn.it,,brentonico.segretario@fpsm.tn.it,,,1,"

                
Scuola dell'infanzia di Brentonico
            
"
MARIANGELA SIMONCINI,,,Scuola dell'infanzia,,,"Via Cavour,
    
2 -
    
38050    
CALCERANICA AL LAGO",0461-723325,,calceranica.contabile@fpsm.tn.it,,calceranica.segretario@fpsm.tn.it,,,1,"

                
Scuola dell'infanzia di Calceranica
            
"
MARIANGELA SIMONCINI,,,Scuola dell'infanzia,,,"Via Asilo,
    
1 -
    
38052    
CALDONAZZO",0461-724658,,caldonazzo.presidente@fpsm.tn.it,,caldonazzo.segretario@fpsm.tn.it,,,1,"

                
Scuola dell'infanzia di Caldonazzo
            
"
SARA DE ZOLT,,,Scuola dell'infanzia,,,"Strèda sènc Felip e Giacum,
    
9 -
    
38031    
CAMPITELLO DI FASSA - CIAMPEDEL",0462-750470,,campitello.presidente@fpsm.tn.it,,campitello.segretario@fpsm.tn.it,,,1,"

                
Scuola dell'infanzia di Campitello di Fassa
            
"
UTE PANCHER,,,Scuola dell'infanzia,,,"Via S Maurizio,
    
3 -
    
38010    
CAMPODENNO",0461-655166,,campodenno.presidente@fpsm.tn.it,,campodenno.segretario@fpsm.tn.it,,,1,"

                
Scuola dell'infanzia di Campodenno
            
"
TIZIANA CEOL,,,Scuola dell'infanzia,,,"Via Giovanelli,
    
40 -
    
38033    
VILLE DI FIEMME",0462-341759,,carano.presidente@fpsm.tn.it,,carano.segretario@fpsm.tn.it,,,1,"

                
Scuola dell'infanzia di Carano
            
"
PAMELA TOMASELLI,,,Scuola dell'infanzia,,,"Via IV Novembre,
    
34/A -
    
38010    
TERRE D'ADIGE",0461-870656,,nave.presidente@fpsm.tn.it,,nave.segretario@fpsm.tn.it,,,1,"

                
Scuola dell'infanzia di Nave San Rocco
            
"
ROBERTA MEDEGHINI,,,Scuola dell'infanzia,,,"Via Baroni Del Moll,
    
2 -
    
38060    
NOMI",0464-835294,,nomi.segretario@fpsm.tn.it,,nomi.segretario@fpsm.tn.it,,,1,"

                
Scuola dell'infanzia di Nomi
            
"
DANIELA DALCASTAGNE',,,Scuola dell'infanzia,,,"Via XX Settembre,
    
5 -
    
38050    
OSPEDALETTO",+39 347 0362437,,ospedaletto.presidente@fpsm.tn.it,,ospedaletto.segretario@fpsm.tn.it,,,1,"

                
Scuola dell'infanzia di Ospedaletto
            
"
SANDRA CIAPPI,,,Scuola dell'infanzia,,,"Via alle Cime - Padergnone,
    
14 -
    
38070    
VALLELAGHI",0461-864358,,padergnone.presidente@fpsm.tn.it,,padergnone.segretario@fpsm.tn.it,,,1,"

                
Scuola dell'infanzia di Padergnone
            
"
SARA DE ZOLT,,,Scuola dell'infanzia,,,"Piazza Chiesa,
    
6 -
    
38030    
PANCHIA'",0462-814141,,panchia.presidente@fpsm.tn.it,,panchia.segretario@fpsm.tn.it,,,1,"

                
Scuola dell'infanzia di Panchià
            
"
ROBERTA MEDEGHINI,,,Scuola dell'infanzia,,,"Via S Antonio,
    
1 -
    
38060    
VILLA LAGARINA",0464-412151,,pedersano.presidente@fpsm.tn.it,,pedersano.segretario@fpsm.tn.it,,,1,"

                
Scuola dell'infanzia di Pedersano
            
"
GIANNA ANGELI,,,Scuola dell'infanzia,,,"Piazza Mercato,
    
11 -
    
38074    
DRO",0464-507142,,pietramurata.presidente@fpsm.tn.it,,pietramurata.segretario@fpsm.tn.it,,,1,"

                
Scuola dell'infanzia di Pietramurata
            
"
DANIELA DALCASTAGNE',,,Scuola dell'infanzia,,,"Via Fratelli Rizza',
    
14 -
    
38050    
PIEVE TESINO",0461-594733,,pieve.tesino.presidente@fpsm.tn.it,,pieve.tesino.segretario@fpsm.tn.it,,,1,"

                
Scuola dell'infanzia di Pieve Tesino
            
"
ALESSANDRA POMILIO,,,Scuola dell'infanzia,,,"Via Fiera - Creto - Pieve di Bono,
    
9/B -
    
38085    
PIEVE DI BONO-PREZZO",0465-674083,,pieve.bono.presidente@fpsm.tn.it,,pieve.bono.segretario@fpsm.tn.it,,,1,"

                
Scuola dell'infanzia di Pieve di Bono
            
"
FRANCESCA VARESCHI,,,Scuola dell'infanzia,,,"Piazza Vittorio Veneto - Pilcante,
    
19 -
    
38061    
ALA",0464-672588,,pilcante.presidente@fpsm.tn.it,,pilcante.segretario@fpsm.tn.it,,,1,"

                
Scuola dell'infanzia di Pilcante
            
"
ALESSANDRA POMILIO,,,Scuola dell'infanzia,,,"Via Al Sole,
    
43 -
    
38086    
PINZOLO",0465-501019,,pinzolo.presidente@fpsm.tn.it,,pinzolo.segretario@fpsm.tn.it,,,1,"

                
Scuola dell'infanzia di Pinzolo
            
"
LORENZO SANTORUM,,,Scuola dell'infanzia,,,"Via S Giovanni Bosco - Ponte Arche - Bleggio Inferiore,
    
7 -
    
38070    
COMANO TERME",0465-702422,,ponte.arche.presidente@fpsm.tn.it,,ponte.arche.segretario@fpsm.tn.it,,,1,"

                
Scuola dell'infanzia di Ponte Arche
            
"
IVANA LEONARDELLI,,,Scuola dell'infanzia,,,"Via Pante',
    
1 -
    
38123    
TRENTO",0461-810049,,povo.presidente@fpsm.tn.it,,povo.segretario@fpsm.tn.it,,,1,"

                
Scuola dell'infanzia di Povo
            
"
ROBERTA MEDEGHINI,,,Scuola dell'infanzia,,,"Frazione Vanza,
    
50 -
    
38068    
TRAMBILENO",0464-868074,,trambileno.presidente@fpsm.tn.it,,trambileno.segretario@fpsm.tn.it,,,1,"

                
Scuola dell'infanzia di Pozza di Trambileno
            
"
PAMELA TOMASELLI,,,Scuola dell'infanzia,,,"Via Pilati,
    
16 -
    
38015    
LAVIS",0461-240394,,pressano.presidente@fpsm.tn.it,,pressano.segretario@fpsm.tn.it,,,1,"

                
Scuola dell'infanzia di Pressano
            
"
LORENZO SANTORUM,,,Scuola dell'infanzia,,,"Frazione Larido,
    
10 -
    
38071    
BLEGGIO SUPERIORE",0465-779575,,quadra.cavrasto.presidente@fpsm.tn.it,,quadra.cavrasto.segretario@fpsm.tn.it,,,1,"

                
Scuola dell'infanzia di Quadra - Cavrasto
            
"
LUISA FONTANARI,,,Scuola dell'infanzia,,,"Largo Caduti delle Foibe,
    
2 -
    
38066    
RIVA DEL GARDA",0464-553578,,riva.rione.presidente@fpsm.tn.it,,riva.rione.segretario@fpsm.tn.it,,,1,"

                
Scuola dell'infanzia di Riva ""Degasperi""
            
"
LUISA FONTANARI,,,Scuola dell'infanzia,,,"Via S Alessandro,
    
10 -
    
38066    
RIVA DEL GARDA",0464-554051,,s.alessandro.presidente@fpsm.tn.it,,s.alessandro.segretario@fpsm.tn.it,,,1,"

                
Scuola dell'infanzia di Riva del Garda  ""S. Alessandro""
            
"
PAOLA SANGIORGI,,,Scuola dell'infanzia,,,"Via Baldessari,
    
15 -
    
38050    
RONCEGNO TERME",0461-764199,,roncegno.presidente@fpsm.tn.it,,roncegno.segretario@fpsm.tn.it,,,1,"

                
Scuola dell'infanzia di Roncegno
            
"
PAOLA SANGIORGI,,,Scuola dell'infanzia,,,"Via Marchi,
    
14 -
    
38050    
RONCHI VALSUGANA",0461-773197,,ronchi.valsugana.presidente@fpsm.tn.it,,ronchi.valsugana.segretario@fpsm.tn.it,,,1,"

                
Scuola dell'infanzia di Ronchi Valsugana
            
"
UTE PANCHER,,,Scuola dell'infanzia,,,"Via Edison - Taio,
    
3 -
    
38012    
PREDAIA",0463-468269,,taio.presidente@fpsm.tn.it,,taio.segretario@fpsm.tn.it,,,1,"

                
Scuola dell'infanzia di Taio
            
"
PAOLA SANGIORGI,,,Scuola dell'infanzia,,,"Via Paradiso,
    
1 -
    
38050    
TELVE",0461-766315,,telve.presidente@fpsm.tn.it,,telve.segretario@fpsm.tn.it,,,1,"

                
Scuola dell'infanzia di Telve
            
"
LUISA FONTANARI,,,Scuola dell'infanzia,,,"Via Brocchetti,
    
53 -
    
38060    
TENNO",0464-503034,,tenno.presidente@fpsm.tn.it,,tenno.segretario@fpsm.tn.it,,,1,"

                
Scuola dell'infanzia di Tenno
            
"
DANIELA DALCASTAGNE',,,Scuola dell'infanzia,,,"Via Marconi,
    
8/A -
    
38055    
GRIGNO",0461-769192,,tezze.presidente@fpsm.tn.it,,tezze.segretario@fpsm.tn.it,,,1,"

                
Scuola dell'infanzia di Tezze Valsugana
            
"
DANIELA DALCASTAGNE',,,Scuola dell'infanzia,,,"Via Fuganti - Tonadico,
    
8 -
    
38054    
PRIMIERO SAN MARTINO DI CASTROZZA",0439-762062,,tonadico.segretario@fpsm.tn.it,,tonadico.segretario@fpsm.tn.it,,,1,"

                
Scuola dell'infanzia di Tonadico
            
"
LUISA FONTANARI,,,Scuola dell'infanzia,,,"Via Don Davide Gioppi,
    
72 -
    
38069    
NAGO-TORBOLE",0464-505159,,torbole.presidente@fpsm.tn.it,,torbole.segretario@fpsm.tn.it,,,1,"

                
Scuola dell'infanzia di Torbole
            
"
PAOLA SANGIORGI,,,Scuola dell'infanzia,,,"Via Della Fontana,
    
15 -
    
38050    
TORCEGNO",0461-760796,,torcegno.presidente@fpsm.tn.it,,torcegno.segretario@fpsm.tn.it,,,1,"

                
Scuola dell'infanzia di Torcegno
            
"
DANIELA DALCASTAGNE',,,Scuola dell'infanzia,,,"Piazza Municipio - Transacqua,
    
11 -
    
38054    
PRIMIERO SAN MARTINO DI CASTROZZA",0439-62313,,transacqua.presidente@fpsm.tn.it,,transacqua.segretario@fpsm.tn.it,,,1,"

                
Scuola dell'infanzia di Transacqua
            
"
SANDRA CIAPPI,,,Scuola dell'infanzia,,,"Via Asilo Pedrotti,
    
2 -
    
38122    
TRENTO",0461-914039,,trento.pedrotti.presidente@fpsm.tn.it,,trento.pedrotti.segretario@fpsm.tn.it,,,1,"

                
Scuola dell'infanzia di Trento  ""Pedrotti""
            
"
IVANA LEONARDELLI,,,Scuola dell'infanzia,,,"Via Dei Paradisi,
    
4 -
    
38122    
TRENTO",0461-1482248,,trento.canossiane.segretario@fpsm.tn.it,,trento.canossiane.segretario@fpsm.tn.it,,,1,"

                
Scuola dell'infanzia di Trento  Canossiane
            
"
SANDRA CIAPPI,,,Scuola dell'infanzia,,,"Viale Dei Tigli,
    
9/1 -
    
38123    
TRENTO",0461-924555,,trento.s.bartolomeo.segretario@fpsm.tn.it,,trento.s.bartolomeo.segretario@fpsm.tn.it,,,1,"

                
Scuola dell'infanzia di Trento  S. Bartolomeo
            
"
IVANA LEONARDELLI,ANDREA VALERIO,,Scuola dell'infanzia,,,"Via Kofler,
    
10 -
    
38121    
TRENTO",+39 0461 235069,+39 0461 983903,cognola.segretario@fpsm.tn.it,,cognola.segretario@fpsm.tn.it,,,1,"

                
Scuola dell'infanzia di Trento Cognola  ""B. Kofler""
            
"
SANDRA CIAPPI,,,Scuola dell'infanzia,,,"Via Einaudi,
    
66 -
    
38123    
TRENTO",0461-923464,,trento.clarina.presidente@fpsm.tn.it,,trento.clarina.segretario@fpsm.tn.it,,,1,"

                
Scuola dell'infanzia di Trento La Clarina
            
"
IVANA LEONARDELLI,ANDREA VALERIO,,Scuola dell'infanzia,,,"Via per Cognola,
    
43 -
    
38122    
TRENTO",+39 0461 260977,+39 0461 983903,cognola.segretario@fpsm.tn.it,,trento.san.dona.segretario@fpsm.tn.it,,,1,"

                
Scuola dell'infanzia di Trento San Donà ""B. Kofler""
            
"
UTE PANCHER,,,Scuola dell'infanzia,,,"Via Marconi - Tuenno,
    
2 -
    
38019    
VILLE D'ANAUNIA",0463-451238,,tuenno.presidente@fpsm.tn.it,,tuenno.segretario@fpsm.tn.it,,,1,"

                
Scuola dell'infanzia di Tuenno
            
"
LUISA FONTANARI,,,Scuola dell'infanzia,,,"Via Sega,
    
5 -
    
38066    
RIVA DEL GARDA",0464-521350,,varone.presidente@fpsm.tn.it,,varone.segretario@fpsm.tn.it,,,1,"

                
Scuola dell'infanzia di Varone
            
"
ROBERTA BERTOLAS,,,Scuola dell'infanzia,,,"Via di S Pietro,
    
26 -
    
38029    
VERMIGLIO",0463-758141,,vermiglio.presidente@fpsm.tn.it,,vermiglio.segretario@fpsm.tn.it,,,1,"

                
Scuola dell'infanzia di Vermiglio
            
"
SANDRA CIAPPI,,,Scuola dell'infanzia,,,"Via Dante - Vezzano,
    
24 -
    
38070    
VALLELAGHI",0461-864918,,vezzano.presidente@fpsm.tn.it,,vezzano.segretario@fpsm.tn.it,,,1,"

                
Scuola dell'infanzia di Vezzano
            
"
GIANNA ANGELI,,,Scuola dell'infanzia,,,"Via Scuola Materna,
    
1 -
    
38073    
CAVEDINE",0461-566061,,vigo.cavedine.presidente@fpsm.tn.it,,vigo.cavedine.segretario@fpsm.tn.it,,,1,"

                
Scuola dell'infanzia di Vigo Cavedine
            
"
CARMEN FATTORI,,,Scuola dell'infanzia,,,"Via Madonna Dei Prati,
    
3 -
    
38121    
TRENTO",0461-448252,,vigo.meano.contabile@fpsm.tn.it,,vigo.meano.segretario@fpsm.tn.it,,,1,"

                
Scuola dell'infanzia di Vigo Cortesano
            
"
LORENZO SANTORUM,,,Scuola dell'infanzia,,,"Frazione Vigo Lomaso - Lomaso,
    
1 -
    
38070    
COMANO TERME",0465-701249,,vigo.lomaso.presidente@fpsm.tn.it,,vigo.lomaso.segretario@fpsm.tn.it,,,1,"

                
Scuola dell'infanzia di Vigo Lomaso
            
"
CARMEN FATTORI,,,Scuola dell'infanzia,,,"Via del Loghét,
    
69 -
    
38121    
TRENTO",0461-990050,,ghiaie.segretario@fpsm.tn.it,,ghiaie.segretario@fpsm.tn.it,,,1,"

                
Scuola dell'infanzia di Ghiaie di Gardolo
            
"
DANIELA DALCASTAGNE',,,Scuola dell'infanzia,,,"Via Nazario Sauro,
    
25 -
    
38055    
GRIGNO",0461-765333,,grigno.presidente@fpsm.tn.it,,grigno.segretario@fpsm.tn.it,,,1,"

                
Scuola dell'infanzia di Grigno
            
"
MARIANGELA SIMONCINI,,,Scuola dell'infanzia,,,"Piazza delle Nogare,
    
2 -
    
38057    
PERGINE VALSUGANA",0461-532285,,ischia.presidente@fpsm.tn.it,,ischia.segretario@fpsm.tn.it,,,1,"

                
Scuola dell'infanzia di Ischia di Pergine
            
"
PAMELA TOMASELLI,,,Scuola dell'infanzia,,,"Via S Rocco,
    
14 -
    
38040    
LONA-LASES",0461-697101,,lona.presidente@fpsm.tn.it,,lona.segretario@fpsm.tn.it,,,1,"

                
Scuola dell'infanzia di Lona
            
"
ALESSANDRA POMILIO,GIORGIO FERRARI,,Scuola dell'infanzia,,,"Via Serafini - Madonna di Campiglio,
    
13 -
    
38070    
TRE VILLE",0465-442779,+39 0465 442779,madonna.campiglio.segretario@fpsm.tn.it,,madonna.campiglio.segretario@fpsm.tn.it,,,1,"

                
Scuola dell'infanzia di Madonna di Campiglio
            
"
MARIANGELA SIMONCINI,,,Scuola dell'infanzia,,,"Via D Oltrefersina,
    
54 -
    
38057    
PERGINE VALSUGANA",0461-552109,,madrano.segretario@fpsm.tn.it,,madrano.segretario@fpsm.tn.it,,,1,"

                
Scuola dell'infanzia di Madrano
            
"
ROBERTA BERTOLAS,,,Scuola dell'infanzia,,,"Via Don Rauzi,
    
6 -
    
38027    
MALE'",0463-901925,,male.presidente@fpsm.tn.it,,male.segretario@fpsm.tn.it,,,1,"

                
Scuola dell'infanzia di Malè
            
"
PAOLA SANGIORGI,,,Scuola dell'infanzia,,,"Piazza S Margherita,
    
2 -
    
38050    
RONCEGNO TERME",0461-764505,,marter.segretario@fpsm.tn.it,,marter.segretario@fpsm.tn.it,,,1,"

                
Scuola dell'infanzia di Marter
            
"
CARMEN FATTORI,,,Scuola dell'infanzia,,,"Via Sabbionare,
    
3 -
    
38121    
TRENTO",0461-820233,,martignano.segretario@fpsm.tn.it,,martignano.segretario@fpsm.tn.it,,,1,"

                
Scuola dell'infanzia di Martignano ""D. Leone Serafini""
            
"
GIANNA ANGELI,,,Scuola dell'infanzia,,,"Via Maffei - San Martino,
    
2 -
    
38062    
ARCO",0464-517719,,massone.presidente@fpsm.tn.it,,massone.segretario@fpsm.tn.it,,,1,"

                
Scuola dell'infanzia di Massone
            
"
ILARIA MANCINI,,,Scuola dell'infanzia,,,"Via Don Luigi Borghesi,
    
35 -
    
38023    
CLES",0463-421247,,mechel.presidente@fpsm.tn.it,,mechel.segretario@fpsm.tn.it,,,1,"

                
Scuola dell'infanzia di Mechel
            
"
DANIELA DALCASTAGNE',,,Scuola dell'infanzia,,,"Via IV Novembre,
    
16 -
    
38050    
MEZZANO",0439-67027,,mezzano.contabile@fpsm.tn.it,,mezzano.segretario@fpsm.tn.it,,,1,"

                
Scuola dell'infanzia di Mezzano
            
"
ELENA RICCI,,,Scuola dell'infanzia,,,"Via S Giovanni Bosco,
    
4 -
    
38016    
MEZZOCORONA",0461-603933,,mezzocorona.presidente@fpsm.tn.it,,mezzocorona.segretario@fpsm.tn.it,,,1,"

                
Scuola dell'infanzia di Mezzocorona
            
"
ELENA RICCI,,,Scuola dell'infanzia,,,"Corso del Popolo,
    
34/B -
    
38017    
MEZZOLOMBARDO",0461-601324,,mezzolombardo.presidente@fpsm.tn.it,,mezzolombardo.segretario@fpsm.tn.it,,,1,"

                
Scuola dell'infanzia di Mezzolombardo
            
"
SARA DE ZOLT,,,Scuola dell'infanzia,,,"Strada don Giovanni Jori,
    
10 -
    
38035    
MOENA - MOENA",0462-573277,,moena.presidente@fpsm.tn.it,,moena.segretario@fpsm.tn.it,,,1,"

                
Scuola dell'infanzia di Moena
            
"
LUISA FONTANARI,,,Scuola dell'infanzia,,,"Via Sartori - Molina di Ledro,
    
25 -
    
38067    
LEDRO",0464-508477,,molina.ledro.presidente@fpsm.tn.it,,molina.ledro.segretario@fpsm.tn.it,,,1,"

                
Scuola dell'infanzia di Molina di Ledro
            
"
UTE PANCHER,,,Scuola dell'infanzia,,,"Via Della Pausa - Mollaro,
    
1 -
    
38012    
PREDAIA",0463-469224,,mollaro.contabile@fpsm.tn.it,,mollaro.segretario@fpsm.tn.it,,,1,"

                
Scuola dell'infanzia di Mollaro
            
"
ELENA RICCI,,,Scuola dell'infanzia,,,"Piazza S Carlo,
    
20 -
    
38018    
MOLVENO",0461-586969,,molveno.presidente@fpsm.tn.it,,molveno.segretario@fpsm.tn.it,,,1,"

                
Scuola dell'infanzia di Molveno
            
"
PAMELA TOMASELLI,,,Scuola dell'infanzia,,,"Via Capitano Santuari,
    
1 -
    
38048    
SOVER",0461-698351,,sover.presidente@fpsm.tn.it,,sover.segretario@fpsm.tn.it,,,1,"

                
Scuola dell'infanzia di Montesover
            
"
SILVANO MEDVES,,,Scuola dell'infanzia,,,"Via Scuole,
    
3 -
    
38065    
MORI",0464-918156,,mori.segretario@fpsm.tn.it,,mori.segretario@fpsm.tn.it,,,1,"

                
Scuola dell'infanzia di Mori
            
"
LUISA FONTANARI,MORENO MURANO,,Scuola dell'infanzia,,,"Localita Tezze - Nago,
     -
    
38069    
NAGO-TORBOLE",0464-506097,,nago.segretario@fpsm.tn.it,,nago.segretario@fpsm.tn.it,,,1,"

                
Scuola dell'infanzia di Nago
            
"
SILVANO MEDVES,,,Scuola dell'infanzia,,,"Via Del Car,
    
40 -
    
38060    
RONZO-CHIENIS",0464-802944,,ronzo.chienis.presidente@fpsm.tn.it,,ronzo.chienis.segretario@fpsm.tn.it,,,1,"

                
Scuola dell'infanzia di Ronzo-Chienis
            
"
,GIORGIO RELLA,,Scuola dell'infanzia,,,"Via S Maria,
    
58 -
    
38068    
ROVERETO",0464-420061,,asilovannetti@pec.it,,asilovannetti@gmail.com,,,1,"

                
Scuola dell'infanzia di Rovereto  ""Clementino Vannetti""
            
"
ROBERTA MEDEGHINI,,,Scuola dell'infanzia,,,"Corso Rosmini,
    
3 -
    
38068    
ROVERETO",0464-421541,,rovereto.rosmini.presidente@fpsm.tn.it,,rovereto.rosmini.segretario@fpsm.tn.it,,,1,"

                
Scuola dell'infanzia di Rovereto ""Rosmini""
            
"
LORENZO SANTORUM,,,Scuola dell'infanzia,,,"Frazione Santa Croce di Bleggio Inferiore,
    
7 -
    
38070    
COMANO TERME",0465-779900,,s.croce.presidente@fpsm.tn.it,,s.croce.segretario@fpsm.tn.it,,,1,"

                
Scuola dell'infanzia di S. Croce Bleggio
            
"
LORENZO SANTORUM,,,Scuola dell'infanzia,,,"Strada del Toat - San Lorenzo,
    
4 -
    
38078    
SAN LORENZO DORSINO",0465-734005,,san.lorenzo.banale.segretario@fpsm.tn.it,,san.lorenzo.banale.segretario@fpsm.tn.it,,,1,"

                
Scuola dell'infanzia di S. Lorenzo in Banale
            
"
FRANCESCA VARESCHI,,,Scuola dell'infanzia,,,"Via Gazzoletti - Santa Margherita,
    
35 -
    
38061    
ALA",0464-696494,,s.margherita.presidente@fpsm.tn.it,,s.margherita.segretario@fpsm.tn.it,,,1,"

                
Scuola dell'infanzia di S. Margherita di Ala
            
"
FRANCESCA VARESCHI,,,Scuola dell'infanzia,,,"Piazza Conciliazione,
    
3/B -
    
38063    
AVIO",0464-683225,,sabbionara.presidente@fpsm.tn.it,,sabbionara.segretario@fpsm.tn.it,,,1,"

                
Scuola dell'infanzia di Sabbionara
            
"
DANIELA DALCASTAGNE',,,Scuola dell'infanzia,,,"Via Laghetto - San Martino Di Castrozza,
    
30 -
    
38054    
PRIMIERO SAN MARTINO DI CASTROZZA",0439-768666,,s.martino.castrozza.presidente@fpsm.tn.it,,s.martino.castrozza.segretario@fpsm.tn.it,,,1,"

                
Scuola dell'infanzia di San Martino di C.
            
"
GIANNA ANGELI,,,Scuola dell'infanzia,,,"Via Caffaro - Sarche - Calavino,
    
6 -
    
38076    
MADRUZZO",0461-564028,,sarche.presidente@fpsm.tn.it,,sarche.segretario@fpsm.tn.it,,,1,"

                
Scuola dell'infanzia di Sarche
            
"
PAOLA SANGIORGI,,,Scuola dell'infanzia,,,"Via Visintainer,
    
15 -
    
38050    
SCURELLE",0461-762268,,scurelle.presidente@fpsm.tn.it,,scurelle.segretario@fpsm.tn.it,,,1,"

                
Scuola dell'infanzia di Scurelle
            
"
UTE PANCHER,,,Scuola dell'infanzia,,,"Via Sonora - Segno - Taio,
    
18 -
    
38012    
PREDAIA",0463-468064,,segno.presidente@fpsm.tn.it,,segno.segretario@fpsm.tn.it,,,1,"

                
Scuola dell'infanzia di Segno
            
"
PAMELA TOMASELLI,,,Scuola dell'infanzia,,,"Frazione Stedro,
    
80 -
    
38047    
SEGONZANO",327-3311981,,segonzano.presidente@fpsm.tn.it,,segonzano.segretario@fpsm.tn.it,,,1,"

                
Scuola dell'infanzia di Segonzano
            
"
FRANCESCA VARESCHI,,,Scuola dell'infanzia,,,"Via Ingenger Tomasi - Serravalle,
    
5 -
    
38061    
ALA",0464-696304,,serravalle.presidente@fpsm.tn.it,,serravalle.segretario@fpsm.tn.it,,,1,"

                
Scuola dell'infanzia di Serravalle
            
"
DANIELA DALCASTAGNE',,,Scuola dell'infanzia,,,"Via Asilo - Siror,
    
1 -
    
38054    
PRIMIERO SAN MARTINO DI CASTROZZA",0439-62790,,siror.presidente@fpsm.tn.it,,siror.segretario@fpsm.tn.it,,,1,"

                
Scuola dell'infanzia di Siror
            
"
ILARIA MANCINI,,,Scuola dell'infanzia,,,"Via Torre - Smarano,
    
6 -
    
38012    
PREDAIA",0463-536702,,smarano.presidente@fpsm.tn.it,,smarano.segretario@fpsm.tn.it,,,1,"

                
Scuola dell'infanzia di Smarano
            
"
CARMEN FATTORI,,,Scuola dell'infanzia,,,"Via Canelli - Sopramonte,
    
5 -
    
38123    
TRENTO",0461-867021,,sopramonte.presidente@fpsm.tn.it,,sopramonte.segretario@fpsm.tn.it,,,1,"

                
Scuola dell'infanzia di Sopramonte
            
"
ALESSANDRA POMILIO,,,Scuola dell'infanzia,,,"Via S Vigilio,
    
5 -
    
38088    
SPIAZZO",0465-801326,,spiazzo.rendena.contabile@fpsm.tn.it,,spiazzo.rendena.segretario@fpsm.tn.it,,,1,"

                
Scuola dell'infanzia di Spiazzo Rendena
            
"
UTE PANCHER,,,Scuola dell'infanzia,,,"Via dell Asilo,
    
2 -
    
38010    
SPORMAGGIORE",0461-653390,,spormaggiore.contabile@fpsm.tn.it,,spormaggiore.segretario@fpsm.tn.it,,,1,"

                
Scuola dell'infanzia di Spormaggiore
            
"
LORENZO SANTORUM,,,Scuola dell'infanzia,,,"Piazza Dante,
    
15 -
    
38070    
STENICO",0465-771019,,stenico.presidente@fpsm.tn.it,,stenico.segretario@fpsm.tn.it,,,1,"

                
Scuola dell'infanzia di Stenico
            
"
ALESSANDRA POMILIO,,,Scuola dell'infanzia,,,"Via S Floriano,
    
22 -
    
38089    
STORO",0465-296084,,storo.presidente@fpsm.tn.it,,storo.segretario@fpsm.tn.it,,,1,"

                
Scuola dell'infanzia di Storo
            
"
DANIELA DALCASTAGNE',,,Scuola dell'infanzia,,,"Piazza IV Novembre - Strigno,
    
11 -
    
38059    
CASTEL IVANO",0461-762327,,strigno.presidente@fpsm.tn.it,,strigno.segretario@fpsm.tn.it,,,1,"

                
Scuola dell'infanzia di Strigno
            
"
MARIANGELA SIMONCINI,,,Scuola dell'infanzia,,,"Via Dell Asilo,
    
5 -
    
38057    
PERGINE VALSUGANA",0461-538471,,susa.presidente@fpsm.tn.it,,susa.segretario@fpsm.tn.it,,,1,"

                
Scuola dell'infanzia di Susà
            
"
ALESSANDRA POMILIO,,,Scuola dell'infanzia,,,"Viale Trento,    
4 -  
38080    
CARISOLO",0465-501433,,carisolo.presidente@fpsm.tn.it,,carisolo.segretario@fpsm.tn.it,,,1,"Scuola dell'infanzia di Carisolo"
ILARIA MANCINI,,,Scuola dell'infanzia,,,"Via della Pontara - Casez,
    
10 -
    
38010    
SANZENO",0463-434219,,casez.presidente@fpsm.tn.it,,casez.segretario@fpsm.tn.it,,,1,"

                
Scuola dell'infanzia di Casez
            
"
ROBERTA MEDEGHINI,,,Scuola dell'infanzia,,,"Via Caduti,
    
1 -
    
38060    
VILLA LAGARINA",0464-801242,,castellano.presidente@fpsm.tn.it,,castellano.segretario@fpsm.tn.it,,,1,"

                
Scuola dell'infanzia di Castellano
            
"
TIZIANA CEOL,,,Scuola dell'infanzia,,,"Via Latemar,
    
2 -
    
38030    
CASTELLO-MOLINA DI FIEMME",0462-341153,,castello.fiemme.segretario@fpsm.tn.it,,castello.fiemme.segretario@fpsm.tn.it,,,1,"

                
Scuola dell'infanzia di Castello Di Fiemme
            
"
GIANNA ANGELI,,,Scuola dell'infanzia,,,"Via IV Novembre,
    
19 -
    
38073    
CAVEDINE",0461-568548,,cavedine.presidente@fpsm.tn.it,,cavedine.segretario@fpsm.tn.it,,,1,"

                
Scuola dell'infanzia di Cavedine
            
"
PAMELA TOMASELLI,,,Scuola dell'infanzia,,,"Piazza Zanotelli - Cembra,
    
1 -
    
38034    
CEMBRA LISIGNAGO",0461-680173,,cembra.presidente@fpsm.tn.it,,cembra.segretario@fpsm.tn.it,,,1,"

                
Scuola dell'infanzia di Cembra
            
"
FRANCESCA VARESCHI,,,Scuola dell'infanzia,,,"Via Canestrini - Chizzola,
    
1 -
    
38061    
ALA",0464-696397,,chizzola.presidente@fpsm.tn.it,,chizzola.segretario@fpsm.tn.it,,,1,"

                
Scuola dell'infanzia di Chizzola
            
"
ILARIA MANCINI,,,Scuola dell'infanzia,,,"Via Mattioli,
    
13 -
    
38023    
CLES",0463-625164,,cles.presidente@fpsm.tn.it,,cles.segretario@fpsm.tn.it,,,1,"

                
Scuola dell'infanzia di Cles
            
"
ILARIA MANCINI,,,Scuola dell'infanzia,,,"Via di S Stefano,
    
2/A -
    
38028    
NOVELLA",0463-1980632,,cloz.brez.presidente@fpsm.tn.it,,cloz.brez.segretario@fpsm.tn.it,,,1,"

                
Scuola dell'infanzia di Cloz e Brez
            
"
ALESSANDRA POMILIO,,,Scuola dell'infanzia,,,"Via Roma - Condino,
    
37 -
    
38083    
BORGO CHIESE",0465-621009,,condino.presidente@fpsm.tn.it,,condino.segretario@fpsm.tn.it,,,1,"

                
Scuola dell'infanzia di Condino
            
"
ILARIA MANCINI,,,Scuola dell'infanzia,,,"Via delle antiche fontane - Coredo,
    
20 -
    
38012    
PREDAIA",0463-536416,,coredo.segretario@fpsm.tn.it,,coredo.segretario@fpsm.tn.it,,,1,"

                
Scuola dell'infanzia di Coredo
            
"
CARMEN FATTORI,,,Scuola dell'infanzia,,,"Via Bresadola,
    
6 -
    
38121    
TRENTO",0461-823359,,trento.cristore.segretario@fpsm.tn.it,,trento.cristore.segretario@fpsm.tn.it,,,1,"

                
Scuola dell'infanzia di Cristo Re -Trento
            
"
SILVANO MEDVES,,,Scuola dell'infanzia,,,"Via S Biagio,
    
30 -
    
38060    
BRENTONICO",0464-395693,,crosano.segretario@fpsm.tn.it,,crosano.segretario@fpsm.tn.it,,,1,"

                
Scuola dell'infanzia di Crosano
            
"
ILARIA MANCINI,,,Scuola dell'infanzia,,,"Via Garibaldi,
    
33 -
    
38010    
DAMBEL",0463-437181,,dambel.presidente@fpsm.tn.it,,dambel.segretario@fpsm.tn.it,,,1,"

                
Scuola dell'infanzia di Dambel
            
"
ROBERTA BERTOLAS,,,Scuola dell'infanzia,,,"Via Alla Chiesa - Dimaro,
    
26 -
    
38025    
DIMARO FOLGARIDA",0463-974301,,dimaro.contabile@fpsm.tn.it,,dimaro.segretario@fpsm.tn.it,,,1,"

                
Scuola dell'infanzia di Dimaro
            
"
PAMELA TOMASELLI,,,Scuola dell'infanzia,,,"Via Perlaia - Faver,
    
17 -
    
38030    
ALTAVALLE",+39 328 7310914,,faver.presidente@fpsm.tn.it,,faver.segretario@fpsm.tn.it,,,1,"

                
Scuola dell'infanzia di Faver
            
"
LORENZO SANTORUM,,,Scuola dell'infanzia,,,"Piazza S Sebastiano,
    
24 -
    
38075    
FIAVE'",0465-735129,,fiave.contabile@fpsm.tn.it,,fiave.segretario@fpsm.tn.it,,,1,"

                
Scuola dell'infanzia di Fiavè
            
"
DANIELA DALCASTAGNE',,,Scuola dell'infanzia,,,"Viale Marconi - Pieve,
    
1 -
    
38054    
PRIMIERO SAN MARTINO DI CASTROZZA",0439-762196,0439764911,fiera.presidente@fpsm.tn.it,,fiera.segretario@fpsm.tn.it,,,1,"

                
Scuola dell'infanzia di Fiera di Primiero
            
"
ILARIA MANCINI,,,Scuola dell'infanzia,,,"Piazza Don Stefenelli - Fondo,
    
5 -
    
38020    
BORGO D'ANAUNIA",0463-831254,,fondo.contabile@fpsm.tn.it,,fondo.segretario@fpsm.tn.it,,,1,"

                
Scuola dell'infanzia di Fondo
            
"
MARIANGELA SIMONCINI,,,Scuola dell'infanzia,,,"Via Del Borgolet,
    
16 -
    
38040    
FORNACE",0461-849351,,fornace.presidente@fpsm.tn.it,,fornace.segretario@fpsm.tn.it,,,1,"

                
Scuola dell'infanzia di Fornace
            
"
CARMEN FATTORI,,,Scuola dell'infanzia,,,"Via S Anna,
    
9 -
    
38121    
TRENTO",0461-990296,,gardolo.segretario@fpsm.tn.it,,gardolo.segretario@fpsm.tn.it,,,1,"

                
Scuola dell'infanzia di Gardolo
            
"
,,,Istituzione scolastica e formativa,CHIARA GHETTA,,"Corso Buonarroti,
    
50 -
    
38122    
TRENTO",+39 0461 236214,+39 0461 230583,ic.trento6@pec.provincia.tn.it,dir.ic.tn6@scuole.provincia.tn.it,segr.ic.tn6@scuole.provincia.tn.it,http://www.ictrento6.it,TNIC85800A,7,"

                
ISTITUTO COMPRENSIVO TRENTO 6
            
"
,,,Istituzione scolastica e formativa,GIUSEPPE PRIGIOTTI,,"Viale Della Pace,
    
10 -
    
38086    
PINZOLO",+39 0465 501139,+39 0465 512119,ic.valrendena@pec.provincia.tn.it,dir.ic.valrendena@scuole.provincia.tn.it,segr.ic.valrendena@scuole.provincia.tn.it,http://www.icvalrendena.it,TNIC83400T,10,"

                
ISTITUTO COMPRENSIVO VAL RENDENA
            
"
,,,Istituzione scolastica e formativa,SARA TURRINI,,"Via Roma - Vezzano,
    
3 -
    
38070    
VALLELAGHI",+39 0461 864026,+39 0461 340648,ic.valledeilaghi@pec.provincia.tn.it,dir.ic.valledeilaghi@scuole.provincia.tn.it,segr.ic.valledeilaghi@scuole.provincia.tn.it,http://www.icvalledeilaghidro.it,TNIC84400C,11,"

                
ISTITUTO COMPRENSIVO VALLE DEI LAGHI - DRO
            
"
,,,Istituzione scolastica e formativa,PAOLA MARONI,,"Via Falcone e Borsellino - Bezzecca,
    
2 -
    
38067    
LEDRO",+39 0464 592800,+39 0464 592819,ic.vallediledro@pec.provincia.tn.it,dir.ic.bezzecca@scuole.provincia.tn.it,segr.ic.bezzecca@scuole.provincia.tn.it,http://www.icvallediledro.it,TNIC80600N,4,"

                
ISTITUTO COMPRENSIVO VALLE DI LEDRO
            
"
,,,Istituzione scolastica e formativa,GABRIELLA VITALE,,"Via Garibaldi - Vigolo Vattaro,
    
8 -
    
38049    
ALTOPIANO DELLA VIGOLANA",+39 0461 848878,+39 0461 845217,ic.vigolovattaro@pec.provincia.tn.it,dir.vigolovattaro@scuole.provincia.tn.it,segr.vigolovattaro@scuole.provincia.tn.it,http://www.icvigolovattaro.it,TNIC803006,4,"

                
ISTITUTO COMPRENSIVO VIGOLO VATTARO
            
"
,,,Istituzione scolastica e formativa,TIZIANA CHEMOTTI,,"Via Stockstadt Am Rhein,
    
3 -
    
38060    
VILLA LAGARINA",+39 0464 411312,+39 0464 411705,ic.villalagarina@pec.provincia.tn.it,dir.ic.villalagarina@scuole.provincia.tn.it,segr.ic.villalagarina@scuole.provincia.tn.it,http://www.icvillalagarina.it,TNIC846004,5,"

                
ISTITUTO COMPRENSIVO VILLA LAGARINA
            
"
,,,Istituzione scolastica e formativa,VENERA MUNAFO',,"Via Murialdo,
    
27 -
    
38045    
CIVEZZANO",+39 0461 858485,+39 0461 858901,ic.civezzano@pec.provincia.tn.it,dir.i.c.civezzano@scuole.provincia.tn.it,segr.i.c.civezzano@scuole.provincia.tn.it,http://www.iccivezzano.eu,TNIC817004,6,"

                
ISTITUTO COMPRENSIVO CIVEZZANO
            
"
,,,Istituzione scolastica e formativa,ROMEO COLLINI,,"Via Papaleoni,
    
5 -
    
38089    
STORO",+39 0465 686039,+39 0465 687076,ic.chiese-storo@pec.provincia.tn.it,dir.ic.chiese@scuole.provincia.tn.it,segr.ic.chiese@scuole.provincia.tn.it,http://www.istitutodelchiese.it,TNIC838005,6,"

                
ISTITUTO COMPRENSIVO DEL CHIESE ""Don L. Milani""
            
"
,,,Istituzione scolastica e formativa,ROBERTA BISOFFI,,"Via Battisti,
    
24 -
    
38064    
FOLGARIA",+39 0464 721283,+39 0464 723563,ic.folgaria-lavarone@pec.provincia.tn.it,dir.rella.folgaria@scuole.provincia.tn.it,segr.rella.folgaria@scuole.provincia.tn.it,http://www.icfolgarialavaroneluserna.it,TNIC804002,8,"

                
ISTITUTO COMPRENSIVO FOLGARIA - LAVARONE - LUSERNA
            
"
,,,Istituzione scolastica e formativa,ROBERTA GAMBARO,,"Via Laviosa Zambotti - Fondo,
    
24 -
    
38020    
BORGO D'ANAUNIA",+39 0463 831134,+39 0463 831746,ic.fondo@pec.provincia.tn.it,dir.ic.fondo@scuole.provincia.tn.it,segr.ic.fondo@scuole.provincia.tn.it,http://www.icfondorevo.it,TNIC82800E,10,"

                
ISTITUTO COMPRENSIVO FONDO - REVO'
            
"
MILENA ENDRIZZI,,,Circolo di coordinamento pedagogico,,,"Viale Trento,
    
37/E -
    
38068    
ROVERETO",+39 0464 493116,+39 0464 493117,circolo.coordinamento09@provincia.tn.it,,circolo.coordinamento09@provincia.tn.it,,,9,"

                
Circolo di coordinamento n. 9
            
"
TATIANA SORAPERRA,,FEDERICO CORRADINI,Circolo di coordinamento pedagogico,,,"Strada Giuseppe Soraperra - Pozza di Fassa,
    
6 -
    
38036    
SAN GIOVANNI DI FASSA - SEN JAN",+39 0462 760340,+39 0462 760001,coordinamento.scuoleladine@provincia.tn.it,,coordinamento.scuoleladine@provincia.tn.it,,,3,"

                
Coordinamento pedagogico scuole provinciali dell'infanzia ladine
            
"
,,,Istituzione scolastica e formativa,ALESSANDRO MIORELLI,,"Via XXIV Maggio,
    
1 -
    
38062    
ARCO",+39 0464 519546,+39 0464 519959,gardascuola@pec.cooperazionetrentina.it,,segreteria@gardascuola.it,http://www.gardascuola.it,,5,"

                
GARDASCUOLA SOCIETA' COOPERATIVA SOCIALE - ARCO
            
"
,,,Istituzione scolastica e formativa,,LAURA SCALFI,"Piazzale Orsi,
    
1 -
    
38068    
ROVERETO",+39 0464 433484,+39 0464 436873,iscrizioni.veronesi@pec.it,,segreteria.dir@cfpgveronesi.it,http://www.cfpgveronesi.it,TNCF002001,3,"

                
Giuseppe Veronesi - Centro di istruzione scolastica e di formazione professionale
            
"
,,,Istituzione scolastica e formativa,MAURA MAINO,,"Via Don Anzelini,
    
2 -
    
38061    
ALA",+39 0464 671119,+39 0464 674138,ic.ala@pec.provincia.tn.it,dir.ic.ala@scuole.provincia.tn.it,segr.ic.ala@scuole.provincia.tn.it,http://www.istitutocomprensivoala.it,TNIC84800Q,3,"

                
ISTITUTO COMPRENSIVO ALA ""Antonio Bresciani""
            
"
,,,Istituzione scolastica e formativa,TIZIANA CHIARA PASQUINI,,"Via Della Torre Franca,
    
1 -
    
38123    
TRENTO",+39 0461 945237,+39 0464 946007,ic.aldeno-mattarello@pec.provincia.tn.it,dir.aldeno.mattarello@scuole.provincia.tn.it,segr.aldeno.mattarello@scuole.provincia.tn.it,http://www.icaldenomattarello.it,TNIC82100Q,6,"

                
ISTITUTO COMPRENSIVO ALDENO MATTARELLO
            
"
,,,Istituzione scolastica e formativa,FRANCO VANIN,,"Via S Michele,
    
11 -
    
38026    
OSSANA",+39 0463 751129,+39 0463 750043,ic.altavaldisole@pec.provincia.tn.it,dir.icaltavaldisole@scuole.provincia.tn.it,segr.icaltavaldisole@scuole.provincia.tn.it,http://www.icaltavaldisole.it,TNIC832006,7,"

                
ISTITUTO COMPRENSIVO ALTA VAL DI SOLE
            
"
,,,Istituzione scolastica e formativa,PIERA PEGORETTI,,"Via Stazione,
    
30 -
    
38060    
VOLANO",+39 0464 410475,+39 0461 490699,ic.altavallagarina@pec.provincia.tn.it,dir.ic.altavallagarina@scuole.provincia.tn.it,segr.ic.altavallagarina@scuole.provincia.tn.it,http://www.ic-altavallagarina.it,TNIC86000A,4,"

                
ISTITUTO COMPRENSIVO ALTA VALLAGARINA
            
"
,,,Istituzione scolastica e formativa,NORMA BORGOGNO,,"Via del XXVI Maggio - Baselga,
    
6 -
    
38042    
BASELGA DI PINE'",+39 0461 557138,+39 0461 558163,ic.pine@pec.provincia.tn.it,dir.ic.altopianodipine@scuole.provincia.tn.it,segr.ic.altopianodipine@scuole.provincia.tn.it,http://www.icpine.eu,TNIC816008,4,"

                
ISTITUTO COMPRENSIVO ALTOPIANO DI PINE'
            
"
,,,Istituzione scolastica e formativa,CLAUDIA TERRANOVA,,"Localita Prabi,
     -
    
38062    
ARCO",+39 0464 516429,+39 0464 517064,ic.arco@pec.provincia.tn.it,dir.ic.arco@scuole.provincia.tn.it,segr.ic.arco@scuole.provincia.tn.it,http://www.icarco.edu.it,TNIC840005,5,"

                
ISTITUTO COMPRENSIVO ARCO
            
"
,,,Istituzione scolastica e formativa,DANIELA FRUET,,"Via Monte Cristallo,
    
2 -
    
38057    
PERGINE VALSUGANA",+39 0461 532261,+39 0461 533167,ic.pergine1@pec.provincia.tn.it,dir.ic.pergine1@scuole.provincia.tn.it,segr.ic.pergine1@scuole.provincia.tn.it,http://www.icpergine1.it/,TNIC81400L,6,"

                
ISTITUTO COMPRENSIVO PERGINE 1
            
"
,,,Istituzione scolastica e formativa,STEFANO MORELATO,,"Via Amstetten,
    
4 -
    
38057    
PERGINE VALSUGANA",+39 0461 512312,+39 0461 530043,ic.pergine2@pec.provincia.tn.it,dir.freinet@scuole.provincia.tn.it,segr.freinet@scuole.provincia.tn.it,http://www.icpergine2.it,TNIC81500C,5,"

                
ISTITUTO COMPRENSIVO PERGINE 2 ""C. Freinet""
            
"
,,,Istituzione scolastica e formativa,ELISABETTA PIZIO,,"Corso Degasperi,
    
8 -
    
38037    
PREDAZZO",+39 0462 501131,+39 0462 500023,ic.predazzo@pec.provincia.tn.it,dir.ic.predazzo@scuole.provincia.tn.it,segr.ic.predazzo@scuole.provincia.tn.it,http://www.ic-predazzotesero.it,TNIC808009,5,"

                
ISTITUTO COMPRENSIVO PREDAZZO TESERO PANCHIA' ZIANO
            
"
,,,Istituzione scolastica e formativa,MAURIZIO CAPRONI,,"Piazza Contini,
    
8 -
    
38066    
RIVA DEL GARDA",+39 0464 552170,+39 0464 520789,ic.riva2@pec.provincia.tn.it,dir.ic.riva2@scuole.provincia.tn.it,segr.ic.riva2@scuole.provincia.tn.it,http://www.riva2.it,TNIC84200R,4,"

                
ISTITUTO COMPRENSIVO RIVA 2 ""L. Pizzini""
            
"
,,,Istituzione scolastica e formativa,DANIELA DEPENTORI,,"Corso Bettini,
    
67 -
    
38068    
ROVERETO",+39 0464 420759,+39 0464 480415,ic.roveretonord@pec.provincia.tn.it,dir.ic.roveretonord@scuole.provincia.tn.it,segr.ic.roveretonord@scuole.provincia.tn.it,http://www.icroveretonord.it,TNIC859006,3,"

                
ISTITUTO COMPRENSIVO ROVERETO NORD
            
"
,,,Istituzione scolastica e formativa,GIULIANA SIGHEL,,"Via Roma - Strigno,
    
14 -
    
38059    
CASTEL IVANO",+39 0461 762046,+39 0461 763409,ic.strignotesino@pec.provincia.tn.it,dir.ic.strignoetesino@scuole.provincia.tn.it,segr.ic.strignoetesino@scuole.provincia.tn.it,http://www.icstrignoetesino.it,TNIC80100E,8,"

                
ISTITUTO COMPRENSIVO STRIGNO E TESINO
            
"
,,,Istituzione scolastica e formativa,RENATO PAOLI,,"Via S Giovanni Bosco - Ponte Arche - Bleggio Inferiore,
    
14 -
    
38070    
COMANO TERME",+39 0465 701472,+39 0465 702452,ic.giudicarieesteriori@pec.provincia.tn.it,dir.ic.pontearche@scuole.provincia.tn.it,segr.ic.pontearche@scuole.provincia.tn.it,http://www.giudicariescuola.it,TNIC837009,6,"

                
ISTITUTO COMPRENSIVO GIUDICARIE ESTERIORI
            
"
,,,Istituzione scolastica e formativa,FRANCESCA LASARACINA,,"Via Sette,
    
13 -
    
38015    
LAVIS",+39 0461 246535,+39 0461 242955,ic.lavis@pec.provincia.tn.it,dir.ic.lavis@scuole.provincia.tn.it,segr.ic.lavis@scuole.provincia.tn.it,http://www.iclavis.it,TNIC825003,4,"

                
ISTITUTO COMPRENSIVO LAVIS
            
"
,,,Istituzione scolastica e formativa,EZIO MONTIBELLER,,"Via della Pace,
    
5 -
    
38056    
LEVICO TERME",+39 0461 706146,+39 0461 706099,ic.levicoterme@pec.provincia.tn.it,dir.ic.levico@scuole.provincia.tn.it,segr.ic.levico@scuole.provincia.tn.it,http://www.iclevico.eu,TNIC81800X,5,"

                
ISTITUTO COMPRENSIVO LEVICO TERME
            
"
,,,Istituzione scolastica e formativa,PAOLA SIGMUND,,"Via Fornai,
    
1 -
    
38016    
MEZZOCORONA",+39 0461 605409,+39 0461 605142,ic.mezzocorona@pec.provincia.tn.it,dir.ic.mezzocorona@scuole.provincia.tn.it,segr.ic.mezzocorona@scuole.provincia.tn.it,http://www.icmezzocorona.it,TNIC82300B,5,"

                
ISTITUTO COMPRENSIVO MEZZOCORONA
            
"
,,,Istituzione scolastica e formativa,CINZIA CASNA,,"Via Degli Alpini,
    
17 -
    
38017    
MEZZOLOMBARDO",+39 0461 601125,+39 0461 601125,ic.mezzolombardo@pec.provincia.tn.it,dir.ic.mezzolombardo@scuole.provincia.tn.it,segr.ic.mezzolombardo@scuole.provincia.tn.it,http://www.icmezzolombardopaganella.it,TNIC824007,9,"

                
ISTITUTO COMPRENSIVO MEZZOLOMBARDO - PAGANELLA
            
"
,,,Istituzione scolastica e formativa,VITO ROVIGO,,"Viale Degasperi,
    
69 -
    
38063    
AVIO",+39 0464 684029,+39 0464 687570,ic.avio@pec.provincia.tn.it,dir.ic.avio@scuole.provincia.tn.it,segr.ic.avio@scuole.provincia.tn.it,http://www.istitutoavio.it,TNIC84700X,3,"

                
ISTITUTO COMPRENSIVO AVIO
            
"
,,,Istituzione scolastica e formativa,PASQUA CINZIA SALOMONE,,"Via Taddei De Mauris,
    
4 -
    
38027    
MALE'",+39 0463 901237,+39 0463 902866,ic.bassavaldisole@pec.provincia.tn.it,dir.ciccolini.male@scuole.provincia.tn.it,segr.ciccolini.male@scuole.provincia.tn.it,http://www.icbassavaldisole.it,TNIC833002,6,"

                
ISTITUTO COMPRENSIVO BASSA VAL DI SOLE ""G. Ciccolini""
            
"
,,,Istituzione scolastica e formativa,LUIGI VITULLO,,"Via Spagolla,
    
1 -
    
38051    
BORGO VALSUGANA",+39 0461 753179,+39 0461 754131,ic.borgovalsugana@pec.provincia.tn.it,dir.ic.borgovalsugana@scuole.provincia.tn.it,segr.ic.borgovalsugana@scuole.provincia.tn.it,http://www.icborgovalsugana.gov.it,TNIC812001,4,"

                
ISTITUTO COMPRENSIVO BORGO VALSUGANA
            
"
,,,Istituzione scolastica e formativa,ROBERTO TROLLI,,"Piazza Verdi,
    
6 -
    
38033    
CAVALESE",+39 0462 340314,+39 0462 342294,ic.cavalese@pec.provincia.tn.it,dir.cavalese@scuole.provincia.tn.it,segr.cavalese@scuole.provincia.tn.it,http://www.iccavalese.it,TNIC809005,9,"

                
ISTITUTO COMPRENSIVO CAVALESE
            
"
,,,Istituzione scolastica e formativa,STEFANO CHESINI,,"Via Negritelle - Cembra,
    
1 -
    
38034    
CEMBRA LISIGNAGO",+39 0461 683006,+39 0461 682166,ic.cembra@pec.provincia.tn.it,dir.cembra@scuole.provincia.tn.it,segr.cembra@scuole.provincia.tn.it,http://www.iccembra.it,TNIC82200G,9,"

                
ISTITUTO COMPRENSIVO CEMBRA
            
"
,,,Istituzione scolastica e formativa,MAURA ZINI,,"Via Degli Alpini - Taio,
    
17 -
    
38012    
PREDAIA",+39 0463 468193,+39 0463 467616,ic.taio@pec.provincia.tn.it,dir.ictaio@scuole.provincia.tn.it,segr.ictaio@scuole.provincia.tn.it,http://www.ictaio.it,TNIC82600V,5,"

                
ISTITUTO COMPRENSIVO TAIO
            
"
,,,Istituzione scolastica e formativa,ALBERTO PARIS,,"Via Circonvallazione,
    
44 -
    
38079    
TIONE DI TRENTO",+39 0465 321053,+39 0465 324039,ic.tione@pec.provincia.tn.it,dir.ictione@scuole.provincia.tn.it,segr.ictione@scuole.provincia.tn.it,http://www.ictione.tn.it,TNIC83600D,7,"

                
ISTITUTO COMPRENSIVO TIONE
            
"
,,,Istituzione scolastica e formativa,LAURA DE DONNO,,"Via Znojmo,
    
24 -
    
38123    
TRENTO",+39 0461 912740,+39 0461 912065,ic.trento1@pec.provincia.tn.it,dir.ic.tn1@scuole.provincia.tn.it,segr.ic.tn1@scuole.provincia.tn.it,http://www.ictrento1.it,TNIC81900Q,3,"

                
ISTITUTO COMPRENSIVO TRENTO 1
            
"
,,,Istituzione scolastica e formativa,CARLO ZANETTI,,"Via Ponte Alto,
    
2/1 -
    
38121    
TRENTO",+39 0461 982113,+39 0461 237554,ic.comenius@pec.provincia.tn.it,dir.ictn2@scuole.provincia.tn.it,segr.ictn2@scuole.provincia.tn.it,http://www.icomenius.it,TNIC82000X,5,"

                
ISTITUTO COMPRENSIVO TRENTO 2 ""J. A. Comenius""
            
"
,,,Istituzione scolastica e formativa,LINA BROCH,,"Via Vittorio Veneto,
    
61 -
    
38122    
TRENTO",+39 0461 934977,+39 0461 920605,ic.trento3@pec.provincia.tn.it,dir.ic.tn3@scuole.provincia.tn.it,segr.ic.tn3@scuole.provincia.tn.it,http://www.ictrento3.it,TNIC85600P,5,"

                
ISTITUTO COMPRENSIVO TRENTO 3
            
"
,,,Istituzione scolastica e formativa,PATRIZIA VISCONTI,,"Piazzale Europa,
    
4 -
    
38123    
TRENTO",+39 0461 920316,+39 0461 922030,ic.trento4@pec.provincia.tn.it,dir.ictn4@scuole.provincia.tn.it,segr.ictn4@scuole.provincia.tn.it,http://www.ictrento4.it,TNIC85700E,5,"

                
ISTITUTO COMPRENSIVO TRENTO 4
            
"
,,,Istituzione scolastica e formativa,PAOLA PASQUALIN,,"Via S Giovanni Bosco,
    
8 -
    
38122    
TRENTO",+39 0461 263331,+39 0461 984463,ic.tn5@pec.provincia.tn.it,dir.ic.tn5@scuole.provincia.tn.it,segr.ic.tn5@scuole.provincia.tn.it,http://www.istitutotrento5.it/,TNIC85200B,4,"

                
ISTITUTO COMPRENSIVO TRENTO 5
            
"
,,,Istituzione scolastica e formativa,GIULIO BERTOLDI,,"Via XXIV Maggio,
    
7 -
    
38051    
BORGO VALSUGANA",+39 0461 753647,+39 0461 753364,degasperi@pec.provincia.tn.it,dir.istalcidedegasperi@scuole.provincia.tn.it,segr.istalcidedegasperi@scuole.provincia.tn.it,http://www.istalcidedegasperi.it,TNIS00200E,9,"

                
ISTITUTO DI ISTRUZIONE ""A. Degasperi"" - BORGO VALSUGANA
            
"
,,,Istituzione scolastica e formativa,ALESSANDRO FABRIS,,"Via Durone,
    
53 -
    
38079    
TIONE DI TRENTO",+39 0465 321735,+39 0465 322811,guetti@pec.provincia.tn.it,dir.guetti@scuole.provincia.tn.it,segr.guetti@scuole.provincia.tn.it,http://www.guetti.tn.it,TNIS00700N,9,"

                
ISTITUTO DI ISTRUZIONE ""L. Guetti"" - TIONE DI TRENTO
            
"
,,,Istituzione scolastica e formativa,TIZIANA GULLI,,"Via S Pietro,
    
4 -
    
38057    
PERGINE VALSUGANA",+39 0461 511397,+39 0461 531743,curie@pec.provincia.tn.it,dir.curie.pergine@scuole.provincia.tn.it,segr.curie.pergine@scuole.provincia.tn.it,http://www.curiepergine.it,TNIS004006,10,"

                
ISTITUTO DI ISTRUZIONE ""M. Curie"" - PERGINE VALSUGANA
            
"
KATIA PEGORETTI,,,Circolo di coordinamento pedagogico,,,"Via Gilli,
    
3 -
    
38121    
TRENTO",+39 0461 496956,+39 0461 499283,circolo.coordinamento06@provincia.tn.it,,circolo.coordinamento06@provincia.tn.it,,,7,"

                
Circolo di coordinamento n. 6
            
"
LAURA BERTOLDI,,,Circolo di coordinamento pedagogico,,,"Via Filos,
    
2 -
    
38017    
MEZZOLOMBARDO",+39 0461 494331,+39 0461 494334,circolo.coordinamento07@provincia.tn.it,,circolo.coordinamento07@provincia.tn.it,,,11,"

                
Circolo di coordinamento n. 7
            
"
,,,Istituzione scolastica e formativa,VALENTINA DANTE,,"Via Saibanti,
    
6 -
    
38068    
ROVERETO",+39 0464 434047,,segreteria@lavela.famigliamaterna.it,direzione@lavela.famigliamaterna.it,segreteria@scuolalavela.it,http://www.scuolalavela.it,,2,"

                
SCUOLA PARITARIA LA VELA - FONDAZIONE FAMIGLIA MATERNA - ROVERETO
            
"
,,,Istituzione scolastica e formativa,ANDREA SCHELFI,CAZZANI DANIELA,"Viale Dei Colli,
    
17 -
    
38068    
ROVERETO",+39 0464 439164,+39 0464 435851,ifpa.rovereto@pec.provincia.tn.it,dir.ifpa.rovereto@scuole.provincia.tn.it,segr.ifpa.rovereto@scuole.provincia.tn.it,http://www.alberghierorovereto.it,TNCF011001,3,"

                
Istituto Formazione Professionale Alberghiero - Rovereto
            
"
,,,Istituzione scolastica e formativa,,WALTER IORI,"Via Giovanni Prati,
    
22 -
    
38122    
TRENTO",+39 0461 987180,+39 0461 233877,cfp-upt@pec.it,,segreteria.sede@cfp-upt.it,http://www.cfp-upt.it,,1,"

                
Centro Formazione Professionale UPT - Borgo Valsugana
            
"
,,,Istituzione scolastica e formativa,FEDERICO SAMADEN,TARGA WALTER,"Via Ziehl,
    
5 -
    
38056    
LEVICO TERME",+39 0461 706294,+39 0461 702025,ifpa.levicoterme@pec.provincia.tn.it,dir.ifpa.levicoterme@scuole.provincia.tn.it,segr.ifpa.levicoterme@scuole.provincia.tn.it,http://www.alberghierolevico.it,TNCF010001,3,"

                
Istituto Formazione Professionale Alberghiero - Levico
            
"
,,,Istituzione scolastica e formativa,MARIA PRODI,,"Via Delle Fonti - Transacqua,
    
10 -
    
38054    
PRIMIERO SAN MARTINO DI CASTROZZA",+39 0439 62435,+39 0439 762466,ic.primiero@pec.provincia.tn.it,dir.icprimiero@scuole.provincia.tn.it,segr.icprimiero@scuole.provincia.tn.it,http://www.scuoleprimiero.it,TNIC810009,9,"

                
ISTITUTO COMPRENSIVO DI SCUOLA PRIMARIA E SECONDARIA DI PRIMIERO
            
"
,,,Istituzione scolastica e formativa,MASSIMILIANO LATINO,,"Via Giovanni XXIII,
    
64 -
    
38065    
MORI",+39 0464 918669,,ic.mori@pec.provincia.tn.it,dir.ic.mori@scuole.provincia.tn.it,segr.ic.mori@scuole.provincia.tn.it,http://www.icmori.it/,TNIC84900G,3,"

                
ISTITUTO COMPRENSIVO MORI
            
"
,,,Istituzione scolastica e formativa,PAOLO CHINCARINI,,"Viale Dei Tigli,
    
43 -
    
38066    
RIVA DEL GARDA",+39 0464 578511,+39 0464 578555,floriani@pec.provincia.tn.it,dir.istitutofloriani@scuole.provincia.tn.it,segr.istitutofloriani@scuole.provincia.tn.it,http://www.g-floriani.it,TNIS00800D,5,"

                
ISTITUTO TECNICO ECONOMICO E TECNOLOGICO ""G. Floriani"" - RIVA DEL GARDA
            
"
,,,Istituzione scolastica e formativa,MARIA RITA MAGISTRO,DELUCA ENZO,"Viale Verona,
    
141 -
    
38123    
TRENTO",+39 0461 933147,+39 0461 931682,ifp.trento@pec.provincia.tn.it,ifp.trento@scuole.provincia.tn.it,ifp.trento@scuole.provincia.tn.it,https://ifpsandropertinitrento.it,TNCF012001,4,"

                
Istituto Formazione Professionale Servizi alla Persona e Legno ""S. Pertini"" - Trento
            
"
,,,Istituzione scolastica e formativa,LICIA CAMPI,,"Via Colle Verde,
    
3 -
    
38010    
DENNO",+39 0461 655783,+39 0461 655783,ic.bassaanaunia@pec.provincia.tn.it,dir.ic.bassaanauniatuenno@scuole.provincia.tn.it,segr.ic.denno@scuole.provincia.tn.it,http://www.icbassaanauniatuenno.it,TNIC82900A,8,"

                
ISTITUTO COMPRENSIVO BASSA ANAUNIA - TUENNO
            
"
,,,Istituzione scolastica e formativa,NICOLA PARZIAN,,"Via IV Novembre,
    
35/1 -
    
38121    
TRENTO",+39 0461 990287,+39 0461 994418,ic.trento7@pec.provincia.tn.it,dir.ic.tn7@scuole.provincia.tn.it,segr.ic.tn7@scuole.provincia.tn.it,http://www.trento7.it,TNIC85100G,5,"

                
ISTITUTO COMPRENSIVO TRENTO 7 ""Rita Levi Montalcini""
            
"
,,,Istituzione scolastica e formativa,MARIA TERESA DOSSO,,"Via Balista,
    
6 -
    
38068    
ROVERETO",+39 0464 485511,+39 0464 485550,donmilani@pec.provincia.tn.it,dir.donmilani@scuole.provincia.tn.it,segr.donmilani@scuole.provincia.tn.it,http://www.domir.it,TNIS009009,5,"

                
ISTITUTO DI ISTRUZIONE ""don L.Milani"" - ROVERETO
            
"
,,,Istituzione scolastica e formativa,PAOLO ANDREA BUZZELLI,,"Via Alberti Lutti,
    
7 -
    
38066    
RIVA DEL GARDA",+39 0464 552316,+39 0464 552316,maffei@pec.provincia.tn.it,dir.liceo.maffei@scuole.provincia.tn.it,segr.liceo.maffei@scuole.provincia.tn.it,https://e.liceomaffei.it,TNPC01000Q,6,"

                
LICEO ""A. Maffei"" - RIVA DEL GARDA
            
"
,,,Istituzione scolastica e formativa,GIUSEPPE GAMMINO,,"Via Benacense,
    
32 -
    
38068    
ROVERETO",+39 0464 420532,+39 0464 432707,ic.roveretosud@pec.provincia.tn.it,dir.ic.roveretosud@scuole.provincia.tn.it,segr.ic.roveretosud@scuole.provincia.tn.it,http://www.icroveretosud.eu,TNIC85500V,4,"

                
ISTITUTO COMPRENSIVO ROVERETO SUD
            
"
,,,Istituzione scolastica e formativa,MASSIMO GABURRO,,"Via Chini,
    
31 -
    
38023    
CLES",+39 0463 421457,+39 0463 424830,ic.cles@pec.provincia.tn.it,dir.ic.cles@scuole.provincia.tn.it,segr.ic.cles@scuole.provincia.tn.it,http://www.iccles.it,TNIC83100A,4,"

                
ISTITUTO COMPRENSIVO CLES ""B. Clesio""
            
"
,,,Istituzione scolastica e formativa,CHIARA MOTTER,,"Via Mattioli,
    
8 -
    
38122    
TRENTO",0461914499,0461915472,linguisticotrento@pec.provincia.tn.it,dir.linguisticotrento@scuole.provincia.tn.it,segr.linguisticotrento@scuole.provincia.tn.it,http://www.linguisticotrento.it,TNPS11000Q,1,"

                
LICEO LINGUISTICO ""S. M. Scholl"" - TRENTO
            
"
,,,Istituzione scolastica e formativa,PAOLA BORTOLOTTI,,"Viale Damiano Chiesa,
    
10 -
    
38066    
RIVA DEL GARDA",+39 0464 553088,+39 0464 553088,riva1@pec.provincia.tn.it,dir.riva1@scuole.provincia.tn.it,segr.riva1@scuole.provincia.tn.it,http://www.riva1.it,TNIC841001,4,"

                
ISTITUTO COMPRENSIVO RIVA 1
            
"
,,,Istituzione scolastica e formativa,FRANCESCA BORROI,,"Viale Della Vittoria,
    
43 -
    
38068    
ROVERETO",+39 0464 431515,+39 0464 489616,ic.isera-rovereto@pec.provincia.tn.it,dir.ic.isera_rovereto@scuole.provincia.tn.it,segr.ic.isera_rovereto@scuole.provincia.tn.it,http://www.isera-rovereto.it,TNIC845008,3,"

                
ISTITUTO COMPRENSIVO ISERA - ROVERETO
            
"
,,,Istituzione scolastica e formativa,MICHELE ROSA,,"Corso Rosmini,
    
86 -
    
38068    
ROVERETO",+39 0464 433709,+39 0464 450456,ic.roveretoest@pec.provincia.tn.it,dir.ic.roveretoest@scuole.provincia.tn.it,segr.ic.roveretoest@scuole.provincia.tn.it,http://www.roveretoest.it,TNIC853007,5,"

                
ISTITUTO COMPRENSIVO ROVERETO EST
            
"
SARA TONAZZOLI,suor Erminia Morelli,,Scuola dell'infanzia,,,"Piazza S Teresa Verzeri,
    
4 -
    
38122    
TRENTO",0461-981465,,materna@istitutosacrocuore.it,,,,,1,"

                
Scuola dell'infanzia di Trento  ""Sacro Cuore""
            
"
ANNARITA CAPPELLETTI,,,Circolo di coordinamento pedagogico,,,"Via Circonvallazione,
    
65 -
    
38079    
TIONE DI TRENTO",+39 0461 493385,+39 0461 493389,circolo.coordinamento08@provincia.tn.it,,circolo.coordinamento08@provincia.tn.it,,,9,"

                
Circolo di coordinamento n. 8
            
"
MARTINA BASSETI,,,Circolo di coordinamento pedagogico,,,"Via Gilli,
    
3 -
    
38121    
TRENTO",+39 0461 496955,+39 0461 497257,circolo.coordinamento05@provincia.tn.it,,circolo.coordinamento05@provincia.tn.it,,,8,"

                
Circolo di coordinamento n. 5
            
"
SIMONETTA ERRIGO,,,Circolo di coordinamento pedagogico,,,"Via della Gana,
    
10 -
    
38027    
MALE'",+39 0461 491939,+39 0461 491940,circolo.coordinamento11@provincia.tn.it,,circolo.coordinamento11@provincia.tn.it,,,13,"

                
Circolo di coordinamento n. 11
            
"
CHIARA NADALON,,,Circolo di coordinamento pedagogico,,,"Via Gilli,
    
3 -
    
38121    
TRENTO",+39 0461 496952,+39 0461 497257,circolo.coordinamento03@provincia.tn.it,,circolo.coordinamento03@provincia.tn.it,,,8,"

                
Circolo di coordinamento n. 3
            
"
GINEVRA RELLA,,,Circolo di coordinamento pedagogico,,,"Viale Trento,
    
37/E -
    
38068    
ROVERETO",+39 0464 493114,+39 0464 493115,circolo.coordinamento10@provincia.tn.it,,circolo.coordinamento10@provincia.tn.it,,,8,"

                
Circolo di coordinamento n. 10
            
"
FRANCESCA VARESCHI,,,Scuola dell'infanzia,,,"Via De Ferrari,
    
1 -
    
38061    
ALA",0464-674717,+39 0464 674717,ala.presidente@fpsm.tn.it,,ala.segretario@fpsm.tn.it,,,1,"

                
Scuola dell'infanzia di Ala
            
"
,ALBERTO GALLI,,Scuola dell'infanzia,,,"Corso Verona,
    
109 -
    
38068    
ROVERETO",0464-432307,0464-400420,lizzanella.materna@associazionecoesi.com,,,,,1,"

                
Scuola dell'infanzia di Lizzanella
            
"
,,,Scuola dell'infanzia,,FRANCESCA PAROLARI,"Piazza Garbari,
    
5 -
    
38057    
PERGINE VALSUGANA",0461-502351,,info@asifchimelli.it,,,,,1,"

                
Scuola dell'infanzia di Pergine  ""G.B. Chimelli""
            
"
,FRANCO ANTONINI,,Scuola dell'infanzia,,,"Viale Roma,
    
32 -
    
38066    
RIVA DEL GARDA",0464-552360,0464-560456,rivagiardino.materna@associazionecoesi.com,,,,,1,"

                
Scuola dell'infanzia di Riva ""Giardino""
            
"
,STEFANO TALASSI,,Scuola dell'infanzia,,,"Via Dei Colli,
    
4 -
    
38015    
LAVIS",0461-240366,0461-249078,lavis.materna@associazionecoesi.com,,,,,1,"

                
Scuola dell'infanzia di Lavis  ""Madre Maddalena di Canossa""
            
"
,CHIARA ZONTINI,,Scuola dell'infanzia,,,"Salita Alla Bastia,
    
2 -
    
38089    
STORO",0465-685131,0465685131,lodrone.materna@associazionecoesi.com,,,,,1,"

                
Scuola dell'infanzia di Lodrone
            
"
,PIER LUIGI SACCANI,,Scuola dell'infanzia,,,"Via Adamello,
    
2 -
    
38122    
TRENTO",0461-911027,0461-394133,s.antonio.materna@associazionecoesi.com,,,,,1,"

                
Scuola dell'infanzia di Trento ""S. Antonio""
            
"
,,,Scuola dell'infanzia,,FRANCESCA PAROLARI,"Piazza di S Anna,
    
3 -
    
38057    
PERGINE VALSUGANA",+39 0461 502351,,info@asifchimelli.it,,,,,1,"

                
Scuola dell'infanzia di Roncogno di Pergine
            
"
PAOLA SANGIORGI,,,Scuola dell'infanzia,,,"Piazza Municipio,
    
2 -
    
38050    
CASTELNUOVO",0461-753637,,castelnuovo.presidente@fpsm.tn.it,,castelnuovo.segretario@fpsm.tn.it,,,1,"

                
Scuola dell'infanzia di Castelnuovo
            
"
,MARCO MANICA,,Scuola dell'infanzia,,,"Via Alla Stazione,
    
2 -
    
38068    
ROVERETO",0464-943313,0464-943313,marco.materna@associazionecoesi.com,,,,,1,"

                
Scuola dell'infanzia di Marco Rovereto   ""G.e A. Rosmini Serbati""
            
"
,ANNA DALDOSS,,Scuola dell'infanzia,,,"Via al Castel Romano - Ranzo - Vezzano,
    
29 -
    
38070    
VALLELAGHI",0461-844137,,ranzo.materna@associazionecoesi.com,,,,,1,"

                
Scuola dell'infanzia di Ranzo
            
"
,MARCO SALVATERRA,,Scuola dell'infanzia,,,"Piazza Battisti,
    
4 -
    
38079    
TIONE DI TRENTO",+39 0465 321314,+39 0465 329714,tione.materna@associazionecoesi.com,,,,,1,"

                
Scuola dell'infanzia di Tione di Trento ""Don Giovanni Failoni""
            
"
,ANTONIO GIRARDI,,Scuola dell'infanzia,,,"Via Francesco Ferruccio,
    
4 -
    
38122    
TRENTO",0461-237392,0461-237392,tambosi.materna@associazionecoesi.com,,,,,1,"

                
Scuola dell'infanzia di Trento  ""A. Tambosi""
            
"
SARA DE ZOLT,,,Scuola dell'infanzia,,,"Via Gabrielli,
    
1 -
    
38037    
PREDAZZO",0462-501312,,predazzo.presidente@fpsm.tn.it,,predazzo.segretario@fpsm.tn.it,,,1,"

                
Scuola dell'infanzia di Predazzo
            
"
,TULLIO MUSSI,,Scuola dell'infanzia,,,"Via Lucchi - Roncone,
    
1 -
    
38087    
SELLA GIUDICARIE",0465-901285,0465-901285,roncone.materna@associazionecoesi.com,,,,,1,"

                
Scuola dell'infanzia di Roncone  ""Mario Amistadi Sciavina""
            
"
ALESSANDRA BIANCHI,PIERLUIGI PIFFER,,Scuola dell'infanzia,,,"Via Gar,
    
1 -
    
38122    
TRENTO",0461-233744,0461-233744,segreteria@gbzanella.it,,,,,1,"

                
Scuola dell'infanzia di Trento ""G. B. Zanella ODV""
            
"
TIZIANA CEOL,ALESSANDRO LARENTIS,,Scuola dell'infanzia,,,"Via Regolani,
    
4 -
    
38033    
CAVALESE",0462-341673,,cavalese.segretario@fpsm.tn.it,,cavalese.presidente@fpsm.tn.it,,,1,"

                
Scuola dell'infanzia di Cavalese
            
"
DORIS LOSA,LUANA CLINAZ,,Scuola dell'infanzia,,,"Via Re di Castello - Daone,
    
57 -
    
38080    
VALDAONE",0465-674060,,daone.materna@associazionecoesi.com,,,,,1,"

                
Scuola dell'infanzia di Daone
            
"
,DIEGO MARIA BONAZZA,,Scuola dell'infanzia,,,"Via Marconi - Breguzzo,
    
5 -
    
38087    
SELLA GIUDICARIE",0465-901550,,breguzzo.bondo.materna@associazionecoesi.com,,,,,1,"

                
Scuola dell'infanzia di Breguzzo - Bondo  ""Giuseppina Bonazza""
            
"
,STEFANO ZENDRI,,Scuola dell'infanzia,,,"Via Brigata Mantova,
    
1 -
    
38068    
ROVERETO",0464-433395,,lizzana.materna@associazionecoesi.com,,,,,1,"

                
Scuola dell'infanzia di Lizzana
            
"
TIZIANA CEOL,ALESSANDRO LARENTIS,,Scuola dell'infanzia,,,"Via Damiano Chiesa,
    
79 -
    
38033    
CAVALESE",0462-340557,,cavalese.segretario@fpsm.tn.it,,cavalese.presidente@fpsm.tn.it,,,1,"

                
Scuola dell'infanzia di Masi di Cavalese
            
"
SARA DE ZOLT,,,Scuola dell'infanzia,,,"Piazza Italia,
    
8 -
    
38030    
ZIANO DI FIEMME",3703621992,,ziano.presidente@fpsm.tn.it,,ziano.segretario@fpsm.tn.it,,,1,"

                
Scuola dell'infanzia di Ziano di Fiemme
            
"
,,,Istituzione scolastica e formativa,MANUEL PENASA,CLAUDIA BISOGNIN,"Via Mach,
    
1 -
    
38098    
SAN MICHELE ALL'ADIGE",+39 0461 615213,+39 0461 615273,amministrazione.cif@pec.iasma.it,,segreteria.scuola@fmach.it,http://www.fmach.it,,2,"

                
FONDAZIONE EDMUND MACH - ISTITUTO AGRARIO SAN MICHELE ALL'ADIGE
            
"
UTE PANCHER,,,Scuola dell'infanzia,,,"Via Ossanna,
    
3 -
    
38010    
DENNO",0461-655960,,denno.segretario@fpsm.tn.it,,denno.segretario@fpsm.tn.it,,,1,"

                
Scuola dell'infanzia di Denno
            
"
,,,Istituzione scolastica e formativa,,LUCA BRANZ,"Via Di S Antonio,
    
1 -
    
38026    
OSSANA",+39 0463 751102,+39 0463 751987,cfp.ossana@pec.it,,cfp.ossana@enaip.tn.it,http://www.enaiptrentino.it,,1,"

                
Centro Formazione Professionale ENAIP - Ossana
            
"
,,,Istituzione scolastica e formativa,,FRANCESCO MICHELETTI,"Via Giamaolle,
    
15 -
    
38051    
BORGO VALSUGANA",+39 0461 753037,+39 0461 752070,cfp.borgo@pec.it,,cfp.borgo@enaip.tn.it,http://www.enaiptrentino.it,,1,"

                
Centro Formazione Professionale ENAIP - Borgo Valsugana
            
"
TIZIANA CEOL,,,Scuola dell'infanzia,,,"Via Fia,
    
20 -
    
38038    
TESERO",0462-813045,,tesero.presidente@fpsm.tn.it,,tesero.segretario@fpsm.tn.it,,,1,"

                
Scuola dell'infanzia di Tesero
            
"
ROBERTA MEDEGHINI,,,Scuola dell'infanzia,,,"Via Monsignor Gosetti,
    
3 -
    
38060    
VILLA LAGARINA",0464-411101,,villalagarina.presidente@fpsm.tn.it,,villalagarina.segretario@fpsm.tn.it,,,1,"

                
Scuola dell'infanzia di Villa Lagarina
            
"
