,teaching_unit,date_for_find_type_of_courses_of_study,title,indirizzo,school_id
0,2239057,2022-11-12,DIPLOMA ESAME DI STATO CONCLUSIVO DEL SECONDO CICLO,"Diploma di istituto tecnico settore economico indirizzo ""amministrazione, finanza e marketing""",29783
1,2239057,2022-11-12,DIPLOMA ESAME DI STATO CONCLUSIVO DEL SECONDO CICLO,"Diploma di istituto tecnico settore economico indirizzo ""amministrazione, finanza e marketing"" articolazione ""relazioni internazionali per il marketing""",29783
2,2239057,2022-11-12,DIPLOMA ESAME DI STATO CONCLUSIVO DEL SECONDO CICLO,"Diploma di istituto tecnico settore economico indirizzo ""amministrazione, finanza e marketing"" articolazione ""sistemi informativi aziendali""",29783
3,2239057,2022-11-12,DIPLOMA ESAME DI STATO CONCLUSIVO DEL SECONDO CICLO,"Diploma di istituto tecnico settore economico indirizzo ""turismo""",29783
4,2675082,2022-11-12,DIPLOMA ESAME DI STATO CONCLUSIVO DEL SECONDO CICLO,"Diploma di istituto tecnico settore economico indirizzo ""amministrazione, finanza e marketing""",29784
5,2239059,2022-11-12,DIPLOMA ESAME DI STATO CONCLUSIVO DEL SECONDO CICLO,"Diploma di istituto tecnico settore tecnologico indirizzo ""costruzioni, ambiente e territorio""",29785
6,2239059,2022-11-12,DIPLOMA ESAME DI STATO CONCLUSIVO DEL SECONDO CICLO,"Diploma di istituto tecnico settore tecnologico indirizzo ""costruzioni, ambiente e territorio"" opzione ""tecnologie del legno nelle costruzioni""",29785
7,2239059,2022-11-12,DIPLOMA ESAME DI STATO CONCLUSIVO DEL SECONDO CICLO,"Diploma di istituto tecnico settore tecnologico indirizzo ""costruzioni,ambiente e territorio"" articolazione ""geotecnico""",29785
8,2918503,2022-11-12,DIPLOMA ESAME DI STATO CONCLUSIVO DEL SECONDO CICLO,"Diploma di istituto tecnico settore tecnologico indirizzo ""costruzioni, ambiente e territorio""",29786
9,2918503,2022-11-12,DIPLOMA ESAME DI STATO CONCLUSIVO DEL SECONDO CICLO,"Diploma di istituto tecnico settore tecnologico indirizzo ""informatica e telecomunicazioni"" articolazione ""informatica""",29786
10,2239053,2022-11-12,DIPLOMA ESAME DI STATO CONCLUSIVO DEL SECONDO CICLO,"Diploma di liceo delle scienze umane opzione ""economico sociale""",29787
11,2239055,2022-11-12,DIPLOMA ESAME DI STATO CONCLUSIVO DEL SECONDO CICLO,Diploma di liceo linguistico,29788
12,15561,2022-11-12,DIPLOMA ESAME DI STATO CONCLUSIVO DEL SECONDO CICLO,Diploma di liceo scientifico,29789
13,2381642,2022-11-12,DIPLOMA ESAME DI STATO CONCLUSIVO DEL SECONDO CICLO,Diploma di liceo delle scienze umane,65579
14,3828162,2022-11-12,DIPLOMA ESAME DI STATO CONCLUSIVO DEL SECONDO CICLO,"Diploma di istituto tecnico settore economico indirizzo ""amministrazione, finanza e marketing""",29230
15,8901927,2022-11-12,DIPLOMA ESAME DI STATO CONCLUSIVO DEL SECONDO CICLO,"Diploma di istituto tecnico settore tecnologico indirizzo ""grafica e comunicazione""",29231
16,14205,2022-11-12,DIPLOMA ESAME DI STATO CONCLUSIVO DEL SECONDO CICLO,Diploma di liceo classico,29232
17,2237963,2022-11-12,DIPLOMA ESAME DI STATO CONCLUSIVO DEL SECONDO CICLO,Diploma di liceo linguistico,29233
18,14213,2022-11-12,DIPLOMA ESAME DI STATO CONCLUSIVO DEL SECONDO CICLO,Diploma di liceo scientifico,29234
19,14213,2022-11-12,DIPLOMA ESAME DI STATO CONCLUSIVO DEL SECONDO CICLO,Diploma di liceo scientifico indirizzo sportivo,29234
20,2237330,2022-11-12,DIPLOMA ESAME DI STATO CONCLUSIVO DEL SECONDO CICLO,Diploma di liceo linguistico,29238
21,2776516,2022-11-12,QUALIFICA PROFESSIONALE,Operatore dell'abbigliamento,29247
22,2776516,2022-11-12,DIPLOMA PROFESSIONALE,Tecnico dei prodotti tessili per la casa,29247
23,2776516,2022-11-12,DIPLOMA PROFESSIONALE,Tecnico dell'abbigliamento,29247
24,2776516,2022-11-12,DIPLOMA ESAME DI STATO CONCLUSIVO DEL SECONDO CICLO,"Diploma di istituto professionale settore industria e artigianato indirizzo ""produzioni industriali e artigianali"" articolazione ""artigianato""",29247
25,2776342,2022-11-12,QUALIFICA PROFESSIONALE,Operatore elettrico,29249
26,2776342,2022-11-12,QUALIFICA PROFESSIONALE,Operatore meccanico,29249
27,2776342,2022-11-12,DIPLOMA PROFESSIONALE,Tecnico dell'automazione industriale,29249
28,2776374,2022-11-12,QUALIFICA PROFESSIONALE,Operatore elettrico,29254
29,2776374,2022-11-12,QUALIFICA PROFESSIONALE,Operatore meccanico,29254
30,2776374,2022-11-12,DIPLOMA PROFESSIONALE,Tecnico della programmazione e gestione di impianti di produzione,29254
31,2776626,2022-11-12,QUALIFICA PROFESSIONALE,Operatore del legno,29258
32,2776626,2022-11-12,DIPLOMA PROFESSIONALE,Tecnico del legno,29258
33,2776624,2022-11-12,QUALIFICA PROFESSIONALE,Operatore dell'accoglienza e ospitalità,29259
34,2776624,2022-11-12,QUALIFICA PROFESSIONALE,Operatore di gastronomia e arte bianca,29259
35,2776624,2022-11-12,DIPLOMA PROFESSIONALE,Tecnico dei servizi di sala e bar,29259
36,2776624,2022-11-12,DIPLOMA PROFESSIONALE,Tecnico di cucina,29259
37,2776647,2022-11-12,QUALIFICA PROFESSIONALE,Operatore della carpenteria in legno,29261
38,2776647,2022-11-12,QUALIFICA PROFESSIONALE,Operatore elettrico,29261
39,2776647,2022-11-12,QUALIFICA PROFESSIONALE,Operatore elettromeccanico,29261
40,2776647,2022-11-12,QUALIFICA PROFESSIONALE,Operatore meccanico,29261
41,2776647,2022-11-12,DIPLOMA PROFESSIONALE,Tecnico dell'automazione industriale,29261
42,2776647,2022-11-12,DIPLOMA PROFESSIONALE,Tecnico della carpenteria edile in legno,29261
43,2776648,2022-11-12,QUALIFICA PROFESSIONALE,Operatore dell'accoglienza e ospitalità,29262
44,2776648,2022-11-12,QUALIFICA PROFESSIONALE,Operatore di gastronomia e arte bianca,29262
45,2776648,2022-11-12,DIPLOMA PROFESSIONALE,Tecnico dei servizi di sala e bar,29262
46,2776648,2022-11-12,DIPLOMA PROFESSIONALE,Tecnico di cucina,29262
47,2776648,2022-11-12,DIPLOMA ESAME DI STATO CONCLUSIVO DEL SECONDO CICLO,"Diploma di istituto professionale settore servizi indirizzo ""servizi per l'enogastronomia e l'ospitalita' alberghiera"" articolazione ""accoglienza turistica""",29262
48,2776648,2022-11-12,DIPLOMA ESAME DI STATO CONCLUSIVO DEL SECONDO CICLO,"Diploma di istituto professionale settore servizi indirizzo ""servizi per l'enogastronomia e l'ospitalita' alberghiera"" articolazione ""enogastronomia""",29262
49,2776648,2022-11-12,DIPLOMA ESAME DI STATO CONCLUSIVO DEL SECONDO CICLO,"Diploma di istituto professionale settore servizi indirizzo ""servizi per l'enogastronomia e l'ospitalita' alberghiera"" articolazione ""servizi di sala e di vendita""",29262
50,2776659,2022-11-12,QUALIFICA PROFESSIONALE,Operatore dell'accoglienza e ospitalità,29264
51,2776659,2022-11-12,QUALIFICA PROFESSIONALE,Operatore di gastronomia e arte bianca,29264
52,2776659,2022-11-12,DIPLOMA PROFESSIONALE,Tecnico dei servizi di sala e bar,29264
53,2776659,2022-11-12,DIPLOMA PROFESSIONALE,Tecnico di cucina,29264
54,2776659,2022-11-12,DIPLOMA ESAME DI STATO CONCLUSIVO DEL SECONDO CICLO,"Diploma di istituto professionale settore servizi indirizzo ""servizi per l'enogastronomia e l'ospitalita' alberghiera"" articolazione ""accoglienza turistica""",29264
55,2776659,2022-11-12,DIPLOMA ESAME DI STATO CONCLUSIVO DEL SECONDO CICLO,"Diploma di istituto professionale settore servizi indirizzo ""servizi per l'enogastronomia e l'ospitalita' alberghiera"" articolazione ""enogastronomia""",29264
56,2776659,2022-11-12,DIPLOMA ESAME DI STATO CONCLUSIVO DEL SECONDO CICLO,"Diploma di istituto professionale settore servizi indirizzo ""servizi per l'enogastronomia e l'ospitalita' alberghiera"" articolazione ""servizi di sala e di vendita""",29264
57,2776687,2022-11-12,QUALIFICA PROFESSIONALE,Operatore alla riparazione di veicoli a motore,29266
58,2776687,2022-11-12,QUALIFICA PROFESSIONALE,Operatore delle costruzioni edili,29266
59,2776687,2022-11-12,QUALIFICA PROFESSIONALE,Operatore elettrico,29266
60,2776687,2022-11-12,QUALIFICA PROFESSIONALE,Operatore elettronico,29266
61,2776687,2022-11-12,QUALIFICA PROFESSIONALE,Operatore elettronico ad indirizzo meccatronica,29266
62,2776687,2022-11-12,QUALIFICA PROFESSIONALE,Operatore meccanico,29266
63,2776687,2022-11-12,DIPLOMA PROFESSIONALE,Tecnico della programmazione e gestione di impianti di produzione,29266
64,2776687,2022-11-12,DIPLOMA PROFESSIONALE,Tecnico edile,29266
65,2776687,2022-11-12,DIPLOMA PROFESSIONALE,Tecnico elettrico,29266
66,2776687,2022-11-12,DIPLOMA PROFESSIONALE,Tecnico riparatore di veicoli a motore,29266
67,2776687,2022-11-12,DIPLOMA ESAME DI STATO CONCLUSIVO DEL SECONDO CICLO,"Diploma di istituto professionale settore industria e artigianato indirizzo ""manutenzione e assistenza tecnica""",29266
68,3030245,2022-11-12,QUALIFICA PROFESSIONALE,Operatore edile ad indirizzo completamento e finitura,29267
69,3030245,2022-11-12,QUALIFICA PROFESSIONALE,Operatore elettrico,29267
70,3030245,2022-11-12,QUALIFICA PROFESSIONALE,Operatore meccanico,29267
71,2776708,2022-11-12,QUALIFICA PROFESSIONALE,Acconciatore,29269
72,2776708,2022-11-12,QUALIFICA PROFESSIONALE,Estetista,29269
73,2776708,2022-11-12,DIPLOMA PROFESSIONALE,Tecnico dei trattamenti estetici,29269
74,2776708,2022-11-12,DIPLOMA PROFESSIONALE,Tecnico dell'acconciatura,29269
75,2776425,2022-11-12,QUALIFICA PROFESSIONALE,Acconciatore,29271
76,2776425,2022-11-12,QUALIFICA PROFESSIONALE,Estetista,29271
77,2776425,2022-11-12,DIPLOMA PROFESSIONALE,Tecnico dei trattamenti estetici,29271
78,2776425,2022-11-12,DIPLOMA PROFESSIONALE,Tecnico dell'acconciatura,29271
79,2776425,2022-11-12,DIPLOMA PROFESSIONALE,Tecnico operatore socio sanitario,29271
80,2776425,2022-11-12,DIPLOMA ESAME DI STATO CONCLUSIVO DEL SECONDO CICLO,"Diploma di istituto professionale settore servizi indirizzo ""servizi commerciali""",29271
81,2776425,2022-11-12,DIPLOMA ESAME DI STATO CONCLUSIVO DEL SECONDO CICLO,"Diploma di istituto professionale settore servizi indirizzo ""servizi socio-sanitari""",29271
82,2776697,2022-11-12,QUALIFICA PROFESSIONALE,Operatore grafico multimediale,29273
83,2776697,2022-11-12,DIPLOMA PROFESSIONALE,Tecnico grafico multimediale,29273
84,2776697,2022-11-12,DIPLOMA ESAME DI STATO CONCLUSIVO DEL SECONDO CICLO,"Diploma di istituto professionale settore industria e artigianato indirizzo ""produzioni industriali e artigianali"" articolazione ""artigianato""",29273
85,2776455,2022-11-12,QUALIFICA PROFESSIONALE,Operatore ai servizi di impresa,29275
86,2776455,2022-11-12,QUALIFICA PROFESSIONALE,Operatore ai servizi di vendita,29275
87,2776455,2022-11-12,DIPLOMA PROFESSIONALE,Tecnico commerciale delle vendite,29275
88,2776455,2022-11-12,DIPLOMA PROFESSIONALE,Tecnico dei servizi amministrativi e contabili,29275
89,2776435,2022-11-12,QUALIFICA PROFESSIONALE,Operatore ai servizi di impresa,29277
90,2776435,2022-11-12,QUALIFICA PROFESSIONALE,Operatore ai servizi di vendita,29277
91,2776435,2022-11-12,DIPLOMA PROFESSIONALE,Tecnico commerciale delle vendite,29277
92,2776435,2022-11-12,DIPLOMA PROFESSIONALE,Tecnico dei servizi amministrativi e contabili,29277
93,4254581,2022-11-12,QUALIFICA PROFESSIONALE,Operatore ai servizi di impresa,29279
94,4254581,2022-11-12,QUALIFICA PROFESSIONALE,Operatore ai servizi di vendita,29279
95,4254581,2022-11-12,DIPLOMA PROFESSIONALE,Tecnico commerciale delle vendite,29279
96,4254581,2022-11-12,DIPLOMA PROFESSIONALE,Tecnico dei servizi amministrativi e contabili,29279
97,2776445,2022-11-12,QUALIFICA PROFESSIONALE,Operatore ai servizi di impresa,29281
98,2776445,2022-11-12,QUALIFICA PROFESSIONALE,Operatore ai servizi di vendita,29281
99,2776445,2022-11-12,DIPLOMA PROFESSIONALE,Tecnico commerciale delle vendite,29281
100,2776445,2022-11-12,DIPLOMA PROFESSIONALE,Tecnico dei servizi amministrativi e contabili,29281
101,2776505,2022-11-12,QUALIFICA PROFESSIONALE,Operatore ai servizi di impresa,29283
102,2776505,2022-11-12,QUALIFICA PROFESSIONALE,Operatore ai servizi di vendita,29283
103,2776505,2022-11-12,DIPLOMA PROFESSIONALE,Tecnico commerciale delle vendite,29283
104,2776505,2022-11-12,DIPLOMA PROFESSIONALE,Tecnico dei servizi amministrativi e contabili,29283
105,2776505,2022-11-12,DIPLOMA PROFESSIONALE,Tecnico della gestione amministrativa e contabile del personale,29283
106,2776505,2022-11-12,DIPLOMA ESAME DI STATO CONCLUSIVO DEL SECONDO CICLO,"Diploma di istituto professionale settore servizi indirizzo ""servizi commerciali""",29283
107,10242015,2022-11-12,QUALIFICA PROFESSIONALE,Operatore ai servizi di impresa,29284
108,10242015,2022-11-12,QUALIFICA PROFESSIONALE,Operatore ai servizi di vendita,29284
109,2776610,2022-11-12,QUALIFICA PROFESSIONALE,Operatore meccanico,29286
110,2776608,2022-11-12,QUALIFICA PROFESSIONALE,Operatore dell'accoglienza e ospitalità,29287
111,2776608,2022-11-12,QUALIFICA PROFESSIONALE,Operatore di gastronomia e arte bianca,29287
112,2776608,2022-11-12,DIPLOMA PROFESSIONALE,Tecnico dei servizi di sala e bar,29287
113,2776608,2022-11-12,DIPLOMA PROFESSIONALE,Tecnico di cucina,29287
114,2239136,2022-11-12,DIPLOMA ESAME DI STATO CONCLUSIVO DEL SECONDO CICLO,"Diploma di istituto tecnico settore economico indirizzo ""amministrazione, finanza e marketing""",29803
115,2239136,2022-11-12,DIPLOMA ESAME DI STATO CONCLUSIVO DEL SECONDO CICLO,"Diploma di istituto tecnico settore economico indirizzo ""amministrazione, finanza e marketing"" articolazione ""relazioni internazionali per il marketing""",29803
116,2239136,2022-11-12,DIPLOMA ESAME DI STATO CONCLUSIVO DEL SECONDO CICLO,"Diploma di istituto tecnico settore economico indirizzo ""amministrazione, finanza e marketing"" articolazione ""sistemi informativi aziendali""",29803
117,2675169,2022-11-12,DIPLOMA ESAME DI STATO CONCLUSIVO DEL SECONDO CICLO,"Diploma di istituto tecnico settore economico indirizzo ""amministrazione, finanza e marketing""",29804
118,2675169,2022-11-12,DIPLOMA ESAME DI STATO CONCLUSIVO DEL SECONDO CICLO,"Diploma di istituto tecnico settore economico indirizzo ""amministrazione, finanza e marketing"" articolazione ""relazioni internazionali per il marketing""",29804
119,2675169,2022-11-12,DIPLOMA ESAME DI STATO CONCLUSIVO DEL SECONDO CICLO,"Diploma di istituto tecnico settore economico indirizzo ""amministrazione, finanza e marketing"" articolazione ""sistemi informativi aziendali""",29804
120,2239134,2022-11-12,DIPLOMA ESAME DI STATO CONCLUSIVO DEL SECONDO CICLO,"Diploma di istituto tecnico settore tecnologico indirizzo ""trasporti e logistica"" articolazione ""conduzione del mezzo""",29805
121,2239134,2022-11-12,DIPLOMA ESAME DI STATO CONCLUSIVO DEL SECONDO CICLO,"Diploma di istituto tecnico settore tecnologico indirizzo ""trasporti e logistica"" articolazione ""conduzione del mezzo"" opzione ""conduzione del mezzo aereo""",29805
122,2239134,2022-11-12,DIPLOMA ESAME DI STATO CONCLUSIVO DEL SECONDO CICLO,"Diploma di istituto tecnico settore tecnologico indirizzo ""trasporti e logistica"" articolazione ""logistica""",29805
123,2239138,2022-11-12,DIPLOMA ESAME DI STATO CONCLUSIVO DEL SECONDO CICLO,"Diploma di liceo delle scienze umane opzione ""economico sociale""",29806
124,15634,2022-11-12,DIPLOMA ESAME DI STATO CONCLUSIVO DEL SECONDO CICLO,Diploma di liceo scientifico,29807
125,15634,2022-11-12,DIPLOMA ESAME DI STATO CONCLUSIVO DEL SECONDO CICLO,Diploma di liceo scientifico indirizzo sportivo,29807
126,2239140,2022-11-12,DIPLOMA ESAME DI STATO CONCLUSIVO DEL SECONDO CICLO,Diploma di liceo scientifico opzione scienze applicate,29808
127,2239140,2022-11-12,DIPLOMA ESAME DI STATO CONCLUSIVO DEL SECONDO CICLO,Diploma di liceo scientifico opzione scienze applicate,29808
128,2237938,2022-11-11,DIPLOMA ESAME DI STATO CONCLUSIVO DEL SECONDO CICLO,"Diploma di liceo artistico indirizzo ""audiovisivo e multimediale""",29816
129,2237938,2022-11-11,DIPLOMA ESAME DI STATO CONCLUSIVO DEL SECONDO CICLO,"Diploma di liceo artistico indirizzo ""design""",29816
130,2237938,2022-11-11,DIPLOMA ESAME DI STATO CONCLUSIVO DEL SECONDO CICLO,"Diploma di liceo artistico indirizzo ""grafica""",29816
131,2237934,2022-11-12,DIPLOMA ESAME DI STATO CONCLUSIVO DEL SECONDO CICLO,"Diploma di liceo artistico indirizzo ""architettura e ambiente""",29817
132,2237934,2022-11-12,DIPLOMA ESAME DI STATO CONCLUSIVO DEL SECONDO CICLO,"Diploma di liceo artistico indirizzo ""arti figurative""",29817
133,2237934,2022-11-12,DIPLOMA ESAME DI STATO CONCLUSIVO DEL SECONDO CICLO,"Diploma di liceo artistico indirizzo ""audiovisivo e multimediale""",29817
134,2237934,2022-11-12,DIPLOMA ESAME DI STATO CONCLUSIVO DEL SECONDO CICLO,"Diploma di liceo artistico indirizzo ""design""",29817
135,2237936,2022-11-12,DIPLOMA ESAME DI STATO CONCLUSIVO DEL SECONDO CICLO,Diploma di liceo musicale e coreutico sezione coreutica,29819
136,2237936,2022-11-12,DIPLOMA ESAME DI STATO CONCLUSIVO DEL SECONDO CICLO,Diploma di liceo musicale e coreutico sezione musicale,29819
137,2237768,2022-11-12,DIPLOMA ESAME DI STATO CONCLUSIVO DEL SECONDO CICLO,"Diploma di istituto tecnico settore economico indirizzo ""turismo""",29821
138,2237766,2022-11-12,DIPLOMA ESAME DI STATO CONCLUSIVO DEL SECONDO CICLO,"Diploma di istituto tecnico settore tecnologico indirizzo ""grafica e comunicazione""",29822
139,8901956,2022-11-12,DIPLOMA ESAME DI STATO CONCLUSIVO DEL SECONDO CICLO,"Diploma di liceo artistico indirizzo ""grafica""",29823
140,2237770,2022-11-12,DIPLOMA ESAME DI STATO CONCLUSIVO DEL SECONDO CICLO,Diploma di liceo delle scienze umane,29824
141,2237770,2022-11-12,DIPLOMA ESAME DI STATO CONCLUSIVO DEL SECONDO CICLO,Diploma di liceo delle scienze umane,29824
142,2767540,2022-11-12,DIPLOMA ESAME DI STATO CONCLUSIVO DEL SECONDO CICLO,"Diploma di istituto tecnico settore economico indirizzo ""amministrazione, finanza e marketing""",29833
143,2767540,2022-11-12,DIPLOMA ESAME DI STATO CONCLUSIVO DEL SECONDO CICLO,"Diploma di istituto tecnico settore economico indirizzo ""amministrazione, finanza e marketing"" articolazione ""relazioni internazionali per il marketing""",29833
144,2767540,2022-11-12,DIPLOMA ESAME DI STATO CONCLUSIVO DEL SECONDO CICLO,"Diploma di istituto tecnico settore economico indirizzo ""amministrazione, finanza e marketing"" articolazione ""sistemi informativi aziendali""",29833
145,2767540,2022-11-12,DIPLOMA ESAME DI STATO CONCLUSIVO DEL SECONDO CICLO,"Diploma di istituto tecnico settore economico indirizzo ""turismo""",29833
146,2767539,2022-11-12,DIPLOMA ESAME DI STATO CONCLUSIVO DEL SECONDO CICLO,"Diploma di istituto tecnico settore economico indirizzo ""amministrazione, finanza e marketing""",29834
147,2767539,2022-11-12,DIPLOMA ESAME DI STATO CONCLUSIVO DEL SECONDO CICLO,"Diploma di istituto tecnico settore economico indirizzo ""amministrazione, finanza e marketing"" articolazione ""sistemi informativi aziendali""",29834
148,2767539,2022-11-12,DIPLOMA ESAME DI STATO CONCLUSIVO DEL SECONDO CICLO,"Diploma di istituto tecnico settore economico indirizzo ""turismo""",29834
149,2238634,2022-11-12,DIPLOMA ESAME DI STATO CONCLUSIVO DEL SECONDO CICLO,"Diploma di istituto tecnico settore economico indirizzo ""amministrazione, finanza e marketing""",29837
150,2238634,2022-11-12,DIPLOMA ESAME DI STATO CONCLUSIVO DEL SECONDO CICLO,"Diploma di istituto tecnico settore economico indirizzo ""amministrazione, finanza e marketing"" articolazione ""relazioni internazionali per il marketing""",29837
151,2238634,2022-11-12,DIPLOMA ESAME DI STATO CONCLUSIVO DEL SECONDO CICLO,"Diploma di istituto tecnico settore economico indirizzo ""amministrazione, finanza e marketing"" articolazione ""sistemi informativi aziendali""",29837
152,2238634,2022-11-12,DIPLOMA ESAME DI STATO CONCLUSIVO DEL SECONDO CICLO,"Diploma di istituto tecnico settore economico indirizzo ""turismo""",29837
153,2674652,2022-11-12,DIPLOMA ESAME DI STATO CONCLUSIVO DEL SECONDO CICLO,"Diploma di istituto tecnico settore economico indirizzo ""amministrazione, finanza e marketing""",29838
154,2674652,2022-11-12,DIPLOMA ESAME DI STATO CONCLUSIVO DEL SECONDO CICLO,"Diploma di istituto tecnico settore economico indirizzo ""amministrazione, finanza e marketing"" articolazione ""relazioni internazionali per il marketing""",29838
155,2674652,2022-11-12,DIPLOMA ESAME DI STATO CONCLUSIVO DEL SECONDO CICLO,"Diploma di istituto tecnico settore economico indirizzo ""amministrazione, finanza e marketing"" articolazione ""sistemi informativi aziendali""",29838
156,2238636,2022-11-12,DIPLOMA ESAME DI STATO CONCLUSIVO DEL SECONDO CICLO,"Diploma di istituto tecnico settore tecnologico indirizzo ""costruzioni, ambiente e territorio""",29839
157,2238636,2022-11-12,DIPLOMA ESAME DI STATO CONCLUSIVO DEL SECONDO CICLO,"Diploma di istituto tecnico settore tecnologico indirizzo ""costruzioni,ambiente e territorio"" articolazione ""geotecnico""",29839
158,2238636,2022-11-12,DIPLOMA ESAME DI STATO CONCLUSIVO DEL SECONDO CICLO,"Diploma di istituto tecnico settore tecnologico indirizzo ""elettronica ed elettrotecnica"" articolazione ""automazione""",29839
159,2238636,2022-11-12,DIPLOMA ESAME DI STATO CONCLUSIVO DEL SECONDO CICLO,"Diploma di istituto tecnico settore tecnologico indirizzo ""elettronica ed elettrotecnica"" articolazione ""elettronica""",29839
160,2238636,2022-11-12,DIPLOMA ESAME DI STATO CONCLUSIVO DEL SECONDO CICLO,"Diploma di istituto tecnico settore tecnologico indirizzo ""elettronica ed elettrotecnica"" articolazione ""elettrotecnica""",29839
161,2238636,2022-11-12,DIPLOMA ESAME DI STATO CONCLUSIVO DEL SECONDO CICLO,"Diploma di istituto tecnico settore tecnologico indirizzo ""informatica e telecomunicazioni"" articolazione ""informatica""",29839
162,2238636,2022-11-12,DIPLOMA ESAME DI STATO CONCLUSIVO DEL SECONDO CICLO,"Diploma di istituto tecnico settore tecnologico indirizzo ""informatica e telecomunicazioni"" articolazione ""telecomunicazioni""",29839
163,2238636,2022-11-12,DIPLOMA ESAME DI STATO CONCLUSIVO DEL SECONDO CICLO,"Diploma di istituto tecnico settore tecnologico indirizzo ""meccanica, meccatronica ed energia"" articolazione ""energia""",29839
164,2238636,2022-11-12,DIPLOMA ESAME DI STATO CONCLUSIVO DEL SECONDO CICLO,"Diploma di istituto tecnico settore tecnologico indirizzo ""meccanica, meccatronica ed energia"" articolazione ""meccanica e meccatronica""",29839
165,2674650,2022-11-12,DIPLOMA ESAME DI STATO CONCLUSIVO DEL SECONDO CICLO,"Diploma di istituto tecnico settore tecnologico indirizzo ""costruzioni, ambiente e territorio""",29840
166,2674650,2022-11-12,DIPLOMA ESAME DI STATO CONCLUSIVO DEL SECONDO CICLO,"Diploma di istituto tecnico settore tecnologico indirizzo ""costruzioni,ambiente e territorio"" articolazione ""geotecnico""",29840
167,2239194,2022-11-10,DIPLOMA ESAME DI STATO CONCLUSIVO DEL SECONDO CICLO,"Diploma di istituto tecnico settore economico indirizzo ""amministrazione, finanza e marketing""",29842
168,2239194,2022-11-10,DIPLOMA ESAME DI STATO CONCLUSIVO DEL SECONDO CICLO,"Diploma di istituto tecnico settore economico indirizzo ""amministrazione, finanza e marketing"" articolazione ""relazioni internazionali per il marketing""",29842
169,2239194,2022-11-10,DIPLOMA ESAME DI STATO CONCLUSIVO DEL SECONDO CICLO,"Diploma di istituto tecnico settore economico indirizzo ""amministrazione, finanza e marketing"" articolazione ""sistemi informativi aziendali""",29842
170,2675229,2022-11-12,DIPLOMA ESAME DI STATO CONCLUSIVO DEL SECONDO CICLO,"Diploma di istituto tecnico settore economico indirizzo ""amministrazione, finanza e marketing""",29843
171,2239192,2022-11-12,DIPLOMA ESAME DI STATO CONCLUSIVO DEL SECONDO CICLO,"Diploma di istituto tecnico settore tecnologico indirizzo ""costruzioni, ambiente e territorio""",29844
172,2239192,2022-11-12,DIPLOMA ESAME DI STATO CONCLUSIVO DEL SECONDO CICLO,"Diploma di istituto tecnico settore tecnologico indirizzo ""costruzioni, ambiente e territorio"" opzione ""tecnologie del legno nelle costruzioni""",29844
173,2239192,2022-11-12,DIPLOMA ESAME DI STATO CONCLUSIVO DEL SECONDO CICLO,"Diploma di istituto tecnico settore tecnologico indirizzo ""costruzioni,ambiente e territorio"" articolazione ""geotecnico""",29844
174,2675227,2022-11-12,DIPLOMA ESAME DI STATO CONCLUSIVO DEL SECONDO CICLO,"Diploma di istituto tecnico settore tecnologico indirizzo ""costruzioni, ambiente e territorio""",29845
175,2238601,2022-11-12,DIPLOMA ESAME DI STATO CONCLUSIVO DEL SECONDO CICLO,"Diploma di istituto tecnico settore tecnologico indirizzo ""elettronica ed elettrotecnica"" articolazione ""automazione""",29853
176,2238601,2022-11-12,DIPLOMA ESAME DI STATO CONCLUSIVO DEL SECONDO CICLO,"Diploma di istituto tecnico settore tecnologico indirizzo ""elettronica ed elettrotecnica"" articolazione ""elettronica""",29853
177,2238601,2022-11-12,DIPLOMA ESAME DI STATO CONCLUSIVO DEL SECONDO CICLO,"Diploma di istituto tecnico settore tecnologico indirizzo ""elettronica ed elettrotecnica"" articolazione ""elettrotecnica""",29853
178,2238601,2022-11-12,DIPLOMA ESAME DI STATO CONCLUSIVO DEL SECONDO CICLO,"Diploma di istituto tecnico settore tecnologico indirizzo ""informatica e telecomunicazioni"" articolazione ""informatica""",29853
179,2238601,2022-11-12,DIPLOMA ESAME DI STATO CONCLUSIVO DEL SECONDO CICLO,"Diploma di istituto tecnico settore tecnologico indirizzo ""informatica e telecomunicazioni"" articolazione ""telecomunicazioni""",29853
180,2238601,2022-11-12,DIPLOMA ESAME DI STATO CONCLUSIVO DEL SECONDO CICLO,"Diploma di istituto tecnico settore tecnologico indirizzo ""meccanica, meccatronica ed energia"" articolazione ""energia""",29853
181,2238601,2022-11-12,DIPLOMA ESAME DI STATO CONCLUSIVO DEL SECONDO CICLO,"Diploma di istituto tecnico settore tecnologico indirizzo ""meccanica, meccatronica ed energia"" articolazione ""meccanica e meccatronica""",29853
182,2674613,2022-11-12,DIPLOMA ESAME DI STATO CONCLUSIVO DEL SECONDO CICLO,"Diploma di istituto tecnico settore tecnologico indirizzo ""elettronica ed elettrotecnica"" articolazione ""automazione""",29854
183,2674613,2022-11-12,DIPLOMA ESAME DI STATO CONCLUSIVO DEL SECONDO CICLO,"Diploma di istituto tecnico settore tecnologico indirizzo ""informatica e telecomunicazioni"" articolazione ""informatica""",29854
184,2674613,2022-11-12,DIPLOMA ESAME DI STATO CONCLUSIVO DEL SECONDO CICLO,"Diploma di istituto tecnico settore tecnologico indirizzo ""meccanica, meccatronica ed energia"" articolazione ""meccanica e meccatronica""",29854
185,2237602,2022-11-12,DIPLOMA ESAME DI STATO CONCLUSIVO DEL SECONDO CICLO,"Diploma di istituto tecnico settore tecnologico indirizzo ""chimica, materiali e biotecnologie"" articolazione ""biotecnologie ambientali""",29856
186,2237602,2022-11-12,DIPLOMA ESAME DI STATO CONCLUSIVO DEL SECONDO CICLO,"Diploma di istituto tecnico settore tecnologico indirizzo ""chimica, materiali e biotecnologie"" articolazione ""biotecnologie sanitarie""",29856
187,2237602,2022-11-12,DIPLOMA ESAME DI STATO CONCLUSIVO DEL SECONDO CICLO,"Diploma di istituto tecnico settore tecnologico indirizzo ""chimica, materiali e biotecnologie"" articolazione ""chimica e materiali""",29856
188,2237602,2022-11-12,DIPLOMA ESAME DI STATO CONCLUSIVO DEL SECONDO CICLO,"Diploma di istituto tecnico settore tecnologico indirizzo ""costruzioni, ambiente e territorio""",29856
189,2237602,2022-11-12,DIPLOMA ESAME DI STATO CONCLUSIVO DEL SECONDO CICLO,"Diploma di istituto tecnico settore tecnologico indirizzo ""costruzioni,ambiente e territorio"" articolazione ""geotecnico""",29856
190,2237602,2022-11-12,DIPLOMA ESAME DI STATO CONCLUSIVO DEL SECONDO CICLO,"Diploma di istituto tecnico settore tecnologico indirizzo ""elettronica ed elettrotecnica"" articolazione ""automazione""",29856
191,2237602,2022-11-12,DIPLOMA ESAME DI STATO CONCLUSIVO DEL SECONDO CICLO,"Diploma di istituto tecnico settore tecnologico indirizzo ""elettronica ed elettrotecnica"" articolazione ""elettronica""",29856
192,2237602,2022-11-12,DIPLOMA ESAME DI STATO CONCLUSIVO DEL SECONDO CICLO,"Diploma di istituto tecnico settore tecnologico indirizzo ""elettronica ed elettrotecnica"" articolazione ""elettrotecnica""",29856
193,2237602,2022-11-12,DIPLOMA ESAME DI STATO CONCLUSIVO DEL SECONDO CICLO,"Diploma di istituto tecnico settore tecnologico indirizzo ""informatica e telecomunicazioni"" articolazione ""informatica""",29856
194,2237602,2022-11-12,DIPLOMA ESAME DI STATO CONCLUSIVO DEL SECONDO CICLO,"Diploma di istituto tecnico settore tecnologico indirizzo ""informatica e telecomunicazioni"" articolazione ""telecomunicazioni""",29856
195,2237602,2022-11-12,DIPLOMA ESAME DI STATO CONCLUSIVO DEL SECONDO CICLO,"Diploma di istituto tecnico settore tecnologico indirizzo ""meccanica, meccatronica ed energia"" articolazione ""energia""",29856
196,2237602,2022-11-12,DIPLOMA ESAME DI STATO CONCLUSIVO DEL SECONDO CICLO,"Diploma di istituto tecnico settore tecnologico indirizzo ""meccanica, meccatronica ed energia"" articolazione ""meccanica e meccatronica""",29856
197,2673584,2022-11-12,DIPLOMA ESAME DI STATO CONCLUSIVO DEL SECONDO CICLO,"Diploma di istituto tecnico settore tecnologico indirizzo ""costruzioni, ambiente e territorio""",29857
198,2673584,2022-11-12,DIPLOMA ESAME DI STATO CONCLUSIVO DEL SECONDO CICLO,"Diploma di istituto tecnico settore tecnologico indirizzo ""elettronica ed elettrotecnica"" articolazione ""automazione""",29857
199,2673584,2022-11-12,DIPLOMA ESAME DI STATO CONCLUSIVO DEL SECONDO CICLO,"Diploma di istituto tecnico settore tecnologico indirizzo ""elettronica ed elettrotecnica"" articolazione ""elettronica""",29857
200,2673584,2022-11-12,DIPLOMA ESAME DI STATO CONCLUSIVO DEL SECONDO CICLO,"Diploma di istituto tecnico settore tecnologico indirizzo ""elettronica ed elettrotecnica"" articolazione ""elettrotecnica""",29857
201,2673584,2022-11-12,DIPLOMA ESAME DI STATO CONCLUSIVO DEL SECONDO CICLO,"Diploma di istituto tecnico settore tecnologico indirizzo ""informatica e telecomunicazioni"" articolazione ""informatica""",29857
202,2673584,2022-11-12,DIPLOMA ESAME DI STATO CONCLUSIVO DEL SECONDO CICLO,"Diploma di istituto tecnico settore tecnologico indirizzo ""meccanica, meccatronica ed energia"" articolazione ""meccanica e meccatronica""",29857
203,13979,2022-11-12,DIPLOMA ESAME DI STATO CONCLUSIVO DEL SECONDO CICLO,Diploma di liceo classico,29877
204,2237750,2022-11-12,DIPLOMA ESAME DI STATO CONCLUSIVO DEL SECONDO CICLO,Diploma di liceo linguistico,29878
205,2237750,2022-11-12,DIPLOMA ESAME DI STATO CONCLUSIVO DEL SECONDO CICLO,Diploma di liceo linguistico,29878
206,2237746,2022-11-12,DIPLOMA ESAME DI STATO CONCLUSIVO DEL SECONDO CICLO,Diploma di liceo scientifico,29879
207,2237746,2022-11-12,DIPLOMA ESAME DI STATO CONCLUSIVO DEL SECONDO CICLO,Diploma di liceo scientifico indirizzo sportivo,29879
208,2237748,2022-11-11,DIPLOMA ESAME DI STATO CONCLUSIVO DEL SECONDO CICLO,Diploma di liceo scientifico opzione scienze applicate,29880
209,2239159,2022-11-12,DIPLOMA ESAME DI STATO CONCLUSIVO DEL SECONDO CICLO,Diploma di liceo delle scienze umane,29883
210,2239161,2022-11-12,DIPLOMA ESAME DI STATO CONCLUSIVO DEL SECONDO CICLO,"Diploma di liceo delle scienze umane opzione ""economico sociale""",29884
211,2675195,2022-11-12,DIPLOMA ESAME DI STATO CONCLUSIVO DEL SECONDO CICLO,"Diploma di liceo delle scienze umane opzione ""economico sociale""",29885
212,2238539,2022-11-12,DIPLOMA ESAME DI STATO CONCLUSIVO DEL SECONDO CICLO,Diploma di liceo classico,29887
213,2238533,2022-11-12,DIPLOMA ESAME DI STATO CONCLUSIVO DEL SECONDO CICLO,Diploma di liceo delle scienze umane,29888
214,2238531,2022-11-12,DIPLOMA ESAME DI STATO CONCLUSIVO DEL SECONDO CICLO,"Diploma di liceo delle scienze umane opzione ""economico sociale""",29889
215,2238535,2022-11-12,DIPLOMA ESAME DI STATO CONCLUSIVO DEL SECONDO CICLO,Diploma di liceo linguistico,29890
216,14883,2022-11-12,DIPLOMA ESAME DI STATO CONCLUSIVO DEL SECONDO CICLO,Diploma di liceo scientifico,29891
217,2238537,2022-11-12,DIPLOMA ESAME DI STATO CONCLUSIVO DEL SECONDO CICLO,Diploma di liceo scientifico opzione scienze applicate,29892
218,2237733,2022-11-12,DIPLOMA ESAME DI STATO CONCLUSIVO DEL SECONDO CICLO,Diploma di liceo delle scienze umane,29894
219,2237735,2022-11-12,DIPLOMA ESAME DI STATO CONCLUSIVO DEL SECONDO CICLO,"Diploma di liceo delle scienze umane opzione ""economico sociale""",29895
220,15776,2022-11-12,DIPLOMA ESAME DI STATO CONCLUSIVO DEL SECONDO CICLO,Diploma di liceo classico,29897
221,13694,2022-11-12,DIPLOMA ESAME DI STATO CONCLUSIVO DEL SECONDO CICLO,Diploma di liceo scientifico,29901
222,2237521,2022-11-12,DIPLOMA ESAME DI STATO CONCLUSIVO DEL SECONDO CICLO,Diploma di liceo scientifico opzione scienze applicate,29902
223,14191,2022-11-12,DIPLOMA ESAME DI STATO CONCLUSIVO DEL SECONDO CICLO,Diploma di liceo scientifico,29905
224,2237946,2022-11-12,DIPLOMA ESAME DI STATO CONCLUSIVO DEL SECONDO CICLO,Diploma di liceo scientifico opzione scienze applicate,29906
225,2238719,2022-11-12,DIPLOMA ESAME DI STATO CONCLUSIVO DEL SECONDO CICLO,"Diploma di liceo artistico indirizzo ""arti figurative""",29908
226,2238719,2022-11-12,DIPLOMA ESAME DI STATO CONCLUSIVO DEL SECONDO CICLO,"Diploma di liceo artistico indirizzo ""design""",29908
227,2238721,2022-11-12,DIPLOMA ESAME DI STATO CONCLUSIVO DEL SECONDO CICLO,Diploma di liceo linguistico,29909
228,15075,2022-11-12,DIPLOMA ESAME DI STATO CONCLUSIVO DEL SECONDO CICLO,Diploma di liceo scientifico,29910
229,2238555,2022-11-12,DIPLOMA ESAME DI STATO CONCLUSIVO DEL SECONDO CICLO,"Diploma di istituto professionale settore servizi indirizzo ""servizi socio-sanitari"" articolazione ""arti ausiliarie delle professioni sanitarie: odontotecnico""",29919
230,2238553,2022-11-12,DIPLOMA ESAME DI STATO CONCLUSIVO DEL SECONDO CICLO,"Diploma di istituto tecnico settore economico indirizzo ""turismo""",29920
231,2238551,2022-11-12,DIPLOMA ESAME DI STATO CONCLUSIVO DEL SECONDO CICLO,"Diploma di istituto tecnico settore tecnologico indirizzo ""chimica, materiali e biotecnologie"" articolazione ""biotecnologie sanitarie""",29921
232,2775475,2022-11-12,DIPLOMA PROFESSIONALE,Tecnico dei servizi di animazione turistico-sportiva e del tempo libero,29922
233,2237919,2022-11-12,DIPLOMA ESAME DI STATO CONCLUSIVO DEL SECONDO CICLO,"Diploma di istituto tecnico settore economico indirizzo ""turismo""",29413
234,2244652,2022-11-12,DIPLOMA ESAME DI STATO CONCLUSIVO DEL SECONDO CICLO,Diploma di liceo scientifico opzione scienze applicate,29414
235,8899352,2022-11-12,DIPLOMA ESAME DI STATO CONCLUSIVO DEL SECONDO CICLO,Diploma di liceo scientifico opzione scienze applicate,29418
236,2776328,2022-11-12,QUALIFICA PROFESSIONALE,Operatore alla riparazione di veicoli a motore,29419
237,2776328,2022-11-12,QUALIFICA PROFESSIONALE,Operatore delle costruzioni edili,29419
238,2776328,2022-11-12,QUALIFICA PROFESSIONALE,Operatore di carpenteria metallica,29419
239,2776328,2022-11-12,QUALIFICA PROFESSIONALE,Operatore elettrico,29419
240,2776328,2022-11-12,QUALIFICA PROFESSIONALE,Operatore meccanico,29419
241,2776328,2022-11-12,QUALIFICA PROFESSIONALE,Operatore meccatronico,29419
242,2776328,2022-11-12,DIPLOMA PROFESSIONALE,Tecnico dell'automazione industriale,29419
243,2776328,2022-11-12,DIPLOMA PROFESSIONALE,Tecnico della modellazione e fabbricazione digitale,29419
244,2776328,2022-11-12,DIPLOMA PROFESSIONALE,Tecnico della programmazione e gestione di impianti di produzione,29419
245,2776328,2022-11-12,DIPLOMA PROFESSIONALE,Tecnico edile,29419
246,2776328,2022-11-12,DIPLOMA PROFESSIONALE,Tecnico elettrico,29419
247,2776328,2022-11-12,DIPLOMA ESAME DI STATO CONCLUSIVO DEL SECONDO CICLO,"Diploma di istituto professionale settore industria e artigianato indirizzo ""manutenzione e assistenza tecnica""",29419
248,2776328,2022-11-12,DIPLOMA ESAME DI STATO CONCLUSIVO DEL SECONDO CICLO,"Diploma di istituto professionale settore industria e artigianato indirizzo ""produzioni industriali e artigianali"" articolazione ""artigianato""",29419
249,3029767,2022-11-12,QUALIFICA PROFESSIONALE,Operatore elettrico,29420
250,3029767,2022-11-12,QUALIFICA PROFESSIONALE,Operatore meccanico,29420
251,2916869,2022-11-12,DIPLOMA ESAME DI STATO CONCLUSIVO DEL SECONDO CICLO,"Diploma di istituto professionale settore servizi indirizzo ""servizi socio-sanitari""",29762
252,2237573,2022-11-12,DIPLOMA ESAME DI STATO CONCLUSIVO DEL SECONDO CICLO,"Diploma di istituto tecnico settore economico indirizzo ""amministrazione, finanza e marketing""",29763
253,2237573,2022-11-12,DIPLOMA ESAME DI STATO CONCLUSIVO DEL SECONDO CICLO,"Diploma di istituto tecnico settore economico indirizzo ""amministrazione, finanza e marketing"" articolazione ""relazioni internazionali per il marketing""",29763
254,2237573,2022-11-12,DIPLOMA ESAME DI STATO CONCLUSIVO DEL SECONDO CICLO,"Diploma di istituto tecnico settore economico indirizzo ""amministrazione, finanza e marketing"" articolazione ""sistemi informativi aziendali""",29763
255,2662298,2022-11-12,DIPLOMA ESAME DI STATO CONCLUSIVO DEL SECONDO CICLO,"Diploma di istituto tecnico settore economico indirizzo ""amministrazione, finanza e marketing""",29764
256,2662298,2022-11-12,DIPLOMA ESAME DI STATO CONCLUSIVO DEL SECONDO CICLO,"Diploma di istituto tecnico settore economico indirizzo ""amministrazione, finanza e marketing"" articolazione ""relazioni internazionali per il marketing""",29764
257,2662298,2022-11-12,DIPLOMA ESAME DI STATO CONCLUSIVO DEL SECONDO CICLO,"Diploma di istituto tecnico settore economico indirizzo ""amministrazione, finanza e marketing"" articolazione ""sistemi informativi aziendali""",29764
258,2237571,2022-11-12,DIPLOMA ESAME DI STATO CONCLUSIVO DEL SECONDO CICLO,"Diploma di istituto tecnico settore tecnologico indirizzo ""costruzioni, ambiente e territorio""",29765
259,2237571,2022-11-12,DIPLOMA ESAME DI STATO CONCLUSIVO DEL SECONDO CICLO,"Diploma di istituto tecnico settore tecnologico indirizzo ""costruzioni,ambiente e territorio"" articolazione ""geotecnico""",29765
260,2662299,2022-11-12,DIPLOMA ESAME DI STATO CONCLUSIVO DEL SECONDO CICLO,"Diploma di istituto tecnico settore tecnologico indirizzo ""costruzioni, ambiente e territorio""",29766
261,2662299,2022-11-12,DIPLOMA ESAME DI STATO CONCLUSIVO DEL SECONDO CICLO,"Diploma di istituto tecnico settore tecnologico indirizzo ""costruzioni,ambiente e territorio"" articolazione ""geotecnico""",29766
262,2237575,2022-11-12,DIPLOMA ESAME DI STATO CONCLUSIVO DEL SECONDO CICLO,Diploma di liceo delle scienze umane,29767
263,13739,2022-11-12,DIPLOMA ESAME DI STATO CONCLUSIVO DEL SECONDO CICLO,Diploma di liceo scientifico,29768
264,2237569,2022-11-12,DIPLOMA ESAME DI STATO CONCLUSIVO DEL SECONDO CICLO,Diploma di liceo scientifico opzione scienze applicate,29769
265,2237232,2022-11-12,DIPLOMA ESAME DI STATO CONCLUSIVO DEL SECONDO CICLO,"Diploma di istituto tecnico settore economico indirizzo ""amministrazione, finanza e marketing""",29773
266,2237232,2022-11-12,DIPLOMA ESAME DI STATO CONCLUSIVO DEL SECONDO CICLO,"Diploma di istituto tecnico settore economico indirizzo ""amministrazione, finanza e marketing"" articolazione ""relazioni internazionali per il marketing""",29773
267,2237232,2022-11-12,DIPLOMA ESAME DI STATO CONCLUSIVO DEL SECONDO CICLO,"Diploma di istituto tecnico settore economico indirizzo ""amministrazione, finanza e marketing"" articolazione ""sistemi informativi aziendali""",29773
268,2237232,2022-11-12,DIPLOMA ESAME DI STATO CONCLUSIVO DEL SECONDO CICLO,"Diploma di istituto tecnico settore economico indirizzo ""turismo""",29773
269,2661834,2022-11-12,DIPLOMA ESAME DI STATO CONCLUSIVO DEL SECONDO CICLO,"Diploma di istituto tecnico settore economico indirizzo ""amministrazione, finanza e marketing""",29774
270,2661834,2022-11-12,DIPLOMA ESAME DI STATO CONCLUSIVO DEL SECONDO CICLO,"Diploma di istituto tecnico settore economico indirizzo ""turismo""",29774
271,2237230,2022-11-12,DIPLOMA ESAME DI STATO CONCLUSIVO DEL SECONDO CICLO,"Diploma di istituto tecnico settore tecnologico indirizzo ""costruzioni, ambiente e territorio""",29775
272,2237230,2022-11-12,DIPLOMA ESAME DI STATO CONCLUSIVO DEL SECONDO CICLO,"Diploma di istituto tecnico settore tecnologico indirizzo ""costruzioni, ambiente e territorio"" opzione ""tecnologie del legno nelle costruzioni""",29775
273,2237230,2022-11-12,DIPLOMA ESAME DI STATO CONCLUSIVO DEL SECONDO CICLO,"Diploma di istituto tecnico settore tecnologico indirizzo ""costruzioni,ambiente e territorio"" articolazione ""geotecnico""",29775
274,2661833,2022-11-12,DIPLOMA ESAME DI STATO CONCLUSIVO DEL SECONDO CICLO,"Diploma di istituto tecnico settore tecnologico indirizzo ""informatica e telecomunicazioni"" articolazione ""informatica""",29776
275,2237236,2022-11-12,DIPLOMA ESAME DI STATO CONCLUSIVO DEL SECONDO CICLO,Diploma di liceo delle scienze umane,29777
276,2237234,2022-11-12,DIPLOMA ESAME DI STATO CONCLUSIVO DEL SECONDO CICLO,Diploma di liceo linguistico,29778
277,13143,2022-11-12,DIPLOMA ESAME DI STATO CONCLUSIVO DEL SECONDO CICLO,Diploma di liceo scientifico,29779
278,2237228,2022-11-12,DIPLOMA ESAME DI STATO CONCLUSIVO DEL SECONDO CICLO,Diploma di liceo scientifico opzione scienze applicate,29780
279,2238687,2022-11-12,DIPLOMA ESAME DI STATO CONCLUSIVO DEL SECONDO CICLO,"Diploma di istituto tecnico settore economico indirizzo ""amministrazione, finanza e marketing""",29792
280,2238687,2022-11-12,DIPLOMA ESAME DI STATO CONCLUSIVO DEL SECONDO CICLO,"Diploma di istituto tecnico settore economico indirizzo ""amministrazione, finanza e marketing"" articolazione ""relazioni internazionali per il marketing""",29792
281,2238687,2022-11-12,DIPLOMA ESAME DI STATO CONCLUSIVO DEL SECONDO CICLO,"Diploma di istituto tecnico settore economico indirizzo ""amministrazione, finanza e marketing"" articolazione ""sistemi informativi aziendali""",29792
282,2238687,2022-11-12,DIPLOMA ESAME DI STATO CONCLUSIVO DEL SECONDO CICLO,"Diploma di istituto tecnico settore economico indirizzo ""turismo""",29792
283,2238685,2022-11-12,DIPLOMA ESAME DI STATO CONCLUSIVO DEL SECONDO CICLO,"Diploma di istituto tecnico settore economico indirizzo ""amministrazione, finanza e marketing""",29793
284,2238685,2022-11-12,DIPLOMA ESAME DI STATO CONCLUSIVO DEL SECONDO CICLO,"Diploma di istituto tecnico settore economico indirizzo ""amministrazione, finanza e marketing"" articolazione ""relazioni internazionali per il marketing""",29793
285,2238685,2022-11-12,DIPLOMA ESAME DI STATO CONCLUSIVO DEL SECONDO CICLO,"Diploma di istituto tecnico settore economico indirizzo ""amministrazione, finanza e marketing"" articolazione ""sistemi informativi aziendali""",29793
286,2918114,2022-11-12,DIPLOMA ESAME DI STATO CONCLUSIVO DEL SECONDO CICLO,"Diploma di istituto tecnico settore economico indirizzo ""amministrazione, finanza e marketing"" articolazione ""sistemi informativi aziendali""",29794
287,2238689,2022-11-12,DIPLOMA ESAME DI STATO CONCLUSIVO DEL SECONDO CICLO,"Diploma di istituto tecnico settore tecnologico indirizzo ""costruzioni, ambiente e territorio""",29795
288,2238689,2022-11-12,DIPLOMA ESAME DI STATO CONCLUSIVO DEL SECONDO CICLO,"Diploma di istituto tecnico settore tecnologico indirizzo ""costruzioni,ambiente e territorio"" articolazione ""geotecnico""",29795
289,2238689,2022-11-12,DIPLOMA ESAME DI STATO CONCLUSIVO DEL SECONDO CICLO,"Diploma di istituto tecnico settore tecnologico indirizzo ""informatica e telecomunicazioni"" articolazione ""informatica""",29795
290,2238689,2022-11-12,DIPLOMA ESAME DI STATO CONCLUSIVO DEL SECONDO CICLO,"Diploma di istituto tecnico settore tecnologico indirizzo ""informatica e telecomunicazioni"" articolazione ""telecomunicazioni""",29795
291,2674709,2022-11-10,DIPLOMA ESAME DI STATO CONCLUSIVO DEL SECONDO CICLO,"Diploma di istituto tecnico settore tecnologico indirizzo ""informatica e telecomunicazioni"" articolazione ""informatica""",29796
292,2238679,2022-11-12,DIPLOMA ESAME DI STATO CONCLUSIVO DEL SECONDO CICLO,Diploma di liceo delle scienze umane,29797
293,2238683,2022-11-12,DIPLOMA ESAME DI STATO CONCLUSIVO DEL SECONDO CICLO,"Diploma di liceo delle scienze umane opzione ""economico sociale""",29798
294,2807460,2022-11-12,DIPLOMA ESAME DI STATO CONCLUSIVO DEL SECONDO CICLO,Diploma di liceo linguistico,29799
295,15066,2022-11-12,DIPLOMA ESAME DI STATO CONCLUSIVO DEL SECONDO CICLO,Diploma di liceo scientifico,29800
296,2776800,2022-11-12,QUALIFICA PROFESSIONALE,Operatore dell'accoglienza e ospitalità,29862
297,2776800,2022-11-12,QUALIFICA PROFESSIONALE,Operatore di gastronomia e arte bianca,29862
298,2776800,2022-11-12,DIPLOMA PROFESSIONALE,Tecnico dei servizi di sala e bar,29862
299,2776800,2022-11-12,DIPLOMA PROFESSIONALE,Tecnico di cucina,29862
300,2776800,2022-11-12,DIPLOMA ESAME DI STATO CONCLUSIVO DEL SECONDO CICLO,"Diploma di istituto professionale settore servizi indirizzo ""servizi per l'enogastronomia e l'ospitalita' alberghiera"" articolazione ""accoglienza turistica""",29862
301,2776800,2022-11-12,DIPLOMA ESAME DI STATO CONCLUSIVO DEL SECONDO CICLO,"Diploma di istituto professionale settore servizi indirizzo ""servizi per l'enogastronomia e l'ospitalita' alberghiera"" articolazione ""enogastronomia""",29862
302,2776800,2022-11-12,DIPLOMA ESAME DI STATO CONCLUSIVO DEL SECONDO CICLO,"Diploma di istituto professionale settore servizi indirizzo ""servizi per l'enogastronomia e l'ospitalita' alberghiera"" articolazione ""servizi di sala e di vendita""",29862
303,3030378,2022-11-12,QUALIFICA PROFESSIONALE,Operatore dell'accoglienza e ospitalità,29863
304,3030378,2022-11-12,QUALIFICA PROFESSIONALE,Operatore di gastronomia e arte bianca,29863
305,9997357,2022-11-12,DIPLOMA PROFESSIONALE,Tecnico della panificazione e di pasticceria,92004
306,2776782,2022-11-12,QUALIFICA PROFESSIONALE,Operatore dell'accoglienza e ospitalità,29859
307,2776782,2022-11-12,QUALIFICA PROFESSIONALE,Operatore di gastronomia e arte bianca,29859
308,2776782,2022-11-12,DIPLOMA PROFESSIONALE,Tecnico dei servizi di sala e bar,29859
309,2776782,2022-11-12,DIPLOMA PROFESSIONALE,Tecnico di cucina,29859
310,2776782,2022-11-12,DIPLOMA ESAME DI STATO CONCLUSIVO DEL SECONDO CICLO,"Diploma di istituto professionale settore servizi indirizzo ""servizi per l'enogastronomia e l'ospitalita' alberghiera"" articolazione ""accoglienza turistica""",29859
311,2776782,2022-11-12,DIPLOMA ESAME DI STATO CONCLUSIVO DEL SECONDO CICLO,"Diploma di istituto professionale settore servizi indirizzo ""servizi per l'enogastronomia e l'ospitalita' alberghiera"" articolazione ""enogastronomia""",29859
312,2776782,2022-11-12,DIPLOMA ESAME DI STATO CONCLUSIVO DEL SECONDO CICLO,"Diploma di istituto professionale settore servizi indirizzo ""servizi per l'enogastronomia e l'ospitalita' alberghiera"" articolazione ""servizi di sala e di vendita""",29859
313,7502139,2022-11-12,QUALIFICA PROFESSIONALE,Operatore dell'accoglienza e ospitalità,76225
314,7502139,2022-11-12,QUALIFICA PROFESSIONALE,Operatore di gastronomia e arte bianca,76225
315,2237869,2022-11-12,DIPLOMA ESAME DI STATO CONCLUSIVO DEL SECONDO CICLO,"Diploma di istituto tecnico settore economico indirizzo ""amministrazione, finanza e marketing""",29531
316,2237869,2022-11-12,DIPLOMA ESAME DI STATO CONCLUSIVO DEL SECONDO CICLO,"Diploma di istituto tecnico settore economico indirizzo ""amministrazione, finanza e marketing"" articolazione ""relazioni internazionali per il marketing""",29531
317,2237869,2022-11-12,DIPLOMA ESAME DI STATO CONCLUSIVO DEL SECONDO CICLO,"Diploma di istituto tecnico settore economico indirizzo ""amministrazione, finanza e marketing"" articolazione ""sistemi informativi aziendali""",29531
318,2237869,2022-11-12,DIPLOMA ESAME DI STATO CONCLUSIVO DEL SECONDO CICLO,"Diploma di istituto tecnico settore economico indirizzo ""turismo""",29531
319,2237871,2022-11-12,DIPLOMA ESAME DI STATO CONCLUSIVO DEL SECONDO CICLO,"Diploma di istituto tecnico settore tecnologico indirizzo ""costruzioni, ambiente e territorio""",29532
320,2237871,2022-11-12,DIPLOMA ESAME DI STATO CONCLUSIVO DEL SECONDO CICLO,"Diploma di istituto tecnico settore tecnologico indirizzo ""costruzioni,ambiente e territorio"" articolazione ""geotecnico""",29532
321,4255977,2022-11-12,DIPLOMA ESAME DI STATO CONCLUSIVO DEL SECONDO CICLO,Diploma di liceo scientifico opzione scienze applicate,29534
322,2237645,2022-11-12,DIPLOMA ESAME DI STATO CONCLUSIVO DEL SECONDO CICLO,"Diploma di istituto tecnico settore economico indirizzo ""amministrazione, finanza e marketing""",29848
323,2237645,2022-11-12,DIPLOMA ESAME DI STATO CONCLUSIVO DEL SECONDO CICLO,"Diploma di istituto tecnico settore economico indirizzo ""amministrazione, finanza e marketing"" articolazione ""relazioni internazionali per il marketing""",29848
324,2237645,2022-11-12,DIPLOMA ESAME DI STATO CONCLUSIVO DEL SECONDO CICLO,"Diploma di istituto tecnico settore economico indirizzo ""amministrazione, finanza e marketing"" articolazione ""sistemi informativi aziendali""",29848
325,2662397,2022-11-12,DIPLOMA ESAME DI STATO CONCLUSIVO DEL SECONDO CICLO,"Diploma di istituto tecnico settore economico indirizzo ""amministrazione, finanza e marketing""",29849
326,2662397,2022-11-12,DIPLOMA ESAME DI STATO CONCLUSIVO DEL SECONDO CICLO,"Diploma di istituto tecnico settore economico indirizzo ""turismo""",29849
327,2237647,2022-11-12,DIPLOMA ESAME DI STATO CONCLUSIVO DEL SECONDO CICLO,"Diploma di istituto tecnico settore tecnologico indirizzo ""costruzioni, ambiente e territorio""",29850
328,2237647,2022-11-12,DIPLOMA ESAME DI STATO CONCLUSIVO DEL SECONDO CICLO,"Diploma di istituto tecnico settore tecnologico indirizzo ""costruzioni, ambiente e territorio"" opzione ""tecnologie del legno nelle costruzioni""",29850
329,2237647,2022-11-12,DIPLOMA ESAME DI STATO CONCLUSIVO DEL SECONDO CICLO,"Diploma di istituto tecnico settore tecnologico indirizzo ""costruzioni,ambiente e territorio"" articolazione ""geotecnico""",29850
330,2237647,2022-11-12,DIPLOMA ESAME DI STATO CONCLUSIVO DEL SECONDO CICLO,"Diploma di istituto tecnico settore tecnologico indirizzo ""elettronica ed elettrotecnica"" articolazione ""automazione""",29850
331,2237647,2022-11-12,DIPLOMA ESAME DI STATO CONCLUSIVO DEL SECONDO CICLO,"Diploma di istituto tecnico settore tecnologico indirizzo ""elettronica ed elettrotecnica"" articolazione ""elettronica""",29850
332,2237647,2022-11-12,DIPLOMA ESAME DI STATO CONCLUSIVO DEL SECONDO CICLO,"Diploma di istituto tecnico settore tecnologico indirizzo ""elettronica ed elettrotecnica"" articolazione ""elettrotecnica""",29850
333,2662398,2022-11-12,DIPLOMA ESAME DI STATO CONCLUSIVO DEL SECONDO CICLO,"Diploma di istituto tecnico settore tecnologico indirizzo ""costruzioni, ambiente e territorio""",29851
334,2662398,2022-11-12,DIPLOMA ESAME DI STATO CONCLUSIVO DEL SECONDO CICLO,"Diploma di istituto tecnico settore tecnologico indirizzo ""elettronica ed elettrotecnica"" articolazione ""automazione""",29851
335,2776551,2022-11-12,QUALIFICA PROFESSIONALE,Operatore del legno,29865
336,2776551,2022-11-12,DIPLOMA PROFESSIONALE,Tecnico del legno,29865
337,3030055,2022-11-12,QUALIFICA PROFESSIONALE,Operatore del legno,29866
338,2776549,2022-11-12,QUALIFICA PROFESSIONALE,Acconciatore,29867
339,2776549,2022-11-12,QUALIFICA PROFESSIONALE,Estetista,29867
340,2776549,2022-11-12,DIPLOMA PROFESSIONALE,Tecnico dei trattamenti estetici,29867
341,2776549,2022-11-12,DIPLOMA PROFESSIONALE,Tecnico dell'acconciatura,29867
342,2776549,2022-11-12,DIPLOMA ESAME DI STATO CONCLUSIVO DEL SECONDO CICLO,"Diploma di istituto professionale settore servizi indirizzo ""servizi commerciali""",29867
343,3030050,2022-11-12,QUALIFICA PROFESSIONALE,Acconciatore,29868
344,3030050,2022-11-12,QUALIFICA PROFESSIONALE,Estetista,29868
345,3030050,2022-11-12,DIPLOMA PROFESSIONALE,Tecnico dei trattamenti estetici,29868
346,2239096,2022-11-11,DIPLOMA ESAME DI STATO CONCLUSIVO DEL SECONDO CICLO,"Diploma di istituto professionale settore servizi indirizzo ""servizi socio-sanitari""",29811
347,2664481,2022-11-11,DIPLOMA ESAME DI STATO CONCLUSIVO DEL SECONDO CICLO,"Diploma di istituto professionale settore servizi indirizzo ""servizi socio-sanitari""",29812
348,2239094,2022-11-12,DIPLOMA ESAME DI STATO CONCLUSIVO DEL SECONDO CICLO,"Diploma di istituto tecnico settore economico indirizzo ""turismo""",29813
349,2664480,2022-11-11,DIPLOMA ESAME DI STATO CONCLUSIVO DEL SECONDO CICLO,"Diploma di istituto tecnico settore economico indirizzo ""turismo""",29814
350,15754,2022-11-12,DIPLOMA ESAME DI STATO CONCLUSIVO DEL SECONDO CICLO,Diploma di liceo classico,29870
351,2239259,2022-11-12,DIPLOMA ESAME DI STATO CONCLUSIVO DEL SECONDO CICLO,Diploma di liceo delle scienze umane,29871
352,2239261,2022-11-12,DIPLOMA ESAME DI STATO CONCLUSIVO DEL SECONDO CICLO,Diploma di liceo linguistico,29872
353,3730753,2022-11-11,DIPLOMA ESAME DI STATO CONCLUSIVO DEL SECONDO CICLO,Diploma di liceo musicale e coreutico sezione musicale,29873
354,2239255,2022-11-12,DIPLOMA ESAME DI STATO CONCLUSIVO DEL SECONDO CICLO,Diploma di liceo scientifico,29874
355,2239257,2022-11-12,DIPLOMA ESAME DI STATO CONCLUSIVO DEL SECONDO CICLO,Diploma di liceo scientifico opzione scienze applicate,29875
356,2767552,2022-11-12,DIPLOMA ESAME DI STATO CONCLUSIVO DEL SECONDO CICLO,Diploma di liceo linguistico,29899
357,2767552,2022-11-12,DIPLOMA ESAME DI STATO CONCLUSIVO DEL SECONDO CICLO,Diploma di liceo linguistico,29899
358,2237256,2022-11-12,DIPLOMA ESAME DI STATO CONCLUSIVO DEL SECONDO CICLO,"Diploma di istituto tecnico settore tecnologico indirizzo ""agraria, agroalimentare e agroindustria"" articolazione ""gestione dell'ambiente e del territorio""",29410
359,2237256,2022-11-12,DIPLOMA ESAME DI STATO CONCLUSIVO DEL SECONDO CICLO,"Diploma di istituto tecnico settore tecnologico indirizzo ""agraria, agroalimentare e agroindustria"" articolazione ""produzioni e trasformazioni""",29410
360,2237256,2022-11-12,DIPLOMA ESAME DI STATO CONCLUSIVO DEL SECONDO CICLO,"Diploma di istituto tecnico settore tecnologico indirizzo ""agraria, agroalimentare e agroindustria"" articolazione ""viticoltura ed enologia""",29410
361,2774104,2022-11-12,QUALIFICA PROFESSIONALE,Operatore agricolo delle lavorazioni zootecniche,29411
362,2774104,2022-11-12,QUALIFICA PROFESSIONALE,Operatore agricolo delle produzioni vegetali,29411
363,2774104,2022-11-12,QUALIFICA PROFESSIONALE,Operatore agricolo in ortoflorovivaismo e verde,29411
364,2774104,2022-11-12,QUALIFICA PROFESSIONALE,Operatore della trasformazione agroalimentare della lavorazione carni,29411
365,2774104,2022-11-12,QUALIFICA PROFESSIONALE,Operatore della trasformazione agroalimentare lattiero casearia,29411
366,2774104,2022-11-12,QUALIFICA PROFESSIONALE,Operatore della trasformazione agroalimentare vegetale,29411
367,2774104,2022-11-12,DIPLOMA PROFESSIONALE,Tecnico della lavorazione e produzione di prodotti a base di carne,29411
368,2774104,2022-11-12,DIPLOMA PROFESSIONALE,Tecnico della lavorazione e produzione di prodotti a base di vegetali,29411
369,2774104,2022-11-12,DIPLOMA PROFESSIONALE,Tecnico della lavorazione e produzione lattiero e caseario,29411
370,2774104,2022-11-12,DIPLOMA PROFESSIONALE,Tecnico imprenditore agricolo - indirizzo lavorazioni zootecniche,29411
371,2774104,2022-11-12,DIPLOMA PROFESSIONALE,Tecnico imprenditore agricolo - indirizzo ortoflorovivaismo e verde,29411
372,2774104,2022-11-12,DIPLOMA PROFESSIONALE,Tecnico imprenditore agricolo - indirizzo produzioni vegetali,29411
373,2774104,2022-11-12,DIPLOMA ESAME DI STATO CONCLUSIVO DEL SECONDO CICLO,"Diploma di istituto professionale settore servizi indirizzo ""servizi per l'agricoltura e lo sviluppo rurale""",29411
374,2776595,2022-11-12,QUALIFICA PROFESSIONALE,Operatore dell'accoglienza e ospitalità,29256
375,2776595,2022-11-12,QUALIFICA PROFESSIONALE,Operatore di gastronomia e arte bianca,29256
376,2776595,2022-11-12,DIPLOMA PROFESSIONALE,Tecnico dei servizi di sala e bar,29256
377,2776595,2022-11-12,DIPLOMA PROFESSIONALE,Tecnico di cucina,29256
378,2776362,2022-11-12,QUALIFICA PROFESSIONALE,Operatore di carpenteria metallica,29251
379,2776362,2022-11-12,QUALIFICA PROFESSIONALE,Operatore di impianti termoidraulici,29251
380,2776362,2022-11-12,QUALIFICA PROFESSIONALE,Operatore elettrico,29251
381,2776362,2022-11-12,QUALIFICA PROFESSIONALE,Operatore meccanico,29251
382,2776362,2022-11-12,DIPLOMA PROFESSIONALE,Tecnico della programmazione e gestione di impianti di produzione,29251
383,2776362,2022-11-12,DIPLOMA PROFESSIONALE,Tecnico di impianti di refrigerazione e condizionamento,29251
384,2776362,2022-11-12,DIPLOMA PROFESSIONALE,Tecnico di impianti termici,29251
