,id_comune,Comune,Grado,Materia,Anno,Punteggio_percentuale_medio,Dev_Std_Punteggio_Percentuale,Punteggio_wle_medio,Dev_Std_Punteggio_wle,perc_copertura_stu
186,22006,ARCO,2,Italian,2012-13,"63,37","16,97","207,90","39,29","91,82"
187,22139,PERGINE VALSUGANA,2,Italian,2012-13,"63,15","15,02","206,38","35,81","88,98"
188,22153,RIVA DEL GARDA,2,Italian,2012-13,"64,31","15,72","208,48","41,20","94,93"
189,22161,ROVERETO,2,Italian,2012-13,"60,59","16,49","201,07","38,06","90,73"
190,22205,TRENTO,2,Italian,2012-13,"59,01","20,40","200,51","51,69","91,50"
1100,22006,ARCO,5,Italian,2012-13,"75,17","14,24","199,68","34,48","88,14"
1101,22139,PERGINE VALSUGANA,5,Italian,2012-13,"76,06","14,14","204,17","35,66","89,33"
1102,22153,RIVA DEL GARDA,5,Italian,2012-13,"76,18","15,12","203,52","38,01","89,29"
1103,22161,ROVERETO,5,Italian,2012-13,"73,73","16,31","198,34","41,18","91,25"
1104,22205,TRENTO,5,Italian,2012-13,"76,19","14,71","204,40","38,55","87,61"
1978,22006,ARCO,8,Italian,2012-13,"70,91","13,83","196,11","36,21","91,67"
1979,22139,PERGINE VALSUGANA,8,Italian,2012-13,"73,41","13,22","200,71","35,06","87,83"
1980,22153,RIVA DEL GARDA,8,Italian,2012-13,"71,32","13,82","196,31","35,31","90,32"
1981,22161,ROVERETO,8,Italian,2012-13,"70,97","15,08","196,19","39,55","90,52"
1982,22205,TRENTO,8,Italian,2012-13,"72,42","14,19","199,38","37,80","88,67"
2645,22006,ARCO,10,Italian,2012-13,"53,29","18,75","174,05","44,20","78,57"
2646,22022,BORGO VALSUGANA,10,Italian,2012-13,"60,34","15,63","186,25","39,29","79,02"
2647,22061,CIVEZZANO,10,Italian,2012-13,"62,49","11,65","194,11","26,52","84,42"
2648,22062,CLES,10,Italian,2012-13,"67,62","13,67","206,42","33,66","93,04"
2649,22153,RIVA DEL GARDA,10,Italian,2012-13,"61,97","15,27","189,86","41,08","89,92"
2650,22161,ROVERETO,10,Italian,2012-13,"61,44","16,68","190,70","44,39","86,56"
2651,22167,SAN MICHELE ALL'ADIGE,10,Italian,2012-13,"67,17","12,73","205,45","31,27","84,36"
2652,22199,TIONE DI TRENTO,10,Italian,2012-13,"62,71","15,56","194,46","38,40","86,09"
2654,22205,TRENTO,10,Italian,2012-13,"63,63","16,63","195,68","42,85","81,86"
3298,22006,ARCO,2,Mathematics,2012-13,"61,45","18,63","213,27","37,27","91,82"
3299,22139,PERGINE VALSUGANA,2,Mathematics,2012-13,"58,51","19,05","208,58","37,01","89,76"
3300,22153,RIVA DEL GARDA,2,Mathematics,2012-13,"55,54","20,47","202,96","38,51","92,17"
3301,22161,ROVERETO,2,Mathematics,2012-13,"55,95","19,68","203,39","37,57","90,12"
3302,22205,TRENTO,2,Mathematics,2012-13,"55,75","21,87","200,74","48,29","90,00"
4213,22006,ARCO,5,Mathematics,2012-13,"60,57","16,70","211,27","35,38","89,69"
4214,22139,PERGINE VALSUGANA,5,Mathematics,2012-13,"64,15","17,31","218,61","38,19","88,54"
4215,22153,RIVA DEL GARDA,5,Mathematics,2012-13,"58,62","18,67","208,01","40,05","87,50"
4216,22161,ROVERETO,5,Mathematics,2012-13,"60,98","17,95","212,38","39,07","89,06"
4217,22205,TRENTO,5,Mathematics,2012-13,"59,02","18,31","208,02","40,10","87,61"
5091,22006,ARCO,8,Mathematics,2012-13,"49,39","18,05","193,46","38,78","91,67"
5092,22139,PERGINE VALSUGANA,8,Mathematics,2012-13,"54,76","17,93","207,37","38,13","87,83"
5093,22153,RIVA DEL GARDA,8,Mathematics,2012-13,"50,63","17,78","200,25","38,29","90,32"
5094,22161,ROVERETO,8,Mathematics,2012-13,"50,53","18,64","199,70","39,12","90,52"
5095,22205,TRENTO,8,Mathematics,2012-13,"53,80","18,95","205,02","39,84","88,67"
5761,22006,ARCO,10,Mathematics,2012-13,"36,77","14,82","187,53","32,29","76,98"
5762,22022,BORGO VALSUGANA,10,Mathematics,2012-13,"48,75","19,23","213,63","43,01","79,46"
5763,22061,CIVEZZANO,10,Mathematics,2012-13,"42,50","12,21","199,18","25,18","83,12"
5764,22062,CLES,10,Mathematics,2012-13,"50,12","17,57","216,20","38,09","93,26"
5765,22153,RIVA DEL GARDA,10,Mathematics,2012-13,"53,69","18,05","219,99","41,68","89,65"
5766,22161,ROVERETO,10,Mathematics,2012-13,"43,90","17,81","199,65","39,56","86,56"
5767,22167,SAN MICHELE ALL'ADIGE,10,Mathematics,2012-13,"53,58","16,67","219,45","36,17","85,31"
5768,22199,TIONE DI TRENTO,10,Mathematics,2012-13,"45,50","18,19","203,97","39,58","86,09"
5770,22205,TRENTO,10,Mathematics,2012-13,"48,61","18,22","211,80","39,99","82,00"
6649,22001,ALA,2,Italian,2013-14,"62,27","21,11","202,52","36,52","92,39"
6650,22006,ARCO,2,Italian,2013-14,"64,74","20,92","205,68","36,64","92,93"
6651,22007,AVIO,2,Italian,2013-14,"56,59","20,33","192,83","34,54","92,86"
6654,22047,CASTELLO-MOLINA DI FIEMME,2,Italian,2013-14,"68,63","15,85","212,06","29,76","88,46"
6655,22050,CAVALESE,2,Italian,2013-14,"75,84","10,24","222,76","21,24","94,12"
6656,22053,CAVEDINE,2,Italian,2013-14,"64,60","21,60","205,89","37,67","93,10"
6657,22061,CIVEZZANO,2,Italian,2013-14,"70,26","16,14","215,14","29,53","97,50"
6658,22079,DRO,2,Italian,2013-14,"61,52","22,64","199,78","43,10","92,42"
6659,22103,LAVIS,2,Italian,2013-14,"52,87","25,25","186,12","46,88","88,24"
6660,22115,MEZZANO,2,Italian,2013-14,"64,84","19,44","206,33","33,42","97,22"
6661,22124,NAGO-TORBOLE,2,Italian,2013-14,"59,80","24,98","197,33","42,88","86,21"
6662,22139,PERGINE VALSUGANA,2,Italian,2013-14,"64,83","21,07","206,83","38,15","89,92"
6663,22143,PINZOLO,2,Italian,2013-14,"50,09","28,64","180,29","50,34","86,67"
6664,22153,RIVA DEL GARDA,2,Italian,2013-14,"61,48","24,41","200,15","45,56","91,07"
6665,22156,RONCEGNO TERME,2,Italian,2013-14,"71,62","11,39","215,64","23,25","87,10"
6666,22161,ROVERETO,2,Italian,2013-14,"62,60","21,89","202,36","38,36","90,80"
6667,22167,SAN MICHELE ALL'ADIGE,2,Italian,2013-14,"61,83","20,54","203,35","39,69","95,45"
6669,22183,STORO,2,Italian,2013-14,"69,87","14,95","213,33","26,77","90,32"
6670,22205,TRENTO,2,Italian,2013-14,"62,00","22,95","200,48","42,96","89,85"
6671,22213,VERMIGLIO,2,Italian,2013-14,"70,79","14,21","213,53","23,87","100,00"
6672,22229,LEDRO,2,Italian,2013-14,"64,24","17,05","203,46","29,95","93,75"
8863,22001,ALA,5,Italian,2013-14,"59,69","16,00","196,96","34,79","93,00"
8864,22006,ARCO,5,Italian,2013-14,"65,54","15,58","209,77","36,35","81,54"
8865,22007,AVIO,5,Italian,2013-14,"62,12","14,52","203,19","31,26","91,89"
8868,22047,CASTELLO-MOLINA DI FIEMME,5,Italian,2013-14,"65,24","17,67","208,04","42,44","93,10"
8869,22050,CAVALESE,5,Italian,2013-14,"67,81","13,29","215,77","34,85","96,77"
8870,22053,CAVEDINE,5,Italian,2013-14,"63,11","16,08","204,53","35,31","86,67"
8871,22061,CIVEZZANO,5,Italian,2013-14,"67,14","18,68","216,36","45,07","93,62"
8872,22079,DRO,5,Italian,2013-14,"61,38","16,36","202,34","36,42","81,82"
8873,22103,LAVIS,5,Italian,2013-14,"57,27","15,93","190,14","36,40","88,68"
8874,22115,MEZZANO,5,Italian,2013-14,"58,76","12,70","197,11","26,61","80,00"
8875,22124,NAGO-TORBOLE,5,Italian,2013-14,"68,25","15,18","212,89","36,05","89,29"
8876,22139,PERGINE VALSUGANA,5,Italian,2013-14,"61,77","15,53","201,02","35,92","85,48"
8877,22143,PINZOLO,5,Italian,2013-14,"62,60","14,77","204,62","33,23","85,71"
8878,22153,RIVA DEL GARDA,5,Italian,2013-14,"61,10","15,31","199,10","34,89","91,98"
8879,22156,RONCEGNO TERME,5,Italian,2013-14,"70,91","12,46","218,23","34,47","86,11"
8880,22161,ROVERETO,5,Italian,2013-14,"61,12","16,88","200,19","39,31","86,81"
8881,22167,SAN MICHELE ALL'ADIGE,5,Italian,2013-14,"59,30","15,00","191,57","34,02","93,55"
8883,22183,STORO,5,Italian,2013-14,"55,29","13,47","186,35","29,31","95,31"
8884,22205,TRENTO,5,Italian,2013-14,"63,54","15,89","205,29","36,61","86,81"
8885,22213,VERMIGLIO,5,Italian,2013-14,"63,64","16,70","204,36","36,64","100,00"
8886,22229,LEDRO,5,Italian,2013-14,"65,21","15,96","208,14","38,14","89,58"
10827,22006,ARCO,8,Italian,2013-14,"63,68","15,02","190,47","35,99","89,52"
10828,22139,PERGINE VALSUGANA,8,Italian,2013-14,"67,10","13,73","198,64","33,70","87,74"
10829,22143,PINZOLO,8,Italian,2013-14,"65,16","10,74","190,60","25,17","87,04"
10830,22153,RIVA DEL GARDA,8,Italian,2013-14,"61,28","18,57","180,67","48,60","87,55"
10831,22161,ROVERETO,8,Italian,2013-14,"66,02","14,25","194,34","34,03","85,92"
10832,22205,TRENTO,8,Italian,2013-14,"65,99","16,33","195,34","41,24","87,14"
11606,22006,ARCO,10,Italian,2013-14,"62,50","12,98","190,88","30,71","83,47"
11607,22022,BORGO VALSUGANA,10,Italian,2013-14,"63,78","15,13","193,04","38,60","83,17"
11608,22050,CAVALESE,10,Italian,2013-14,"70,27","14,46","212,17","37,23","84,62"
11609,22061,CIVEZZANO,10,Italian,2013-14,"63,75","12,26","194,02","27,34","84,78"
11610,22062,CLES,10,Italian,2013-14,"70,03","13,84","210,32","35,52","92,12"
11611,22104,LEVICO TERME,10,Italian,2013-14,"57,64","12,47","179,49","28,81","79,08"
11612,22117,MEZZOLOMBARDO,10,Italian,2013-14,"67,01","19,34","201,82","60,53","82,57"
11613,22139,PERGINE VALSUGANA,10,Italian,2013-14,"71,50","11,55","213,68","30,00","88,57"
11615,22153,RIVA DEL GARDA,10,Italian,2013-14,"73,40","15,70","221,31","41,25","88,56"
11616,22161,ROVERETO,10,Italian,2013-14,"63,93","15,92","193,59","41,80","82,45"
11617,22167,SAN MICHELE ALL'ADIGE,10,Italian,2013-14,"70,63","11,96","210,80","30,94","83,49"
11618,22199,TIONE DI TRENTO,10,Italian,2013-14,"61,46","16,92","188,21","43,88","87,39"
11620,22205,TRENTO,10,Italian,2013-14,"66,80","15,68","201,28","42,00","82,96"
12784,22001,ALA,2,Mathematics,2013-14,"57,62","17,17","205,38","37,27","91,30"
12785,22006,ARCO,2,Mathematics,2013-14,"60,21","16,55","209,77","35,55","91,85"
12786,22007,AVIO,2,Mathematics,2013-14,"51,53","16,32","193,41","33,56","92,86"
12789,22047,CASTELLO-MOLINA DI FIEMME,2,Mathematics,2013-14,"67,73","18,94","227,01","42,33","92,31"
12790,22050,CAVALESE,2,Mathematics,2013-14,"70,14","12,63","229,38","30,01","94,12"
12791,22053,CAVEDINE,2,Mathematics,2013-14,"56,87","18,12","204,89","38,06","93,10"
12792,22061,CIVEZZANO,2,Mathematics,2013-14,"65,95","13,47","221,03","28,75","95,00"
12793,22079,DRO,2,Mathematics,2013-14,"51,67","17,54","192,81","38,53","93,94"
12794,22103,LAVIS,2,Mathematics,2013-14,"46,14","20,23","180,23","42,44","90,20"
12795,22115,MEZZANO,2,Mathematics,2013-14,"59,24","18,05","208,44","38,84","94,44"
12796,22124,NAGO-TORBOLE,2,Mathematics,2013-14,"59,28","14,73","207,45","30,57","86,21"
12797,22139,PERGINE VALSUGANA,2,Mathematics,2013-14,"61,48","16,42","214,16","37,33","89,08"
12798,22143,PINZOLO,2,Mathematics,2013-14,"55,94","18,56","201,57","38,20","93,33"
12799,22153,RIVA DEL GARDA,2,Mathematics,2013-14,"57,57","19,14","205,03","40,95","89,88"
12800,22156,RONCEGNO TERME,2,Mathematics,2013-14,"67,96","14,08","227,14","33,85","87,10"
12801,22161,ROVERETO,2,Mathematics,2013-14,"56,98","20,09","204,24","45,12","91,28"
12802,22167,SAN MICHELE ALL'ADIGE,2,Mathematics,2013-14,"59,97","16,67","208,90","36,25","93,18"
12804,22183,STORO,2,Mathematics,2013-14,"58,92","16,79","207,07","36,34","88,71"
12805,22205,TRENTO,2,Mathematics,2013-14,"56,08","18,30","201,31","38,89","90,32"
12806,22213,VERMIGLIO,2,Mathematics,2013-14,"66,05","16,42","221,03","38,13","100,00"
12807,22229,LEDRO,2,Mathematics,2013-14,"61,87","19,89","217,18","48,82","92,19"
14994,22001,ALA,5,Mathematics,2013-14,"65,50","17,38","204,87","40,01","92,00"
14995,22006,ARCO,5,Mathematics,2013-14,"71,81","13,34","219,34","34,12","82,05"
14996,22007,AVIO,5,Mathematics,2013-14,"69,71","12,19","212,07","30,73","91,89"
14999,22047,CASTELLO-MOLINA DI FIEMME,5,Mathematics,2013-14,"69,41","18,19","217,83","46,97","93,10"
15000,22050,CAVALESE,5,Mathematics,2013-14,"71,39","18,88","219,09","61,83","96,77"
15001,22053,CAVEDINE,5,Mathematics,2013-14,"66,59","15,64","208,77","35,71","76,67"
15002,22061,CIVEZZANO,5,Mathematics,2013-14,"67,70","17,91","211,54","42,43","93,62"
15003,22079,DRO,5,Mathematics,2013-14,"72,81","14,26","220,69","35,79","83,64"
15004,22103,LAVIS,5,Mathematics,2013-14,"60,75","16,28","194,11","37,55","89,62"
15005,22115,MEZZANO,5,Mathematics,2013-14,"67,17","14,61","207,79","35,27","83,33"
15006,22124,NAGO-TORBOLE,5,Mathematics,2013-14,"67,28","14,48","208,56","44,14","89,29"
15007,22139,PERGINE VALSUGANA,5,Mathematics,2013-14,"66,40","15,65","206,69","37,45","85,48"
15008,22143,PINZOLO,5,Mathematics,2013-14,"64,33","15,48","200,19","32,93","85,71"
15009,22153,RIVA DEL GARDA,5,Mathematics,2013-14,"67,13","15,67","206,98","35,88","91,98"
15010,22156,RONCEGNO TERME,5,Mathematics,2013-14,"74,31","12,77","230,26","40,77","86,11"
15011,22161,ROVERETO,5,Mathematics,2013-14,"66,16","15,48","207,09","39,22","86,57"
15012,22167,SAN MICHELE ALL'ADIGE,5,Mathematics,2013-14,"60,97","13,78","192,77","29,58","93,55"
15014,22183,STORO,5,Mathematics,2013-14,"65,19","15,35","203,42","34,98","95,31"
15015,22205,TRENTO,5,Mathematics,2013-14,"67,74","15,99","209,90","38,74","86,55"
15016,22213,VERMIGLIO,5,Mathematics,2013-14,"68,21","20,43","215,99","51,61","100,00"
15017,22229,LEDRO,5,Mathematics,2013-14,"69,25","17,69","217,17","45,92","89,58"
16955,22006,ARCO,8,Mathematics,2013-14,"60,30","16,91","196,83","40,55","89,52"
16956,22139,PERGINE VALSUGANA,8,Mathematics,2013-14,"63,24","15,81","204,48","39,20","87,74"
16957,22143,PINZOLO,8,Mathematics,2013-14,"62,31","13,99","199,68","30,81","87,04"
16958,22153,RIVA DEL GARDA,8,Mathematics,2013-14,"62,24","17,71","201,84","44,65","87,55"
16959,22161,ROVERETO,8,Mathematics,2013-14,"61,43","16,53","200,03","39,59","85,92"
16960,22205,TRENTO,8,Mathematics,2013-14,"62,70","17,50","203,11","43,63","87,14"
17739,22006,ARCO,10,Mathematics,2013-14,"43,88","12,87","186,54","30,90","83,47"
17740,22022,BORGO VALSUGANA,10,Mathematics,2013-14,"49,36","14,78","199,82","36,63","83,17"
17741,22050,CAVALESE,10,Mathematics,2013-14,"50,20","13,69","201,89","34,05","84,62"
17742,22061,CIVEZZANO,10,Mathematics,2013-14,"46,25","11,43","193,22","27,07","82,61"
17743,22062,CLES,10,Mathematics,2013-14,"54,58","16,30","212,32","41,10","92,12"
17744,22104,LEVICO TERME,10,Mathematics,2013-14,"39,39","9,06","176,46","22,52","80,10"
17745,22117,MEZZOLOMBARDO,10,Mathematics,2013-14,"53,05","15,42","209,68","37,98","82,57"
17746,22139,PERGINE VALSUGANA,10,Mathematics,2013-14,"54,49","13,79","211,87","33,34","88,57"
17748,22153,RIVA DEL GARDA,10,Mathematics,2013-14,"56,33","17,64","217,09","43,97","88,83"
17749,22161,ROVERETO,10,Mathematics,2013-14,"49,64","15,10","198,07","38,47","82,74"
17750,22167,SAN MICHELE ALL'ADIGE,10,Mathematics,2013-14,"57,33","14,87","215,63","37,81","83,94"
17751,22199,TIONE DI TRENTO,10,Mathematics,2013-14,"48,06","14,92","195,17","38,77","87,39"
17753,22205,TRENTO,10,Mathematics,2013-14,"53,17","15,55","208,30","39,06","83,20"
18908,22001,ALA,2,Italian,2014-15,"52,04","23,48","192,27","45,04","89,19"
18909,22006,ARCO,2,Italian,2014-15,"58,65","18,26","203,59","33,78","88,96"
18910,22007,AVIO,2,Italian,2014-15,"65,33","21,95","217,22","42,07","90,48"
18911,22009,BASELGA DI PINÈ,2,Italian,2014-15,"54,82","22,85","197,95","47,04","93,88"
18913,22047,CASTELLO-MOLINA DI FIEMME,2,Italian,2014-15,"52,17","23,08","195,73","49,33","91,67"
18914,22050,CAVALESE,2,Italian,2014-15,"63,57","18,18","212,53","34,15","95,00"
18915,22053,CAVEDINE,2,Italian,2014-15,"58,31","20,07","203,47","37,04","95,12"
18916,22061,CIVEZZANO,2,Italian,2014-15,"63,18","17,68","208,91","32,30","97,96"
18917,22079,DRO,2,Italian,2014-15,"58,51","19,32","203,30","36,83","80,00"
18918,22103,LAVIS,2,Italian,2014-15,"56,97","20,19","201,64","39,94","92,86"
18919,22115,MEZZANO,2,Italian,2014-15,"55,72","22,00","198,70","40,90","92,68"
18920,22124,NAGO-TORBOLE,2,Italian,2014-15,"60,60","19,10","203,98","35,36","91,89"
18921,22139,PERGINE VALSUGANA,2,Italian,2014-15,"57,60","21,25","202,48","41,36","93,83"
18922,22143,PINZOLO,2,Italian,2014-15,"61,28","21,32","207,41","40,22","83,33"
18923,22153,RIVA DEL GARDA,2,Italian,2014-15,"55,65","21,14","198,52","39,76","88,24"
18924,22156,RONCEGNO TERME,2,Italian,2014-15,"63,86","18,46","212,63","36,19","87,50"
18925,22161,ROVERETO,2,Italian,2014-15,"59,49","21,63","205,92","42,39","88,79"
18926,22167,SAN MICHELE ALL'ADIGE,2,Italian,2014-15,"54,21","19,69","197,82","41,01","88,89"
18928,22183,STORO,2,Italian,2014-15,"57,51","20,73","202,04","38,84","97,06"
18929,22205,TRENTO,2,Italian,2014-15,"57,74","23,23","200,50","49,95","91,29"
18930,22213,VERMIGLIO,2,Italian,2014-15,"50,07","16,38","187,41","28,20","100,00"
18931,22229,LEDRO,2,Italian,2014-15,"49,58","22,42","187,42","40,99","82,46"
18932,22230,PREDAIA,2,Italian,2014-15,"64,52","18,20","214,95","38,62","95,00"
20974,22001,ALA,5,Italian,2014-15,"54,12","14,70","194,22","31,20","87,72"
20975,22006,ARCO,5,Italian,2014-15,"58,50","16,55","203,77","36,53","94,82"
20976,22007,AVIO,5,Italian,2014-15,"60,17","17,47","208,85","40,70","97,37"
20977,22009,BASELGA DI PINÈ,5,Italian,2014-15,"56,72","14,71","199,62","32,26","89,09"
20979,22047,CASTELLO-MOLINA DI FIEMME,5,Italian,2014-15,"65,41","17,30","219,91","39,67","76,92"
20980,22050,CAVALESE,5,Italian,2014-15,"72,85","10,95","238,78","37,09","85,37"
20981,22053,CAVEDINE,5,Italian,2014-15,"49,78","15,25","184,94","32,76","95,65"
20982,22061,CIVEZZANO,5,Italian,2014-15,"68,06","14,20","224,84","34,18","92,00"
20983,22079,DRO,5,Italian,2014-15,"60,65","15,26","208,74","33,88","79,17"
20984,22103,LAVIS,5,Italian,2014-15,"62,62","15,83","213,54","37,28","86,00"
20985,22115,MEZZANO,5,Italian,2014-15,"59,31","18,19","204,79","39,90","100,00"
20986,22124,NAGO-TORBOLE,5,Italian,2014-15,"52,51","18,03","191,74","39,58","100,00"
20987,22139,PERGINE VALSUGANA,5,Italian,2014-15,"56,85","16,73","200,44","37,24","93,16"
20988,22143,PINZOLO,5,Italian,2014-15,"53,72","16,76","192,53","35,87","94,12"
20989,22153,RIVA DEL GARDA,5,Italian,2014-15,"55,46","17,09","197,41","37,91","91,71"
20990,22156,RONCEGNO TERME,5,Italian,2014-15,"60,52","15,65","208,53","35,81","86,11"
20991,22161,ROVERETO,5,Italian,2014-15,"58,06","18,17","203,06","40,83","90,02"
20992,22167,SAN MICHELE ALL'ADIGE,5,Italian,2014-15,"57,06","16,94","201,16","37,56","82,35"
20994,22183,STORO,5,Italian,2014-15,"55,26","14,85","196,32","31,04","93,44"
20995,22205,TRENTO,5,Italian,2014-15,"59,47","17,03","206,13","38,37","87,99"
20996,22213,VERMIGLIO,5,Italian,2014-15,"59,83","18,28","208,79","44,37","92,00"
20997,22229,LEDRO,5,Italian,2014-15,"59,39","20,55","205,75","48,60","91,53"
20998,22230,PREDAIA,5,Italian,2014-15,"64,58","15,41","218,23","38,14","94,29"
22783,22006,ARCO,8,Italian,2014-15,"65,50","16,76","196,78","36,08","92,75"
22784,22139,PERGINE VALSUGANA,8,Italian,2014-15,"67,02","15,89","200,19","35,13","91,23"
22785,22143,PINZOLO,8,Italian,2014-15,"61,36","14,70","179,53","38,72","94,23"
22786,22153,RIVA DEL GARDA,8,Italian,2014-15,"62,85","18,64","192,24","40,06","94,52"
22787,22161,ROVERETO,8,Italian,2014-15,"64,10","18,13","194,56","39,54","87,16"
22788,22205,TRENTO,8,Italian,2014-15,"66,42","17,71","199,35","39,80","90,67"
23567,22006,ARCO,10,Italian,2014-15,"41,29","18,19","171,86","38,43","97,67"
23568,22022,BORGO VALSUGANA,10,Italian,2014-15,"52,46","23,36","192,12","56,54","94,89"
23569,22050,CAVALESE,10,Italian,2014-15,"62,35","14,90","214,12","30,07","88,79"
23570,22061,CIVEZZANO,10,Italian,2014-15,"53,13","14,19","196,69","28,52","96,30"
23571,22062,CLES,10,Italian,2014-15,"57,83","17,69","205,84","36,85","97,34"
23572,22104,LEVICO TERME,10,Italian,2014-15,"38,46","14,93","167,30","30,79","97,24"
23573,22117,MEZZOLOMBARDO,10,Italian,2014-15,"54,94","16,64","197,45","40,02","90,53"
23574,22139,PERGINE VALSUGANA,10,Italian,2014-15,"63,31","14,75","216,33","31,05","72,97"
23576,22153,RIVA DEL GARDA,10,Italian,2014-15,"60,62","20,04","211,57","42,61","90,38"
23577,22161,ROVERETO,10,Italian,2014-15,"55,68","18,70","201,58","38,65","91,15"
23578,22167,SAN MICHELE ALL'ADIGE,10,Italian,2014-15,"50,81","18,60","190,48","39,84","95,28"
23579,22199,TIONE DI TRENTO,10,Italian,2014-15,"54,61","17,24","198,16","36,09","94,33"
23581,22205,TRENTO,10,Italian,2014-15,"57,35","19,14","204,37","40,80","91,41"
24602,22001,ALA,2,Mathematics,2014-15,"50,07","22,32","192,46","42,76","89,19"
24603,22006,ARCO,2,Mathematics,2014-15,"58,86","17,81","208,01","33,96","92,02"
24604,22007,AVIO,2,Mathematics,2014-15,"56,76","22,63","206,75","48,57","88,10"
24605,22009,BASELGA DI PINÈ,2,Mathematics,2014-15,"54,85","17,95","201,18","34,78","93,88"
24606,22047,CASTELLO-MOLINA DI FIEMME,2,Mathematics,2014-15,"66,12","15,80","218,85","32,08","95,83"
24607,22050,CAVALESE,2,Mathematics,2014-15,"61,49","19,69","215,25","40,18","95,00"
24608,22053,CAVEDINE,2,Mathematics,2014-15,"56,07","22,18","203,60","43,47","95,12"
24609,22061,CIVEZZANO,2,Mathematics,2014-15,"67,32","18,77","224,89","37,60","98,00"
24610,22079,DRO,2,Mathematics,2014-15,"49,33","17,93","191,03","32,72","83,33"
24611,22103,LAVIS,2,Mathematics,2014-15,"54,53","19,80","200,34","36,48","92,86"
24612,22115,MEZZANO,2,Mathematics,2014-15,"60,83","19,29","213,19","37,61","97,56"
24613,22124,NAGO-TORBOLE,2,Mathematics,2014-15,"53,33","20,80","197,73","38,48","100,00"
24614,22139,PERGINE VALSUGANA,2,Mathematics,2014-15,"57,56","21,60","206,96","44,96","93,09"
24615,22153,RIVA DEL GARDA,2,Mathematics,2014-15,"51,62","22,05","195,93","41,82","90,59"
24616,22156,RONCEGNO TERME,2,Mathematics,2014-15,"66,71","12,98","221,28","25,89","87,50"
24617,22161,ROVERETO,2,Mathematics,2014-15,"57,79","20,56","206,63","40,17","94,41"
24618,22167,SAN MICHELE ALL'ADIGE,2,Mathematics,2014-15,"57,85","18,98","207,01","36,25","86,11"
24619,22183,STORO,2,Mathematics,2014-15,"51,26","20,53","194,85","38,37","97,06"
24620,22205,TRENTO,2,Mathematics,2014-15,"57,84","22,07","205,79","45,54","92,73"
24621,22213,VERMIGLIO,2,Mathematics,2014-15,"50,07","15,30","190,63","27,71","92,86"
24622,22229,LEDRO,2,Mathematics,2014-15,"61,14","21,08","213,41","43,01","92,98"
24623,22230,PREDAIA,2,Mathematics,2014-15,"64,57","21,59","221,59","45,93","94,29"
24624,22236,ALTOPIANO DELLA VIGOLANA,2,Mathematics,2014-15,"62,30","18,43","214,43","36,16","96,43"
24625,22240,CASTEL IVANO,2,Mathematics,2014-15,"48,07","19,70","188,89","35,43","82,61"
24626,22243,MADRUZZO,2,Mathematics,2014-15,"54,53","23,25","201,78","45,80","92,59"
24627,22245,PRIMIERO SAN MARTINO DI CASTROZZA,2,Mathematics,2014-15,"68,52","13,22","223,28","26,29","92,16"
24628,22246,SELLA GIUDICARIE,2,Mathematics,2014-15,"54,48","23,40","200,93","43,84","97,22"
24629,22247,TRE VILLE,2,Mathematics,2014-15,"62,92","21,18","215,71","38,55","94,12"
24630,22248,VALLELAGHI,2,Mathematics,2014-15,"53,87","21,17","200,05","41,64","89,29"
24631,22249,VILLE D'ANAUNIA,2,Mathematics,2014-15,"59,63","21,66","211,92","45,48","92,31"
24632,22250,SAN GIOVANNI DI FASSA,2,Mathematics,2014-15,"68,42","18,70","227,80","41,26","90,48"
26733,22001,ALA,5,Mathematics,2014-15,"55,88","19,36","201,76","37,15","88,60"
26734,22006,ARCO,5,Mathematics,2014-15,"59,42","20,16","208,86","39,06","96,37"
26735,22007,AVIO,5,Mathematics,2014-15,"55,83","21,61","205,48","48,03","97,37"
26736,22009,BASELGA DI PINÈ,5,Mathematics,2014-15,"57,22","17,36","203,95","32,68","85,45"
26738,22047,CASTELLO-MOLINA DI FIEMME,5,Mathematics,2014-15,"67,42","13,28","223,05","26,42","76,92"
26739,22050,CAVALESE,5,Mathematics,2014-15,"71,88","18,22","237,11","44,82","92,68"
26740,22053,CAVEDINE,5,Mathematics,2014-15,"52,33","19,70","196,07","37,22","95,65"
26741,22061,CIVEZZANO,5,Mathematics,2014-15,"68,76","15,59","226,76","37,90","90,00"
26742,22079,DRO,5,Mathematics,2014-15,"58,81","15,90","206,37","29,98","79,17"
26743,22103,LAVIS,5,Mathematics,2014-15,"65,42","17,20","220,78","36,29","87,00"
26744,22115,MEZZANO,5,Mathematics,2014-15,"62,55","17,33","215,05","33,39","100,00"
26745,22124,NAGO-TORBOLE,5,Mathematics,2014-15,"52,80","23,85","196,67","45,73","100,00"
26746,22139,PERGINE VALSUGANA,5,Mathematics,2014-15,"57,07","19,46","204,93","38,29","91,03"
26747,22143,PINZOLO,5,Mathematics,2014-15,"55,95","19,04","202,58","37,42","97,14"
26748,22153,RIVA DEL GARDA,5,Mathematics,2014-15,"56,21","19,95","203,87","40,62","93,75"
26749,22156,RONCEGNO TERME,5,Mathematics,2014-15,"65,12","15,48","218,59","30,73","80,56"
26750,22161,ROVERETO,5,Mathematics,2014-15,"57,72","19,57","205,74","39,20","89,12"
26751,22167,SAN MICHELE ALL'ADIGE,5,Mathematics,2014-15,"55,31","16,26","201,48","32,62","82,35"
26753,22183,STORO,5,Mathematics,2014-15,"52,37","18,48","195,94","35,55","93,44"
26754,22205,TRENTO,5,Mathematics,2014-15,"58,21","20,51","207,18","41,10","88,22"
26755,22213,VERMIGLIO,5,Mathematics,2014-15,"55,99","20,61","202,76","39,99","88,00"
26756,22229,LEDRO,5,Mathematics,2014-15,"56,68","19,90","203,68","38,40","91,53"
26757,22230,PREDAIA,5,Mathematics,2014-15,"68,16","18,22","226,52","37,52","97,14"
28584,22006,ARCO,8,Mathematics,2014-15,"60,74","17,12","203,93","38,82","92,75"
28585,22139,PERGINE VALSUGANA,8,Mathematics,2014-15,"62,03","16,74","205,79","36,50","91,23"
28586,22143,PINZOLO,8,Mathematics,2014-15,"66,37","16,16","214,34","39,65","94,23"
28587,22153,RIVA DEL GARDA,8,Mathematics,2014-15,"57,96","18,16","198,17","40,87","94,06"
28588,22161,ROVERETO,8,Mathematics,2014-15,"60,95","18,72","205,11","42,92","86,97"
28589,22205,TRENTO,8,Mathematics,2014-15,"60,97","18,03","204,31","41,62","90,20"
29377,22006,ARCO,10,Mathematics,2014-15,"35,28","17,44","186,30","30,70","97,67"
29378,22022,BORGO VALSUGANA,10,Mathematics,2014-15,"42,80","21,06","198,89","38,75","94,86"
29379,22050,CAVALESE,10,Mathematics,2014-15,"49,35","19,53","209,40","32,77","87,93"
29380,22061,CIVEZZANO,10,Mathematics,2014-15,"41,06","17,99","197,06","29,43","96,30"
29381,22062,CLES,10,Mathematics,2014-15,"48,96","19,10","204,43","34,31","97,34"
29382,22104,LEVICO TERME,10,Mathematics,2014-15,"28,50","13,50","175,10","25,90","97,19"
29383,22117,MEZZOLOMBARDO,10,Mathematics,2014-15,"46,27","19,31","205,03","32,16","89,47"
29384,22139,PERGINE VALSUGANA,10,Mathematics,2014-15,"47,58","18,62","207,54","30,76","92,06"
29386,22153,RIVA DEL GARDA,10,Mathematics,2014-15,"52,08","22,31","208,36","39,96","90,11"
29387,22161,ROVERETO,10,Mathematics,2014-15,"45,31","22,19","200,76","42,92","91,39"
29388,22167,SAN MICHELE ALL'ADIGE,10,Mathematics,2014-15,"51,66","18,22","209,69","29,84","95,28"
29389,22199,TIONE DI TRENTO,10,Mathematics,2014-15,"44,30","20,08","201,13","33,73","94,05"
29391,22205,TRENTO,10,Mathematics,2014-15,"49,74","21,94","209,20","39,58","91,53"
30394,22001,ALA,2,Italian,2015-16,"44,07","22,23","192,19","37,61","92,78"
30395,22006,ARCO,2,Italian,2015-16,"54,11","24,31","208,91","40,43","90,32"
30396,22007,AVIO,2,Italian,2015-16,"45,96","21,14","194,39","37,80","95,56"
30397,22009,BASELGA DI PINÈ,2,Italian,2015-16,"43,92","21,74","191,55","36,09","98,31"
30399,22047,CASTELLO-MOLINA DI FIEMME,2,Italian,2015-16,"57,14","24,28","212,22","43,98","95,24"
30400,22050,CAVALESE,2,Italian,2015-16,"60,06","19,16","215,20","31,97","97,06"
30401,22053,CAVEDINE,2,Italian,2015-16,"54,83","22,78","210,00","35,87","91,67"
30402,22061,CIVEZZANO,2,Italian,2015-16,"63,49","20,07","224,29","34,58","94,74"
30403,22079,DRO,2,Italian,2015-16,"46,30","23,47","194,09","40,81","94,74"
30404,22103,LAVIS,2,Italian,2015-16,"45,71","25,06","193,66","45,18","94,68"
30405,22115,MEZZANO,2,Italian,2015-16,"57,94","25,03","217,29","47,55","100,00"
30406,22124,NAGO-TORBOLE,2,Italian,2015-16,"61,12","22,65","222,74","42,76","95,83"
30407,22139,PERGINE VALSUGANA,2,Italian,2015-16,"50,74","24,96","203,59","43,96","93,13"
30409,22153,RIVA DEL GARDA,2,Italian,2015-16,"49,74","25,55","201,19","45,79","92,45"
30410,22156,RONCEGNO TERME,2,Italian,2015-16,"56,84","21,47","213,68","36,75","94,74"
30411,22161,ROVERETO,2,Italian,2015-16,"51,21","24,92","202,65","44,77","90,52"
30412,22167,SAN MICHELE ALL'ADIGE,2,Italian,2015-16,"49,77","24,65","202,20","44,39","83,78"
30413,22183,STORO,2,Italian,2015-16,"47,75","20,47","199,77","33,62","92,41"
30414,22205,TRENTO,2,Italian,2015-16,"52,69","25,50","205,98","46,37","88,26"
30415,22229,LEDRO,2,Italian,2015-16,"48,43","20,42","199,06","34,86","95,16"
30416,22230,PREDAIA,2,Italian,2015-16,"51,82","24,62","205,03","44,39","88,75"
30417,22236,ALTOPIANO DELLA VIGOLANA,2,Italian,2015-16,"56,52","20,82","212,35","35,37","95,12"
30418,22245,PRIMIERO SAN MARTINO DI CASTROZZA,2,Italian,2015-16,"50,64","23,70","205,78","44,77","93,94"
32575,22001,ALA,5,Italian,2015-16,"60,98","17,64","193,90","36,53","93,33"
32576,22006,ARCO,5,Italian,2015-16,"62,56","17,09","196,66","35,30","93,04"
32577,22007,AVIO,5,Italian,2015-16,"60,04","17,88","192,41","35,56","97,44"
32578,22009,BASELGA DI PINÈ,5,Italian,2015-16,"63,64","15,66","199,87","33,70","96,15"
32580,22047,CASTELLO-MOLINA DI FIEMME,5,Italian,2015-16,"70,09","15,81","213,48","35,30","100,00"
32581,22050,CAVALESE,5,Italian,2015-16,"68,43","14,45","209,28","32,66","97,62"
32582,22053,CAVEDINE,5,Italian,2015-16,"64,88","16,06","202,23","33,28","90,63"
32583,22061,CIVEZZANO,5,Italian,2015-16,"68,46","15,55","207,83","31,48","86,11"
32584,22079,DRO,5,Italian,2015-16,"67,69","15,27","207,50","33,38","81,82"
32585,22103,LAVIS,5,Italian,2015-16,"66,21","15,88","203,90","33,76","92,13"
32586,22115,MEZZANO,5,Italian,2015-16,"64,21","17,39","201,24","36,86","90,00"
32587,22124,NAGO-TORBOLE,5,Italian,2015-16,"60,84","18,62","193,96","37,67","100,00"
32588,22139,PERGINE VALSUGANA,5,Italian,2015-16,"63,31","16,69","198,57","34,74","95,63"
32590,22153,RIVA DEL GARDA,5,Italian,2015-16,"62,97","18,43","197,73","37,84","88,17"
32591,22156,RONCEGNO TERME,5,Italian,2015-16,"66,94","16,11","206,67","35,08","86,11"
32592,22161,ROVERETO,5,Italian,2015-16,"62,93","16,94","197,62","34,52","88,99"
32593,22167,SAN MICHELE ALL'ADIGE,5,Italian,2015-16,"65,12","16,07","201,81","32,80","87,18"
32594,22183,STORO,5,Italian,2015-16,"59,33","19,29","190,61","39,48","93,48"
32595,22205,TRENTO,5,Italian,2015-16,"64,30","18,08","200,62","38,62","90,78"
32596,22213,VERMIGLIO,5,Italian,2015-16,"66,06","12,79","203,19","26,77","92,00"
32597,22229,LEDRO,5,Italian,2015-16,"57,90","16,68","187,68","32,73","94,44"
32598,22230,PREDAIA,5,Italian,2015-16,"63,57","14,55","196,65","29,03","89,06"
32599,22236,ALTOPIANO DELLA VIGOLANA,5,Italian,2015-16,"66,58","16,07","204,91","33,43","96,67"
32600,22245,PRIMIERO SAN MARTINO DI CASTROZZA,5,Italian,2015-16,"64,66","14,28","200,47","29,68","88,24"
34503,22006,ARCO,8,Italian,2015-16,"60,08","15,93","193,05","34,65","94,20"
34504,22117,MEZZOLOMBARDO,8,Italian,2015-16,"60,01","16,65","192,83","36,09","91,89"
34505,22139,PERGINE VALSUGANA,8,Italian,2015-16,"63,26","16,64","199,58","36,00","93,33"
34506,22153,RIVA DEL GARDA,8,Italian,2015-16,"61,54","17,11","196,39","37,69","91,74"
34507,22161,ROVERETO,8,Italian,2015-16,"61,84","17,54","197,71","40,19","93,22"
34508,22205,TRENTO,8,Italian,2015-16,"62,60","17,30","197,89","39,36","93,77"
34509,22230,PREDAIA,8,Italian,2015-16,"60,08","15,58","190,13","35,42","93,24"
35275,22006,ARCO,10,Italian,2015-16,"49,97","16,87","183,37","35,15","95,04"
35276,22022,BORGO VALSUGANA,10,Italian,2015-16,"52,47","20,51","188,51","45,09","87,01"
35277,22050,CAVALESE,10,Italian,2015-16,"66,45","14,56","218,64","31,99","84,88"
35278,22061,CIVEZZANO,10,Italian,2015-16,"57,25","13,15","198,28","27,01","89,39"
35279,22062,CLES,10,Italian,2015-16,"59,14","17,40","202,44","38,17","93,56"
35280,22104,LEVICO TERME,10,Italian,2015-16,"43,26","13,69","169,98","28,23","87,89"
35281,22117,MEZZOLOMBARDO,10,Italian,2015-16,"56,62","13,96","195,16","31,76","88,73"
35282,22139,PERGINE VALSUGANA,10,Italian,2015-16,"55,43","16,85","194,52","37,81","91,39"
35284,22153,RIVA DEL GARDA,10,Italian,2015-16,"62,47","18,53","210,56","40,74","88,81"
35285,22161,ROVERETO,10,Italian,2015-16,"58,53","16,03","201,05","33,94","84,67"
35286,22167,SAN MICHELE ALL'ADIGE,10,Italian,2015-16,"59,36","15,29","202,11","31,80","79,43"
35287,22199,TIONE DI TRENTO,10,Italian,2015-16,"56,31","18,80","196,64","40,87","88,89"
35288,22205,TRENTO,10,Italian,2015-16,"61,48","17,02","207,21","37,96","85,16"
35289,22245,PRIMIERO SAN MARTINO DI CASTROZZA,10,Italian,2015-16,"53,79","18,71","190,24","43,75","87,76"
36431,22001,ALA,2,Mathematics,2015-16,"44,75","20,06","187,96","38,49","93,81"
36432,22006,ARCO,2,Mathematics,2015-16,"54,67","19,25","206,18","37,22","92,47"
36433,22007,AVIO,2,Mathematics,2015-16,"43,44","19,10","184,60","36,75","95,56"
36434,22009,BASELGA DI PINÈ,2,Mathematics,2015-16,"52,47","21,57","202,94","42,07","100,00"
36436,22047,CASTELLO-MOLINA DI FIEMME,2,Mathematics,2015-16,"49,71","18,05","197,19","34,28","100,00"
36437,22050,CAVALESE,2,Mathematics,2015-16,"56,15","19,38","201,22","43,52","97,06"
36438,22053,CAVEDINE,2,Mathematics,2015-16,"47,39","17,95","192,57","32,68","91,67"
36439,22061,CIVEZZANO,2,Mathematics,2015-16,"67,33","17,14","230,55","35,05","94,74"
36440,22079,DRO,2,Mathematics,2015-16,"46,13","18,05","189,68","34,03","98,68"
36441,22103,LAVIS,2,Mathematics,2015-16,"48,72","21,91","195,69","44,63","93,62"
36442,22115,MEZZANO,2,Mathematics,2015-16,"49,93","20,86","197,79","38,62","100,00"
36443,22124,NAGO-TORBOLE,2,Mathematics,2015-16,"48,52","20,30","193,73","38,52","95,83"
36444,22139,PERGINE VALSUGANA,2,Mathematics,2015-16,"57,31","21,78","211,69","43,78","93,13"
36446,22153,RIVA DEL GARDA,2,Mathematics,2015-16,"55,63","19,38","208,40","37,79","93,71"
36447,22156,RONCEGNO TERME,2,Mathematics,2015-16,"59,84","20,25","218,83","46,81","86,84"
36448,22161,ROVERETO,2,Mathematics,2015-16,"54,85","21,72","207,00","44,02","90,54"
36449,22167,SAN MICHELE ALL'ADIGE,2,Mathematics,2015-16,"55,23","21,40","206,35","41,36","83,78"
36450,22183,STORO,2,Mathematics,2015-16,"59,20","19,61","214,10","40,01","93,67"
36451,22205,TRENTO,2,Mathematics,2015-16,"52,89","21,51","202,34","43,54","89,58"
36452,22229,LEDRO,2,Mathematics,2015-16,"55,30","19,39","207,75","36,30","95,16"
36453,22230,PREDAIA,2,Mathematics,2015-16,"59,15","22,34","215,03","46,15","88,75"
36454,22236,ALTOPIANO DELLA VIGOLANA,2,Mathematics,2015-16,"50,78","21,09","199,16","40,34","90,24"
36455,22245,PRIMIERO SAN MARTINO DI CASTROZZA,2,Mathematics,2015-16,"52,22","20,59","200,65","38,25","93,94"
38615,22001,ALA,5,Mathematics,2015-16,"49,00","16,45","192,42","32,31","95,56"
38616,22006,ARCO,5,Mathematics,2015-16,"55,05","18,53","204,80","37,46","91,77"
38617,22007,AVIO,5,Mathematics,2015-16,"51,07","18,25","196,76","35,47","94,87"
38618,22009,BASELGA DI PINÈ,5,Mathematics,2015-16,"58,06","18,31","212,06","39,44","96,15"
38620,22047,CASTELLO-MOLINA DI FIEMME,5,Mathematics,2015-16,"60,55","16,60","214,39","32,47","100,00"
38621,22050,CAVALESE,5,Mathematics,2015-16,"61,45","17,09","216,92","34,95","97,62"
38622,22053,CAVEDINE,5,Mathematics,2015-16,"62,88","15,10","219,88","32,06","87,50"
38623,22061,CIVEZZANO,5,Mathematics,2015-16,"65,95","11,90","224,51","25,43","83,33"
38624,22079,DRO,5,Mathematics,2015-16,"61,30","15,62","215,32","29,83","76,36"
38625,22103,LAVIS,5,Mathematics,2015-16,"50,84","16,88","196,87","34,75","91,01"
38626,22115,MEZZANO,5,Mathematics,2015-16,"51,88","16,24","198,26","31,20","92,50"
38627,22124,NAGO-TORBOLE,5,Mathematics,2015-16,"54,09","17,24","202,68","33,33","97,30"
38628,22139,PERGINE VALSUGANA,5,Mathematics,2015-16,"53,35","18,43","201,54","37,41","95,63"
38630,22153,RIVA DEL GARDA,5,Mathematics,2015-16,"53,84","18,96","201,88","39,74","91,12"
38631,22156,RONCEGNO TERME,5,Mathematics,2015-16,"62,05","14,04","217,92","28,16","77,78"
38632,22161,ROVERETO,5,Mathematics,2015-16,"53,54","19,09","201,51","38,13","88,31"
38633,22167,SAN MICHELE ALL'ADIGE,5,Mathematics,2015-16,"56,21","15,43","205,83","29,01","87,18"
38634,22183,STORO,5,Mathematics,2015-16,"55,29","16,55","205,15","32,97","93,48"
38635,22205,TRENTO,5,Mathematics,2015-16,"54,47","19,64","203,41","40,23","90,34"
38636,22213,VERMIGLIO,5,Mathematics,2015-16,"60,42","15,43","213,04","28,84","92,00"
38637,22229,LEDRO,5,Mathematics,2015-16,"52,58","16,95","199,77","33,14","91,67"
38638,22230,PREDAIA,5,Mathematics,2015-16,"65,01","13,02","221,78","25,72","87,50"
38639,22236,ALTOPIANO DELLA VIGOLANA,5,Mathematics,2015-16,"58,93","17,93","211,91","36,78","95,00"
38640,22245,PRIMIERO SAN MARTINO DI CASTROZZA,5,Mathematics,2015-16,"54,97","17,36","204,60","34,19","96,08"
40542,22006,ARCO,8,Mathematics,2015-16,"49,76","19,71","194,91","36,44","94,20"
40543,22117,MEZZOLOMBARDO,8,Mathematics,2015-16,"50,75","21,59","196,87","41,29","91,89"
40544,22139,PERGINE VALSUGANA,8,Mathematics,2015-16,"55,88","20,70","204,78","40,14","92,96"
40545,22153,RIVA DEL GARDA,8,Mathematics,2015-16,"53,27","21,38","201,53","41,32","91,74"
40546,22161,ROVERETO,8,Mathematics,2015-16,"53,72","21,84","202,17","42,34","93,22"
40547,22205,TRENTO,8,Mathematics,2015-16,"53,75","21,34","201,61","41,26","93,77"
40548,22230,PREDAIA,8,Mathematics,2015-16,"56,18","20,53","205,73","40,41","93,24"
41323,22006,ARCO,10,Mathematics,2015-16,"33,30","18,79","184,58","30,40","95,07"
41324,22022,BORGO VALSUGANA,10,Mathematics,2015-16,"37,64","23,43","193,38","40,76","87,01"
41325,22050,CAVALESE,10,Mathematics,2015-16,"43,92","20,26","204,35","33,99","86,05"
41326,22061,CIVEZZANO,10,Mathematics,2015-16,"40,72","14,44","199,71","23,06","89,39"
41327,22062,CLES,10,Mathematics,2015-16,"46,89","24,55","210,03","44,50","93,78"
41328,22104,LEVICO TERME,10,Mathematics,2015-16,"27,78","14,25","176,16","28,28","86,89"
41329,22117,MEZZOLOMBARDO,10,Mathematics,2015-16,"39,96","19,30","194,89","33,50","88,89"
41330,22139,PERGINE VALSUGANA,10,Mathematics,2015-16,"38,35","22,45","192,86","37,50","90,07"
41332,22153,RIVA DEL GARDA,10,Mathematics,2015-16,"50,58","24,85","215,39","44,95","89,52"
41333,22161,ROVERETO,10,Mathematics,2015-16,"42,63","23,57","201,62","42,10","84,91"
41334,22167,SAN MICHELE ALL'ADIGE,10,Mathematics,2015-16,"53,53","21,57","216,85","35,89","79,43"
41335,22199,TIONE DI TRENTO,10,Mathematics,2015-16,"38,54","19,62","189,73","33,41","89,58"
41336,22205,TRENTO,10,Mathematics,2015-16,"48,47","23,88","211,34","43,32","85,38"
41337,22245,PRIMIERO SAN MARTINO DI CASTROZZA,10,Mathematics,2015-16,"41,03","20,14","199,59","35,18","88,78"
42475,22001,ALA,2,Italian,2016-17,"39,01","21,41","196,07","41,48","96,04"
42476,22006,ARCO,2,Italian,2016-17,"43,60","20,30","201,41","38,51","95,83"
42477,22007,AVIO,2,Italian,2016-17,"41,28","15,17","198,57","26,95","86,36"
42478,22009,BASELGA DI PINÈ,2,Italian,2016-17,"51,53","18,60","212,38","32,19","96,43"
42480,22047,CASTELLO-MOLINA DI FIEMME,2,Italian,2016-17,"48,24","22,34","208,91","40,18","92,31"
42481,22050,CAVALESE,2,Italian,2016-17,"55,24","18,38","217,11","31,17","92,73"
42482,22053,CAVEDINE,2,Italian,2016-17,"44,66","23,24","203,20","41,89","100,00"
42483,22061,CIVEZZANO,2,Italian,2016-17,"60,31","18,12","226,59","35,82","97,83"
42484,22079,DRO,2,Italian,2016-17,"38,86","25,64","193,34","52,34","89,55"
42485,22103,LAVIS,2,Italian,2016-17,"44,92","22,60","202,18","41,61","88,42"
42486,22115,MEZZANO,2,Italian,2016-17,"33,90","21,43","182,01","43,99","88,89"
42487,22139,PERGINE VALSUGANA,2,Italian,2016-17,"40,88","22,68","194,50","43,24","93,61"
42489,22153,RIVA DEL GARDA,2,Italian,2016-17,"40,98","20,33","197,70","37,18","93,18"
42490,22156,RONCEGNO TERME,2,Italian,2016-17,"60,44","18,66","225,64","34,77","97,06"
42491,22161,ROVERETO,2,Italian,2016-17,"44,04","23,32","203,63","44,70","88,65"
42492,22167,SAN MICHELE ALL'ADIGE,2,Italian,2016-17,"41,60","19,47","198,80","36,37","91,43"
42493,22183,STORO,2,Italian,2016-17,"40,86","22,56","198,05","41,41","87,72"
42494,22205,TRENTO,2,Italian,2016-17,"43,86","23,50","201,11","46,61","90,74"
42495,22213,VERMIGLIO,2,Italian,2016-17,"53,42","23,11","222,33","54,26","94,44"
42496,22229,LEDRO,2,Italian,2016-17,"35,98","20,48","188,88","40,46","98,00"
42497,22230,PREDAIA,2,Italian,2016-17,"42,64","21,63","200,70","38,60","93,24"
42498,22236,ALTOPIANO DELLA VIGOLANA,2,Italian,2016-17,"46,21","21,18","205,82","44,68","94,29"
42499,22245,PRIMIERO SAN MARTINO DI CASTROZZA,2,Italian,2016-17,"35,39","23,12","189,95","45,20","90,00"
44631,22001,ALA,5,Italian,2016-17,"58,73","17,09","205,49","34,39","87,78"
44632,22006,ARCO,5,Italian,2016-17,"55,90","17,89","200,15","36,08","95,05"
44633,22007,AVIO,5,Italian,2016-17,"51,89","19,37","192,23","36,38","93,33"
44634,22009,BASELGA DI PINÈ,5,Italian,2016-17,"63,64","16,72","213,62","33,82","93,75"
44636,22047,CASTELLO-MOLINA DI FIEMME,5,Italian,2016-17,"61,38","18,87","209,51","38,81","100,00"
44637,22050,CAVALESE,5,Italian,2016-17,"58,07","22,10","203,65","43,19","87,50"
44638,22053,CAVEDINE,5,Italian,2016-17,"55,46","20,58","199,65","40,89","96,43"
44639,22061,CIVEZZANO,5,Italian,2016-17,"65,38","17,17","217,08","36,75","90,70"
44640,22079,DRO,5,Italian,2016-17,"55,61","18,84","198,57","37,24","91,30"
44641,22103,LAVIS,5,Italian,2016-17,"54,03","19,86","196,70","38,27","90,10"
44642,22115,MEZZANO,5,Italian,2016-17,"54,06","21,12","197,82","42,83","97,50"
44643,22139,PERGINE VALSUGANA,5,Italian,2016-17,"60,23","18,28","208,60","38,33","89,79"
44645,22153,RIVA DEL GARDA,5,Italian,2016-17,"55,66","19,11","199,67","37,55","92,13"
44646,22156,RONCEGNO TERME,5,Italian,2016-17,"60,44","14,10","206,85","27,30","100,00"
44647,22161,ROVERETO,5,Italian,2016-17,"55,92","19,43","200,06","38,28","92,81"
44648,22167,SAN MICHELE ALL'ADIGE,5,Italian,2016-17,"59,51","15,47","204,84","30,04","81,82"
44649,22183,STORO,5,Italian,2016-17,"54,96","18,36","198,05","35,29","86,89"
44650,22205,TRENTO,5,Italian,2016-17,"59,11","18,78","205,96","37,59","90,67"
44651,22213,VERMIGLIO,5,Italian,2016-17,"64,58","12,92","214,75","27,41","86,67"
44652,22229,LEDRO,5,Italian,2016-17,"51,97","20,09","192,15","39,15","85,48"
44653,22230,PREDAIA,5,Italian,2016-17,"55,88","18,83","199,14","36,52","89,55"
44654,22236,ALTOPIANO DELLA VIGOLANA,5,Italian,2016-17,"54,13","16,93","196,26","31,82","98,08"
44655,22245,PRIMIERO SAN MARTINO DI CASTROZZA,5,Italian,2016-17,"56,39","16,29","200,79","31,58","92,50"
46551,22006,ARCO,8,Italian,2016-17,"66,45","16,47","202,27","39,03","94,27"
46552,22117,MEZZOLOMBARDO,8,Italian,2016-17,"62,93","17,78","193,93","39,92","89,44"
46553,22139,PERGINE VALSUGANA,8,Italian,2016-17,"62,85","15,12","192,63","33,08","94,35"
46554,22153,RIVA DEL GARDA,8,Italian,2016-17,"63,06","16,43","194,53","37,89","93,91"
46555,22161,ROVERETO,8,Italian,2016-17,"62,67","17,38","192,70","40,61","91,31"
46556,22205,TRENTO,8,Italian,2016-17,"65,61","16,88","199,54","38,75","93,40"
46557,22230,PREDAIA,8,Italian,2016-17,"65,46","18,50","199,44","41,31","96,00"
47320,22006,ARCO,10,Italian,2016-17,"61,30","10,89","208,57","24,26","94,44"
47321,22022,BORGO VALSUGANA,10,Italian,2016-17,"60,00","14,66","205,78","33,24","86,13"
47322,22050,CAVALESE,10,Italian,2016-17,"59,86","15,00","205,95","33,67","89,36"
47323,22061,CIVEZZANO,10,Italian,2016-17,"54,89","11,64","194,48","24,95","93,55"
47324,22062,CLES,10,Italian,2016-17,"56,88","16,58","198,72","37,39","94,86"
47325,22117,MEZZOLOMBARDO,10,Italian,2016-17,"57,87","15,51","200,27","35,12","95,28"
47326,22139,PERGINE VALSUGANA,10,Italian,2016-17,"59,32","15,71","204,61","35,30","90,27"
47328,22153,RIVA DEL GARDA,10,Italian,2016-17,"67,62","12,65","223,45","30,98","93,49"
47329,22161,ROVERETO,10,Italian,2016-17,"59,53","15,73","205,02","36,32","90,78"
47330,22199,TIONE DI TRENTO,10,Italian,2016-17,"65,96","12,20","219,07","28,91","83,42"
47331,22205,TRENTO,10,Italian,2016-17,"63,41","14,72","213,26","35,14","89,37"
47332,22245,PRIMIERO SAN MARTINO DI CASTROZZA,10,Italian,2016-17,"60,68","14,04","207,72","31,39","95,74"
48507,22001,ALA,2,Mathematics,2016-17,"51,40","21,03","198,58","38,91","96,04"
48508,22006,ARCO,2,Mathematics,2016-17,"55,82","19,69","205,28","36,15","94,27"
48509,22007,AVIO,2,Mathematics,2016-17,"55,98","19,45","206,52","35,65","97,73"
48510,22009,BASELGA DI PINÈ,2,Mathematics,2016-17,"60,60","20,05","215,49","39,90","92,86"
48512,22047,CASTELLO-MOLINA DI FIEMME,2,Mathematics,2016-17,"70,56","16,46","231,09","35,28","92,31"
48513,22050,CAVALESE,2,Mathematics,2016-17,"57,33","19,69","209,38","38,89","92,73"
48514,22053,CAVEDINE,2,Mathematics,2016-17,"61,39","22,38","217,81","46,47","100,00"
48515,22061,CIVEZZANO,2,Mathematics,2016-17,"69,22","11,43","225,22","24,46","100,00"
48516,22079,DRO,2,Mathematics,2016-17,"50,06","21,08","195,86","39,01","91,04"
48517,22103,LAVIS,2,Mathematics,2016-17,"58,20","19,77","210,74","38,49","90,53"
48518,22115,MEZZANO,2,Mathematics,2016-17,"51,79","19,38","199,12","34,54","83,33"
48519,22139,PERGINE VALSUGANA,2,Mathematics,2016-17,"54,22","22,50","203,20","44,07","91,73"
48521,22153,RIVA DEL GARDA,2,Mathematics,2016-17,"54,09","20,80","202,82","39,17","91,48"
48522,22156,RONCEGNO TERME,2,Mathematics,2016-17,"66,72","14,47","221,79","27,09","97,06"
48523,22161,ROVERETO,2,Mathematics,2016-17,"56,05","20,93","206,80","40,69","91,73"
48524,22167,SAN MICHELE ALL'ADIGE,2,Mathematics,2016-17,"48,17","20,68","192,07","37,24","91,43"
48525,22183,STORO,2,Mathematics,2016-17,"48,03","19,22","192,36","34,67","85,96"
48526,22205,TRENTO,2,Mathematics,2016-17,"54,15","22,25","201,39","45,79","90,24"
48527,22213,VERMIGLIO,2,Mathematics,2016-17,"67,13","18,54","227,62","42,99","94,44"
48528,22229,LEDRO,2,Mathematics,2016-17,"46,66","21,41","188,97","40,15","94,00"
48529,22230,PREDAIA,2,Mathematics,2016-17,"60,36","20,63","215,16","40,14","90,54"
48530,22236,ALTOPIANO DELLA VIGOLANA,2,Mathematics,2016-17,"61,99","20,10","217,93","38,83","94,29"
48531,22245,PRIMIERO SAN MARTINO DI CASTROZZA,2,Mathematics,2016-17,"64,94","15,63","220,43","33,43","93,33"
50683,22001,ALA,5,Mathematics,2016-17,"58,26","18,02","208,17","35,52","90,00"
50684,22006,ARCO,5,Mathematics,2016-17,"57,17","17,45","206,33","36,52","95,60"
50685,22007,AVIO,5,Mathematics,2016-17,"52,16","18,11","197,34","36,54","97,78"
50686,22009,BASELGA DI PINÈ,5,Mathematics,2016-17,"67,16","18,64","223,80","38,34","95,83"
50688,22047,CASTELLO-MOLINA DI FIEMME,5,Mathematics,2016-17,"65,16","16,62","218,39","31,77","95,65"
50689,22050,CAVALESE,5,Mathematics,2016-17,"59,28","17,72","208,13","33,82","95,00"
50690,22053,CAVEDINE,5,Mathematics,2016-17,"60,24","20,85","209,23","41,92","92,86"
50691,22061,CIVEZZANO,5,Mathematics,2016-17,"62,81","14,94","215,26","27,75","95,35"
50692,22079,DRO,5,Mathematics,2016-17,"49,98","16,83","192,60","31,85","91,30"
50693,22103,LAVIS,5,Mathematics,2016-17,"48,17","18,62","188,30","35,67","92,08"
50694,22115,MEZZANO,5,Mathematics,2016-17,"55,30","19,09","201,50","37,50","92,50"
50695,22139,PERGINE VALSUGANA,5,Mathematics,2016-17,"63,36","17,25","218,33","37,39","93,19"
50697,22153,RIVA DEL GARDA,5,Mathematics,2016-17,"57,16","19,10","204,71","37,15","92,13"
50698,22156,RONCEGNO TERME,5,Mathematics,2016-17,"67,54","15,84","223,19","34,97","96,55"
50699,22161,ROVERETO,5,Mathematics,2016-17,"54,97","19,13","202,13","38,60","92,81"
50700,22167,SAN MICHELE ALL'ADIGE,5,Mathematics,2016-17,"58,42","17,26","206,62","34,88","84,09"
50701,22183,STORO,5,Mathematics,2016-17,"54,13","18,60","199,93","36,67","88,52"
50702,22205,TRENTO,5,Mathematics,2016-17,"55,25","18,80","201,94","36,77","89,57"
50703,22213,VERMIGLIO,5,Mathematics,2016-17,"70,07","14,62","231,18","36,59","80,00"
50704,22229,LEDRO,5,Mathematics,2016-17,"55,31","18,03","200,93","33,40","82,26"
50705,22230,PREDAIA,5,Mathematics,2016-17,"61,51","17,53","212,46","33,69","91,04"
50706,22236,ALTOPIANO DELLA VIGOLANA,5,Mathematics,2016-17,"60,78","16,20","211,66","30,97","96,15"
50707,22245,PRIMIERO SAN MARTINO DI CASTROZZA,5,Mathematics,2016-17,"51,92","15,45","195,48","28,34","92,50"
52621,22006,ARCO,8,Mathematics,2016-17,"59,64","20,03","211,33","40,31","93,75"
52622,22117,MEZZOLOMBARDO,8,Mathematics,2016-17,"56,33","19,86","204,91","40,68","90,00"
52623,22139,PERGINE VALSUGANA,8,Mathematics,2016-17,"56,57","20,45","205,10","41,87","94,35"
52624,22153,RIVA DEL GARDA,8,Mathematics,2016-17,"58,45","20,48","209,03","42,12","93,91"
52625,22161,ROVERETO,8,Mathematics,2016-17,"57,18","20,41","206,54","41,68","91,31"
52626,22205,TRENTO,8,Mathematics,2016-17,"59,30","20,44","210,52","42,47","93,24"
52627,22230,PREDAIA,8,Mathematics,2016-17,"59,40","19,78","210,73","40,41","96,00"
53402,22006,ARCO,10,Mathematics,2016-17,"50,68","15,30","204,19","24,10","94,44"
53403,22022,BORGO VALSUGANA,10,Mathematics,2016-17,"55,13","21,48","213,56","39,37","86,86"
53404,22050,CAVALESE,10,Mathematics,2016-17,"52,23","19,59","207,39","33,23","89,36"
53405,22061,CIVEZZANO,10,Mathematics,2016-17,"50,73","19,79","205,09","34,83","93,55"
53406,22062,CLES,10,Mathematics,2016-17,"51,58","20,46","199,65","44,30","95,09"
53407,22117,MEZZOLOMBARDO,10,Mathematics,2016-17,"57,08","20,00","215,34","34,02","95,28"
53408,22139,PERGINE VALSUGANA,10,Mathematics,2016-17,"53,00","19,24","208,23","32,14","89,73"
53410,22153,RIVA DEL GARDA,10,Mathematics,2016-17,"66,92","18,69","233,81","37,04","94,52"
53411,22161,ROVERETO,10,Mathematics,2016-17,"56,58","22,81","216,32","43,74","90,67"
53412,22199,TIONE DI TRENTO,10,Mathematics,2016-17,"63,38","20,37","227,50","37,27","83,96"
53413,22205,TRENTO,10,Mathematics,2016-17,"62,08","19,88","223,85","37,18","89,44"
53414,22245,PRIMIERO SAN MARTINO DI CASTROZZA,10,Mathematics,2016-17,"50,05","16,71","196,23","30,57","95,74"
55188,22001,ALA,2,Italian,2017-18,"50,66","18,97","199,80","32,87","94,23"
55189,22006,ARCO,2,Italian,2017-18,"53,29","22,02","200,10","39,88","94,83"
55190,22007,AVIO,2,Italian,2017-18,"56,11","21,85","204,20","41,78","94,87"
55191,22009,BASELGA DI PINÈ,2,Italian,2017-18,"59,01","20,12","204,40","35,06","95,56"
55192,22047,CASTELLO-MOLINA DI FIEMME,2,Italian,2017-18,"62,43","11,46","214,75","19,77","94,74"
55193,22050,CAVALESE,2,Italian,2017-18,"50,46","21,58","199,29","37,59","93,10"
55194,22053,CAVEDINE,2,Italian,2017-18,"56,13","22,75","203,60","39,55","96,88"
55195,22061,CIVEZZANO,2,Italian,2017-18,"70,50","14,46","230,30","28,83","88,37"
55196,22079,DRO,2,Italian,2017-18,"53,16","21,45","197,13","40,19","93,67"
55197,22103,LAVIS,2,Italian,2017-18,"53,52","22,05","202,85","39,40","93,48"
55198,22115,MEZZANO,2,Italian,2017-18,"57,38","21,31","202,20","37,03","97,37"
55199,22139,PERGINE VALSUGANA,2,Italian,2017-18,"53,24","20,40","202,33","36,62","94,47"
55200,22153,RIVA DEL GARDA,2,Italian,2017-18,"48,53","21,90","194,83","41,60","89,64"
55201,22156,RONCEGNO TERME,2,Italian,2017-18,"51,85","19,38","202,16","34,02","93,10"
55202,22161,ROVERETO,2,Italian,2017-18,"51,37","23,06","199,42","43,73","91,61"
55203,22167,SAN MICHELE ALL'ADIGE,2,Italian,2017-18,"54,62","20,22","203,06","34,58","81,63"
55204,22183,STORO,2,Italian,2017-18,"46,64","22,60","194,60","43,58","91,80"
55205,22205,TRENTO,2,Italian,2017-18,"52,10","24,14","198,46","47,95","91,04"
55206,22213,VERMIGLIO,2,Italian,2017-18,"55,04","21,18","206,87","36,68","88,24"
55207,22229,LEDRO,2,Italian,2017-18,"55,98","21,44","201,54","40,68","80,77"
55208,22230,PREDAIA,2,Italian,2017-18,"59,41","22,46","210,02","38,37","87,50"
55209,22236,ALTOPIANO DELLA VIGOLANA,2,Italian,2017-18,"57,04","19,87","207,01","34,21","91,07"
55210,22240,CASTEL IVANO,2,Italian,2017-18,"53,39","25,34","204,96","45,83","83,87"
55211,22243,MADRUZZO,2,Italian,2017-18,"52,26","19,14","203,20","34,31","92,86"
55212,22245,PRIMIERO SAN MARTINO DI CASTROZZA,2,Italian,2017-18,"55,24","20,74","202,14","35,51","100,00"
55213,22246,SELLA GIUDICARIE,2,Italian,2017-18,"57,12","21,18","207,32","40,01","95,24"
55214,22247,TRE VILLE,2,Italian,2017-18,"48,77","17,61","192,11","31,32","89,47"
55215,22248,VALLELAGHI,2,Italian,2017-18,"52,95","23,43","201,94","41,24","94,23"
55216,22249,VILLE D'ANAUNIA,2,Italian,2017-18,"52,84","22,68","200,70","40,44","93,94"
58954,22001,ALA,5,Italian,2017-18,"60,40","20,04","198,67","41,41","95,37"
58955,22006,ARCO,5,Italian,2017-18,"58,19","17,34","191,78","34,02","92,81"
58956,22007,AVIO,5,Italian,2017-18,"66,10","16,50","208,25","33,45","89,74"
58957,22009,BASELGA DI PINÈ,5,Italian,2017-18,"63,54","16,53","203,68","34,40","95,56"
58958,22047,CASTELLO-MOLINA DI FIEMME,5,Italian,2017-18,"60,07","15,24","193,64","30,88","96,15"
58959,22050,CAVALESE,5,Italian,2017-18,"67,56","13,22","212,23","27,32","89,47"
58960,22053,CAVEDINE,5,Italian,2017-18,"61,30","16,65","199,29","34,86","89,47"
58961,22061,CIVEZZANO,5,Italian,2017-18,"62,04","17,64","200,86","34,93","93,75"
58962,22079,DRO,5,Italian,2017-18,"58,72","16,60","193,02","31,76","89,47"
58963,22103,LAVIS,5,Italian,2017-18,"62,39","13,94","198,82","28,03","91,76"
58964,22115,MEZZANO,5,Italian,2017-18,"62,63","17,43","203,51","37,66","93,48"
58965,22139,PERGINE VALSUGANA,5,Italian,2017-18,"60,52","17,11","197,23","33,60","92,38"
58966,22153,RIVA DEL GARDA,5,Italian,2017-18,"55,33","17,35","184,61","33,67","91,76"
58967,22156,RONCEGNO TERME,5,Italian,2017-18,"65,98","14,70","207,33","29,47","100,00"
58968,22161,ROVERETO,5,Italian,2017-18,"63,83","18,27","204,52","38,05","92,53"
58969,22167,SAN MICHELE ALL'ADIGE,5,Italian,2017-18,"62,64","14,90","195,99","27,86","94,59"
58970,22183,STORO,5,Italian,2017-18,"59,38","18,63","196,46","37,28","94,03"
58971,22205,TRENTO,5,Italian,2017-18,"62,71","17,92","201,41","36,52","90,01"
58972,22213,VERMIGLIO,5,Italian,2017-18,"59,80","12,49","191,73","23,51","84,62"
58973,22229,LEDRO,5,Italian,2017-18,"65,40","15,78","204,81","32,01","85,96"
58974,22230,PREDAIA,5,Italian,2017-18,"65,61","15,68","206,86","31,94","90,00"
58975,22236,ALTOPIANO DELLA VIGOLANA,5,Italian,2017-18,"62,29","19,29","197,35","39,15","96,49"
58976,22240,CASTEL IVANO,5,Italian,2017-18,"57,52","15,49","190,62","29,81","88,89"
58977,22243,MADRUZZO,5,Italian,2017-18,"65,68","17,66","205,72","37,85","100,00"
58978,22245,PRIMIERO SAN MARTINO DI CASTROZZA,5,Italian,2017-18,"69,88","13,04","216,40","28,34","92,16"
58979,22246,SELLA GIUDICARIE,5,Italian,2017-18,"50,89","23,75","176,19","49,60","94,29"
58980,22247,TRE VILLE,5,Italian,2017-18,"69,34","9,82","211,06","19,85","94,74"
58981,22248,VALLELAGHI,5,Italian,2017-18,"57,13","17,13","188,37","35,65","94,64"
58982,22249,VILLE D'ANAUNIA,5,Italian,2017-18,"61,38","18,83","197,74","40,36","94,12"
62325,22006,ARCO,8,Italian,2017-18,"999,00","999,00","206,42","32,94","96,98"
62326,22117,MEZZOLOMBARDO,8,Italian,2017-18,"999,00","999,00","204,32","35,23","92,16"
62327,22139,PERGINE VALSUGANA,8,Italian,2017-18,"999,00","999,00","200,69","38,86","93,63"
62328,22153,RIVA DEL GARDA,8,Italian,2017-18,"999,00","999,00","205,01","37,37","97,31"
62329,22161,ROVERETO,8,Italian,2017-18,"999,00","999,00","207,46","39,41","96,46"
62330,22205,TRENTO,8,Italian,2017-18,"999,00","999,00","210,05","38,96","96,27"
62331,22230,PREDAIA,8,Italian,2017-18,"999,00","999,00","220,39","40,95","100,00"
64404,22006,ARCO,10,Italian,2017-18,"999,00","999,00","195,50","28,66","93,94"
64405,22022,BORGO VALSUGANA,10,Italian,2017-18,"999,00","999,00","207,07","27,88","99,24"
64406,22050,CAVALESE,10,Italian,2017-18,"999,00","999,00","200,58","35,43","95,24"
64407,22061,CIVEZZANO,10,Italian,2017-18,"999,00","999,00","194,53","34,06","95,38"
64408,22062,CLES,10,Italian,2017-18,"999,00","999,00","216,67","29,97","97,11"
64409,22117,MEZZOLOMBARDO,10,Italian,2017-18,"999,00","999,00","206,17","34,41","91,74"
64410,22139,PERGINE VALSUGANA,10,Italian,2017-18,"999,00","999,00","201,76","32,74","95,45"
64411,22153,RIVA DEL GARDA,10,Italian,2017-18,"999,00","999,00","219,37","30,30","97,78"
64412,22161,ROVERETO,10,Italian,2017-18,"999,00","999,00","209,80","36,85","95,07"
64413,22199,TIONE DI TRENTO,10,Italian,2017-18,"999,00","999,00","210,85","28,11","97,81"
64414,22205,TRENTO,10,Italian,2017-18,"999,00","999,00","219,35","34,51","94,34"
64415,22245,PRIMIERO SAN MARTINO DI CASTROZZA,10,Italian,2017-18,"999,00","999,00","215,14","29,31","96,55"
