,Unnamed: 0.2,Unnamed: 0.1,Unnamed: 0,tipo_instituto,indirizzo,telefono,fax,email_istituto,email_dirigenza,email_segreteria,sito_web,miur_code,numero_plessi_scuole,nome_istituto,id_istituto,id_number,municipality,uri
0,0,0,0,Educational and training institution,"Via Don Meggio, 2/A",+39 0461 764581,+39 0461 771046,ic.centrovalsugana@pec.provincia.tn.it,dir.ic.centrovalsugana@scuole.provincia.tn.it,segr.ic.centrovalsugana@scuole.provincia.tn.it,http://www.iccentrovalsugana.it,TNIC81300R,9,ISTITUTO COMPRENSIVO CENTRO VALSUGANA,/Scuole/ISTITUTO-COMPRENSIVO-CENTRO-VALSUGANA212,0,Roncegno Terme,TNIC81300R
1,1,1,1,Educational and training institution,"Via Gandhi, 1",+39 0462 341449,+39 0462 248071,weisserose@pec.provincia.tn.it,dir.iicavalese@scuole.provincia.tn.it,segr.iicavalese@scuole.provincia.tn.it,http://www.scuolefiemme.tn.it,TNIS00100P,9,"ISTITUTO DI ISTRUZIONE ""LA ROSA BIANCA"" - CAVALESE",/Scuole/ISTITUTO-DI-ISTRUZIONE-La-Rosa-Bianca-CAVALESE2,1,Cavalese,TNIS00100P
2,2,2,2,Educational and training institution,"Via Calzolari - Localita Fontana, 2",+39 0464 395189,+39 0464 392710,ic.brentonico@pec.provincia.tn.it,dir.ic.brentonico@scuole.provincia.tn.it,segr.ic.brentonico@scuole.provincia.tn.it,,TNIC861006,2,ISTITUTO COMPRENSIVO BRENTONICO,/Scuole/ISTITUTO-COMPRENSIVO-BRENTONICO,2,Brentonico,TNIC861006
3,3,3,3,Educational and training institution,"Via Conci, 86",+39 0461 930658,,associazione@pec.scuolasteiner-trento.it,,segreteria@scuolasteiner-trento.it,http://www.scuolasteiner-trento.it,,2,ASSOCIAZIONE PEDAGOGICA STEINERIANA - TRENTO,/Scuole/ASSOCIAZIONE-PEDAGOGICA-STEINERIANA-TRENTO2,3,Trento,ASSOCIAZIONE PEDAGOGICA STEINERIANA - TRENTO
4,4,4,4,Kindergarten,"Via Stazione Mori, 10",,,,,,,,1,ASSOCIAZIONE RUDOLF STEINER PER LA PEDAGOGIA APS - ROVERETO,/Scuole/ASSOCIAZIONE-RUDOLF-STEINER-PER-LA-PEDAGOGIA-APS-ROVERETO,4,Rovereto,ASSOCIAZIONE RUDOLF STEINER PER LA PEDAGOGIA APS - ROVERETO
5,5,5,5,Educational and training institution,"Via Monsignor Endrici, 23",+39 0461 1731200,+39 0461 1731288,collegioarcivescovile@pec.it,collegioarcivescovile@arcivescoviletrento.it,didatticatn@arcivescoviletrento.it,http://www.arcivescoviletrento.it,,7,COLLEGIO ARCIVESCOVILE C.ENDRICI - TRENTO,/Scuole/COLLEGIO-ARCIVESCOVILE-C.ENDRICI-TRENTO2,5,Trento,COLLEGIO ARCIVESCOVILE C.ENDRICI - TRENTO
6,6,6,6,Educational and training institution,"Corso Bettini, 71",+39 0464 406000,+39 0464 406077,collegioarcivescovile@pec.it,dameinglesi@arcivescoviletrento.it,lia@arcivescoviletrento.it,http://www.arcivescoviletrento.it,,3,COLLEGIO ARCIVESCOVILE DAME INGLESI - ROVERETO,/Scuole/COLLEGIO-ARCIVESCOVILE-DAME-INGLESI-ROVERETO2,6,Rovereto,COLLEGIO ARCIVESCOVILE DAME INGLESI - ROVERETO
7,7,7,7,Educational and training institution,"Via Della Saluga, 7",+39 0461 080041,,cooperativasacrafamiglia@pec.it,segreteria@sacrafamigliatrento.it,segreteria@sacrafamigliatrento.it,http://www.sacrafamigliatrento.it,,1,COOPERATIVA SOCIALE SACRA FAMIGLIA ONLUS,/Scuole/COOPERATIVA-SOCIALE-SACRA-FAMIGLIA-ONLUS2,7,Trento,COOPERATIVA SOCIALE SACRA FAMIGLIA ONLUS
8,8,8,8,Educational and training institution,"Via Grazioli, 2",+39 0461 260454,+39 0461 267864,canossatrento@pec.it,direzione@centromoda.tn.it,didattica@centromoda.tn.it,http://www.centromoda.tn.it,,1,"CENTRO FORMAZIONE PROFESSIONALE ""CENTROMODA CANOSSA"" - TRENTO",/Scuole/Centro-Formazione-Professionale-Centromoda-Canossa-Trento3,8,Trento,"CENTRO FORMAZIONE PROFESSIONALE ""CENTROMODA CANOSSA"" - TRENTO"
9,9,9,9,Educational and training institution,"Via Gazzoletti, 8",+39 0464 516465,+39 0464 516497,cfp.arco@pec.it,,cfp.arco@enaip.tn.it,https://arco.enaiptrentino.it,,1,CENTRO FORMAZIONE PROFESSIONALE ENAIP - ARCO,/Scuole/Centro-Formazione-Professionale-ENAIP-Arco2,9,Arco,CENTRO FORMAZIONE PROFESSIONALE ENAIP - ARCO
10,10,10,10,Pedagogical coordination circle,"Viale Dante, 5",+39 0461 493491,+39 0461 493495,circolo.coordinamento01@provincia.tn.it,,circolo.coordinamento01@provincia.tn.it,,,13,CIRCOLO DI COORDINAMENTO N. 1,/Scuole/Circolo-di-coordinamento-n.-15,10,Pergine Valsugana,CIRCOLO DI COORDINAMENTO N. 1
11,11,11,11,Pedagogical coordination circle,"Via Temanza, 4",+39 0461 491980,+39 0461 491976,circolo.coordinamento02@provincia.tn.it,,circolo.coordinamento02@provincia.tn.it,,,12,CIRCOLO DI COORDINAMENTO N. 2,/Scuole/Circolo-di-coordinamento-n.-22,11,Borgo Valsugana,CIRCOLO DI COORDINAMENTO N. 2
12,12,12,12,Pedagogical coordination circle,"Via Gilli, 3",+39 0461 496954,+39 0461 496950,circolo.coordinamento04@provincia.tn.it,,circolo.coordinamento04@provincia.tn.it,,,6,CIRCOLO DI COORDINAMENTO N. 4,/Scuole/Circolo-di-coordinamento-n.-44,12,Trento,CIRCOLO DI COORDINAMENTO N. 4
13,13,13,13,Educational and training institution,"Via Mitterer, 10",+39 0463 421362,+39 0463 421606,cfp.cles@pec.it,,cfp.cles@enaip.tn.it,https://cles.enaiptrentino.it/,,1,CENTRO FORMAZIONE PROFESSIONALE ENAIP - CLES,/Scuole/Centro-Formazione-Professionale-ENAIP-Cles2,13,Cles,CENTRO FORMAZIONE PROFESSIONALE ENAIP - CLES
14,14,14,14,Educational and training institution,"Via Caltrezza, 13",+39 0462 813133,+39 0462 813145,cfp.tesero@pec.it,,cfp.tesero@enaip.tn.it,https://tesero.enaiptrentino.it/,,2,CENTRO FORMAZIONE PROFESSIONALE ENAIP - TESERO,/Scuole/Centro-Formazione-Professionale-ENAIP-Tesero2,14,Tesero,CENTRO FORMAZIONE PROFESSIONALE ENAIP - TESERO
15,15,15,15,Educational and training institution,"Via Durone, 57",+39 0465 321316,+39 0465 322091,cfp.tione@pec.it,,cfp.tione@enaip.tn.it,https://tione.enaiptrentino.it/,TNCF001001,2,CENTRO FORMAZIONE PROFESSIONALE ENAIP - TIONE DI TRENTO,/Scuole/Centro-Formazione-Professionale-ENAIP-Tione-di-Trento2,15,Tione di Trento,TNCF001001
16,16,16,16,Educational and training institution,"Rione Europa, 3",+39 0464 521300,+39 0464 521553,cfp.rivadelgarda@pec.it,,cfp.rivadelgarda@enaip.tn.it,https://rivadelgarda.enaiptrentino.it/,TNCF007001,1,CENTRO FORMAZIONE PROFESSIONALE ENAIP - VARONE DI RIVA DEL GARDA,/Scuole/Centro-Formazione-Professionale-ENAIP-Varone-di-Riva-del-Garda2,16,Riva del Garda,TNCF007001
17,17,17,17,Educational and training institution,"Via Asiago, 14",+39 0461 920386,+39 0461 914935,cfp.villazzano@pec.it,,cfp.villazzano@enaip.tn.it,https://villazzano.enaiptrentino.it/,TNCF008001,2,CENTRO FORMAZIONE PROFESSIONALE ENAIP - VILLAZZANO,/Scuole/Centro-Formazione-Professionale-ENAIP-Villazzano2,17,Trento,TNCF008001
18,18,18,18,Educational and training institution,"Viale Roma, 61",+39 0461 706145,+39 0461 701940,cfplevico@pec.operaarmidabarelli.org,,cfplevico@operaarmidabarelli.org,http://www.operaarmidabarelli.org,,1,CENTRO FORMAZIONE PROFESSIONALE OPERA ARMIDA BARELLI - LEVICO,/Scuole/Centro-Formazione-Professionale-Opera-Armida-Barelli-Levico2,18,Levico Terme,CENTRO FORMAZIONE PROFESSIONALE OPERA ARMIDA BARELLI - LEVICO
19,19,19,19,Educational and training institution,"Via Setaioli, 5",+39 0464 433771,+39 0464 431711,cfprovereto@pec.operaarmidabarelli.org,,cfprovereto@operaarmidabarelli.org,http://www.operaarmidabarelli.org,TNCF005001,1,CENTRO FORMAZIONE PROFESSIONALE OPERA ARMIDA BARELLI - ROVERETO,/Scuole/Centro-Formazione-Professionale-Opera-Armida-Barelli-Rovereto2,19,Rovereto,TNCF005001
20,20,20,20,Educational and training institution,"Piazza Di Fiera, 4",+39 0461 270244,+39 0461 270241,,,scuolagrafica@artigianelli.tn.it,http://www.artigianelli.tn.it/,TNCF004001,1,CENTRO FORMAZIONE PROFESSIONALE PAVONIANO ARTIGIANELLI - TRENTO,/Scuole/Centro-Formazione-Professionale-Pavoniano-Artigianelli-Trento2,20,Trento,TNCF004001
21,21,21,21,Educational and training institution,"Via Gazzoletti, 10",+39 0464 556585,+39 0464 556599,cfp-upt@pec.it,,segreteria.arco@cfp-upt.it,http://www.cfpupt.it/sede-di-arco,,1,CENTRO FORMAZIONE PROFESSIONALE UPT - ARCO,/Scuole/Centro-Formazione-Professionale-UPT-Arco2,21,Arco,CENTRO FORMAZIONE PROFESSIONALE UPT - ARCO
22,22,22,22,Educational and training institution,"Via D Agostin, 2",+39 0463 422820,+39 0463 424409,cfp-upt@pec.it,,segreteria.cles@cfp-upt.it,http://www.cfp-upt.it,,1,CENTRO FORMAZIONE PROFESSIONALE UPT - CLES,/Scuole/Centro-Formazione-Professionale-UPT-Cles2,22,Cles,CENTRO FORMAZIONE PROFESSIONALE UPT - CLES
23,23,23,23,Educational and training institution,"Via Pasqui, 10",+39 0464 630050,,cfp-upt@pec.it,,segreteria.rovereto@cfp-upt.it,,,1,CENTRO FORMAZIONE PROFESSIONALE UPT - ROVERETO,/Scuole/Centro-Formazione-Professionale-UPT-Rovereto2,23,Rovereto,CENTRO FORMAZIONE PROFESSIONALE UPT - ROVERETO
24,24,24,24,Educational and training institution,"Via Roma, 15",+39 0465 321889,+39 0465 324518,cfp-upt@pec.it,,segreteria.tione@cfp-upt.it,http://www.cfp-upt.it,,1,CENTRO FORMAZIONE PROFESSIONALE UPT - TIONE DI TRENTO,/Scuole/Centro-Formazione-Professionale-UPT-Tione-di-Trento2,24,Tione di Trento,CENTRO FORMAZIONE PROFESSIONALE UPT - TIONE DI TRENTO
25,25,25,25,Educational and training institution,"Via Borsieri, 2",+39 0461 239997,+39 0461 260235,cfp-upt@pec.it,,segreteria.sede@cfp-upt.it,http://www.cfp-upt.it,TNCF003001,2,CENTRO FORMAZIONE PROFESSIONALE UPT - TRENTO,/Scuole/Centro-Formazione-Professionale-UPT-Trento2,25,Trento,TNCF003001
26,26,26,26,Educational and training institution,"Via Forno - Transacqua, 12",+39 0439 762057,+39 0439 762833,cfp.primiero@pec.it,,cfp.primiero@enaip.tn.it,https://primiero.enaiptrentino.it/,,2,CENTRO FORMAZIONE PROFESSIONALE ENAIP - PRIMIERO,/Scuole/Centro-Formazione-Professionale-ENAIP-Primiero2,26,Primiero San Martino di Castrozza,CENTRO FORMAZIONE PROFESSIONALE ENAIP - PRIMIERO
27,27,27,27,Kindergarten,"Strada Giuseppe Soraperra - Pozza di Fassa, 4",0462-763194,,vigo.fassa.presidente@fpsm.tn.it,,vigo.fassa.segretario@fpsm.tn.it,,,1,SCUOLA DELL'INFANZIA DI VIGO DI FASSA,/Scuole/Scuola-dell-infanzia-di-Vigo-di-Fassa2,27,San Giovanni di Fassa,SCUOLA DELL'INFANZIA DI VIGO DI FASSA
28,28,28,28,Kindergarten,"Piazza Guardi, 7",0461-657897,,vigo.ton.segretario@fpsm.tn.it,,vigo.ton.segretario@fpsm.tn.it,,,1,SCUOLA DELL'INFANZIA DI VIGO DI TON,/Scuole/Scuola-dell-infanzia-di-Vigo-di-Ton2,28,Ton,SCUOLA DELL'INFANZIA DI VIGO DI TON
29,29,29,29,Kindergarten,"Via dei Carli, 16",0461-209045,,villamontagna.segretario@fpsm.tn.it,,villamontagna.segretario@fpsm.tn.it,,,1,SCUOLA DELL'INFANZIA DI VILLAMONTAGNA,/Scuole/Scuola-dell-infanzia-di-Villamontagna2,29,Trento,SCUOLA DELL'INFANZIA DI VILLAMONTAGNA
30,30,30,30,Kindergarten,"Via Giordano, 15",0461-920382,,villazzano.segretario@fpsm.tn.it,,villazzano.segretario@fpsm.tn.it,,,1,SCUOLA DELL'INFANZIA DI VILLAZZANO,/Scuole/Scuola-dell-infanzia-di-Villazzano2,30,Trento,SCUOLA DELL'INFANZIA DI VILLAZZANO
31,31,31,31,Kindergarten,"Via S Maria, 13",0464-411516,,volano.segretario@fpsm.tn.it,,volano.segretario@fpsm.tn.it,,,1,SCUOLA DELL'INFANZIA DI VOLANO,/Scuole/Scuola-dell-infanzia-di-Volano2,31,Volano,SCUOLA DELL'INFANZIA DI VOLANO
32,32,32,32,Educational and training institution,"Via Perlasca, 4",+39 0461 601122,+39 0461 601470,martini@pec.provincia.tn.it,dir.martini.mezzolombardo@scuole.provincia.tn.it,segr.martini.mezzolombardo@scuole.provincia.tn.it,http://www.martinomartini.eu,TNIS00300A,7,"ISTITUTO DI ISTRUZIONE ""M. MARTINI"" - MEZZOLOMBARDO",/Scuole/ISTITUTO-DI-ISTRUZIONE-M.-Martini-MEZZOLOMBARDO2,32,Mezzolombardo,TNIS00300A
33,33,33,33,Educational and training institution,"Via Zambra, 3",+39 0461 824422,+39 0461 824345,vittoria@pec.provincia.tn.it,dir.istitutodellearti@scuole.provincia.tn.it,info@istitutodellearti.tn.it,https://www.istitutodellearti.tn.it,TNSD02000X,3,"LICEO DELLE ARTI DI TRENTO E ROVERETO ""VITTORIA-BONPORTI-DEPERO""",/Scuole/LICEO-DELLE-ARTI-DI-TRENTO-E-ROVERETO-Vittoria-Bonporti-Depero,33,Trento,TNSD02000X
34,34,34,34,Educational and training institution,"Piazza S Teresa Verzeri, 4",+39 0461 981465,+39 0461 982734,,,istitutocomprensivo@istitutosacrocuore.it,http://www.istitutosacrocuore.it,,6,ISTITUTO SACRO CUORE - TRENTO,/Scuole/ISTITUTO-SACRO-CUORE-TRENTO2,34,Trento,ISTITUTO SACRO CUORE - TRENTO
35,35,35,35,Educational and training institution,"Via Barbacovi, 22",+39 0461 885555,+39 0461 981972,sdbtrento@pcert.postecert.it,,segreteria@sdbtrento.it,http://www.sdbtrento.it,,1,ISTITUTO SALESIANO MARIA AUSILIATRICE - TRENTO,/Scuole/ISTITUTO-SALESIANO-MARIA-AUSILIATRICE-TRENTO2,35,Trento,ISTITUTO SALESIANO MARIA AUSILIATRICE - TRENTO
36,36,36,36,Educational and training institution,"Via Molaren, 29",+39 0439 762019,+39 0439 762664,salesianimezzano@pec.it,,segreteria@sdbmezzano.it,http://www.salesianimezzano.it,,2,ISTITUTO SALESIANO S. CROCE - MEZZANO,/Scuole/ISTITUTO-SALESIANO-S.-CROCE-MEZZANO,36,Mezzano,ISTITUTO SALESIANO S. CROCE - MEZZANO
37,37,37,37,Educational and training institution,"Via Brigata Acqui, 19",0461239955,0461230175,tambosibattisti@pec.provincia.tn.it,dir.tambositn@scuole.provincia.tn.it,segr.tambositn@scuole.provincia.tn.it,http://tambosi.tn.it,TNTD18000T,2,"ISTITUTO TECNICO ECONOMICO ""A. TAMBOSI"" - TRENTO",/Scuole/ISTITUTO-TECNICO-ECONOMICO-A.-Tambosi-TRENTO,37,Trento,TNTD18000T
38,38,38,38,Educational and training institution,"Via IV Novembre, 35",+39 0463 421695,+39 0463 421477,pilati@pec.provincia.tn.it,dir.itetpilati@scuole.provincia.tn.it,segr.itetpilati@scuole.provincia.tn.it,http://www.istitutopilati.it,TNTD100001,5,"ISTITUTO TECNICO ECONOMICO E TECNOLOGICO ""C.A. PILATI"" - CLES",/Scuole/ISTITUTO-TECNICO-ECONOMICO-E-TECNOLOGICO-C.A.-Pilati-CLES2,38,Cles,TNTD100001
39,39,39,39,Educational and training institution,"Via Del Teatro, 4",+39 0464 436100,+39 0464 434116,fontana@pec.provincia.tn.it,dir.fontana@scuole.provincia.tn.it,segr.fontana@scuole.provincia.tn.it,http://www.fgfontana.eu,TNTD020009,4,"ISTITUTO TECNICO ECONOMICO E TECNOLOGICO ""F. E G. FONTANA"" - ROVERETO",/Scuole/ISTITUTO-TECNICO-ECONOMICO-E-TECNOLOGICO-F.-e-G.-Fontana-ROVERETO,39,Rovereto,TNTD020009
40,40,40,40,Educational and training institution,"Via Monti, 1",+39 0464 411400,+39 0464 419130,marconi@pec.provincia.tn.it,dir.itimarconi@scuole.provincia.tn.it,segr.itimarconi@scuole.provincia.tn.it,http://www.marconirovereto.it,TNTF02000G,2,"ISTITUTO TECNICO TECNOLOGICO ""G. MARCONI"" - ROVERETO",/Scuole/ISTITUTO-TECNICO-TECNOLOGICO-G.-Marconi-ROVERETO2,40,Rovereto,TNTF02000G
41,41,41,41,Educational and training institution,"Via Brigata Acqui, 15",+39 0461 216811,+39 0461 984216,buonarroti@pec.provincia.tn.it,dir.buonarroti@scuole.provincia.tn.it,istituto.tecnico@buonarroti.tn.it,http://www.buonarroti.tn.it/,TNIS013001,2,"ISTITUTO TECNICO TECNOLOGICO ""M. BUONARROTI"" - TRENTO",/Scuole/ISTITUTO-TECNICO-TECNOLOGICO-M.-Buonarroti-TRENTO,41,Trento,TNIS013001
42,42,42,42,Educational and training institution,"Corso Bettini, 86",+39 0464 437700,+39 0464 420025,rosmini.rovereto@pec.provincia.tn.it,dir.liceorosmini@scuole.provincia.tn.it,segr.liceorosmini@scuole.provincia.tn.it,http://www.liceorosmini.eu,TNPC02000A,4,"LICEO ""A. ROSMINI"" - ROVERETO",/Scuole/LICEO-A.-Rosmini-ROVERETO2,42,Rovereto,TNPC02000A
43,43,43,43,Educational and training institution,"Via Malfatti, 2",+39 0461 914400,+39 0461 914498,rosmini.trento@pec.provincia.tn.it,dir.rosmini.tn@scuole.provincia.tn.it,segr.rosmini.tn@scuole.provincia.tn.it,http://www.rosmini.eu,TNPM01000X,4,"LICEO ""A. ROSMINI"" - TRENTO",/Scuole/LICEO-A.-Rosmini-TRENTO2,43,Trento,TNPM01000X
44,44,44,44,Educational and training institution,"Via IV Novembre, 35",+39 0463 424049,+39 0463 424577,russell@pec.provincia.tn.it,dir.russell@scuole.provincia.tn.it,segr.russell@scuole.provincia.tn.it,http://www.liceorussell.eu,TNIS00600T,6,"LICEO ""B. RUSSELL"" - CLES",/Scuole/LICEO-B.-Russell-CLES2,44,Cles,TNIS00600T
45,45,45,45,Educational and training institution,"Corso Rosmini, 61",+39 0464 421223,+39 0464 433003,filzi@pec.provincia.tn.it,dir.isup.filzi@scuole.provincia.tn.it,segr.isup.filzi@scuole.provincia.tn.it,http://www.liceofilzi.it,TNPM02000E,2,"LICEO ""F. FILZI"" - ROVERETO",/Scuole/LICEO-F.-Filzi-ROVERETO,45,Rovereto,TNPM02000E
46,46,46,46,Educational and training institution,"Via S Trinita, 38",+39 0461 980190,+39 0461 980747,prati@pec.provincia.tn.it,dir.liceoprati@scuole.provincia.tn.it,segr.liceoprati@scuole.provincia.tn.it,http://www.liceoprati.it,TNPC04000G,1,"LICEO CLASSICO ""G. PRATI"" - TRENTO",/Scuole/LICEO-CLASSICO-G.-Prati-TRENTO,46,Trento,TNPC04000G
47,47,47,47,Educational and training institution,"Viale Bolognini, 88",+39 0461 913479,+39 0461 913367,galilei@pec.provincia.tn.it,dir.liceogalilei@scuole.provincia.tn.it,segr.liceogalilei@scuole.provincia.tn.it,http://www.lsgalilei.org/,TNPS01000V,2,"LICEO SCIENTIFICO ""G. GALILEI"" - TRENTO",/Scuole/LICEO-SCIENTIFICO-G.-Galilei-TRENTO2,47,Trento,TNPS01000V
48,48,48,48,Educational and training institution,"Via Madruzzo, 24",+39 0461 984099,+39 0461 986257,davinci@pec.provincia.tn.it,dir.liceodavinci@scuole.provincia.tn.it,segr.liceodavinci@scuole.provincia.tn.it,http://www.liceodavincitn.it,TNPS02000D,2,"LICEO SCIENTIFICO ""L. DA VINCI"" - TRENTO",/Scuole/LICEO-SCIENTIFICO-L.-Da-Vinci-TRENTO2,48,Trento,TNPS02000D
49,49,49,49,Educational and training institution,"Strada Giuseppe Soraperra - Pozza di Fassa, 6",+39 0462 763702,+39 0462 760001,scuolaladinadifassa@pec.provincia.tn.it,dir.scuolaladinadifassa@scuole.provincia.tn.it,segr.scuolaladinadifassa@scuole.provincia.tn.it,http://www.scuoladifassa.it,TNIC85000Q,10,SCUOLA LADINA DI FASSA - SCOLA LADINA DE FASCIA,/Scuole/SCUOLA-LADINA-DI-FASSA-SCOLA-LADINA-DE-FASCIA2,49,San Giovanni di Fassa,TNIC85000Q
50,50,50,50,Educational and training institution,"Via Murialdo, 30",+39 0461 857003,+39 0461 857284,oxford@pec.cooperazionetrentina.it,,info@istitutodecarneri.it,http://www.istitutodecarneri.it,,4,"SOCIETA' COOPERATIVA A R.L. ""I. DE CARNERI"" OXFORD CIVEZZANO",/Scuole/SOCIETA-COOPERATIVA-A-R.L.-I.-DE-CARNERI-OXFORD-CIVEZZANO2,50,Civezzano,"SOCIETA' COOPERATIVA A R.L. ""I. DE CARNERI"" OXFORD CIVEZZANO"
51,51,51,51,Kindergarten,"Via S Antonio, 22",0461-689486,+39 0461 723325,albiano.presidente@fpsm.tn.it,,albiano.segretario@fpsm.tn.it,,,1,SCUOLA DELL'INFANZIA DI ALBIANO,/Scuole/Scuola-dell-infanzia-di-Albiano2,51,Albiano,SCUOLA DELL'INFANZIA DI ALBIANO
52,52,52,52,Kindergarten,"Via XXV Aprile, 5",0461-842597,,aldeno.presidente@fpsm.tn.it,,aldeno.segretario@fpsm.tn.it,,,1,SCUOLA DELL'INFANZIA DI ALDENO,/Scuole/Scuola-dell-infanzia-di-Aldeno2,52,Aldeno,SCUOLA DELL'INFANZIA DI ALDENO
53,53,53,53,Kindergarten,"Via Paganella, 5",0461-585898,,andalo.presidente@fpsm.tn.it,,andalo.segretario@fpsm.tn.it,,,1,SCUOLA DELL'INFANZIA DI ANDALO,/Scuole/Scuola-dell-infanzia-di-Andalo2,53,Andalo,SCUOLA DELL'INFANZIA DI ANDALO
54,54,54,54,Kindergarten,"Viale Capitelli, 16",0464-516369,,arco.segretario@fpsm.tn.it,,arco.segretario@fpsm.tn.it,,,1,SCUOLA DELL'INFANZIA DI ARCO,/Scuole/Scuola-dell-infanzia-di-Arco2,54,Arco,SCUOLA DELL'INFANZIA DI ARCO
55,55,55,55,Kindergarten,"Via Dante, 5",0464-684102,,avio.presidente@fpsm.tn.it,,avio.segretario@fpsm.tn.it,,,1,SCUOLA DELL'INFANZIA DI AVIO,/Scuole/Scuola-dell-infanzia-di-Avio2,55,Avio,SCUOLA DELL'INFANZIA DI AVIO
56,56,56,56,Kindergarten,"Via di S Taddeo, 8",0461-707295,,barco.presidente@fpsm.tn.it,,barco.segretario@fpsm.tn.it,,,1,SCUOLA DELL'INFANZIA DI BARCO DI LEVICO,/Scuole/Scuola-dell-infanzia-di-Barco-di-Levico2,56,Levico Terme,SCUOLA DELL'INFANZIA DI BARCO DI LEVICO
57,57,57,57,Kindergarten,"Piazza Vittoria, 1",0464-516315,,bolognano.presidente@fpsm.tn.it,,bolognano.segretario@fpsm.tn.it,,,1,SCUOLA DELL'INFANZIA DI BOLOGNANO,/Scuole/Scuola-dell-infanzia-di-Bolognano2,57,Arco,SCUOLA DELL'INFANZIA DI BOLOGNANO
58,58,58,58,Kindergarten,"Via Giusti, 46",0465-299996,,bondone.presidente@fpsm.tn.it,,bondone.segretario@fpsm.tn.it,,,1,SCUOLA DELL'INFANZIA DI BONDONE,/Scuole/Scuola-dell-infanzia-di-Bondone2,58,Bondone,SCUOLA DELL'INFANZIA DI BONDONE
59,59,59,59,Kindergarten,"Via Fedrigotti, 9",0464-430541,,borgo.sacco.presidente@fpsm.tn.it,,borgo.sacco.segretario@fpsm.tn.it,,,1,SCUOLA DELL'INFANZIA DI BORGO SACCO,/Scuole/Scuola-dell-infanzia-di-Borgo-Sacco2,59,Rovereto,SCUOLA DELL'INFANZIA DI BORGO SACCO
60,60,60,60,Kindergarten,"Piazza Romani, 8",0461-754771,,borgo.valsugana.presidente@fpsm.tn.it,,borgo.valsugana.segretario@fpsm.tn.it,,,1,SCUOLA DELL'INFANZIA DI BORGO VALSUGANA,/Scuole/Scuola-dell-infanzia-di-Borgo-Valsugana2,60,Borgo Valsugana,SCUOLA DELL'INFANZIA DI BORGO VALSUGANA
61,61,61,61,Kindergarten,"Via Mantova, 5",0464-395628,,brentonico.segretario@fpsm.tn.it,,brentonico.segretario@fpsm.tn.it,,,1,SCUOLA DELL'INFANZIA DI BRENTONICO,/Scuole/Scuola-dell-infanzia-di-Brentonico2,61,Brentonico,SCUOLA DELL'INFANZIA DI BRENTONICO
62,62,62,62,Kindergarten,"Via Cavour, 2",0461-723325,,calceranica.contabile@fpsm.tn.it,,calceranica.segretario@fpsm.tn.it,,,1,SCUOLA DELL'INFANZIA DI CALCERANICA,/Scuole/Scuola-dell-infanzia-di-Calceranica2,62,Calceranica al Lago,SCUOLA DELL'INFANZIA DI CALCERANICA
63,63,63,63,Kindergarten,"Via Asilo, 1",0461-724658,,caldonazzo.presidente@fpsm.tn.it,,caldonazzo.segretario@fpsm.tn.it,,,1,SCUOLA DELL'INFANZIA DI CALDONAZZO,/Scuole/Scuola-dell-infanzia-di-Caldonazzo2,63,Caldonazzo,SCUOLA DELL'INFANZIA DI CALDONAZZO
64,64,64,64,Kindergarten,"Strèda sènc Felip e Giacum, 9",0462-750470,,campitello.presidente@fpsm.tn.it,,campitello.segretario@fpsm.tn.it,,,1,SCUOLA DELL'INFANZIA DI CAMPITELLO DI FASSA,/Scuole/Scuola-dell-infanzia-di-Campitello-di-Fassa2,64,Campitello di Fassa,SCUOLA DELL'INFANZIA DI CAMPITELLO DI FASSA
65,65,65,65,Kindergarten,"Via S Maurizio, 3",0461-655166,,campodenno.presidente@fpsm.tn.it,,campodenno.segretario@fpsm.tn.it,,,1,SCUOLA DELL'INFANZIA DI CAMPODENNO,/Scuole/Scuola-dell-infanzia-di-Campodenno2,65,Campodenno,SCUOLA DELL'INFANZIA DI CAMPODENNO
66,66,66,66,Kindergarten,"Via Giovanelli, 40",0462-341759,,carano.presidente@fpsm.tn.it,,carano.segretario@fpsm.tn.it,,,1,SCUOLA DELL'INFANZIA DI CARANO,/Scuole/Scuola-dell-infanzia-di-Carano2,66,Ville di Fiemme,SCUOLA DELL'INFANZIA DI CARANO
67,67,67,67,Kindergarten,"Via IV Novembre, 34/A",0461-870656,,nave.presidente@fpsm.tn.it,,nave.segretario@fpsm.tn.it,,,1,SCUOLA DELL'INFANZIA DI NAVE SAN ROCCO,/Scuole/Scuola-dell-infanzia-di-Nave-San-Rocco2,67,Terre d'Adige,SCUOLA DELL'INFANZIA DI NAVE SAN ROCCO
68,68,68,68,Kindergarten,"Via Baroni Del Moll, 2",0464-835294,,nomi.segretario@fpsm.tn.it,,nomi.segretario@fpsm.tn.it,,,1,SCUOLA DELL'INFANZIA DI NOMI,/Scuole/Scuola-dell-infanzia-di-Nomi2,68,Nomi,SCUOLA DELL'INFANZIA DI NOMI
69,69,69,69,Kindergarten,"Via XX Settembre, 5",+39 347 0362437,,ospedaletto.presidente@fpsm.tn.it,,ospedaletto.segretario@fpsm.tn.it,,,1,SCUOLA DELL'INFANZIA DI OSPEDALETTO,/Scuole/Scuola-dell-infanzia-di-Ospedaletto2,69,Ospedaletto,SCUOLA DELL'INFANZIA DI OSPEDALETTO
70,70,70,70,Kindergarten,"Via alle Cime - Padergnone, 14",0461-864358,,padergnone.presidente@fpsm.tn.it,,padergnone.segretario@fpsm.tn.it,,,1,SCUOLA DELL'INFANZIA DI PADERGNONE,/Scuole/Scuola-dell-infanzia-di-Padergnone2,70,Vallelaghi,SCUOLA DELL'INFANZIA DI PADERGNONE
71,71,71,71,Kindergarten,"Piazza Chiesa, 6",0462-814141,,panchia.presidente@fpsm.tn.it,,panchia.segretario@fpsm.tn.it,,,1,SCUOLA DELL'INFANZIA DI PANCHIÀ,/Scuole/Scuola-dell-infanzia-di-Panchia2,71,Panchià,SCUOLA DELL'INFANZIA DI PANCHIÀ
72,72,72,72,Kindergarten,"Via S Antonio, 1",0464-412151,,pedersano.presidente@fpsm.tn.it,,pedersano.segretario@fpsm.tn.it,,,1,SCUOLA DELL'INFANZIA DI PEDERSANO,/Scuole/Scuola-dell-infanzia-di-Pedersano2,72,Villa Lagarina,SCUOLA DELL'INFANZIA DI PEDERSANO
73,73,73,73,Kindergarten,"Piazza Mercato, 11",0464-507142,,pietramurata.presidente@fpsm.tn.it,,pietramurata.segretario@fpsm.tn.it,,,1,SCUOLA DELL'INFANZIA DI PIETRAMURATA,/Scuole/Scuola-dell-infanzia-di-Pietramurata2,73,Dro,SCUOLA DELL'INFANZIA DI PIETRAMURATA
74,74,74,74,Kindergarten,"Via Fratelli Rizza', 14",0461-594733,,pieve.tesino.presidente@fpsm.tn.it,,pieve.tesino.segretario@fpsm.tn.it,,,1,SCUOLA DELL'INFANZIA DI PIEVE TESINO,/Scuole/Scuola-dell-infanzia-di-Pieve-Tesino2,74,Pieve Tesino,SCUOLA DELL'INFANZIA DI PIEVE TESINO
75,75,75,75,Kindergarten,"Via Fiera - Creto - Pieve di Bono, 9/B",0465-674083,,pieve.bono.presidente@fpsm.tn.it,,pieve.bono.segretario@fpsm.tn.it,,,1,SCUOLA DELL'INFANZIA DI PIEVE DI BONO,/Scuole/Scuola-dell-infanzia-di-Pieve-di-Bono2,75,Pieve di Bono-Prezzo,SCUOLA DELL'INFANZIA DI PIEVE DI BONO
76,76,76,76,Kindergarten,"Piazza Vittorio Veneto - Pilcante, 19",0464-672588,,pilcante.presidente@fpsm.tn.it,,pilcante.segretario@fpsm.tn.it,,,1,SCUOLA DELL'INFANZIA DI PILCANTE,/Scuole/Scuola-dell-infanzia-di-Pilcante2,76,Ala,SCUOLA DELL'INFANZIA DI PILCANTE
77,77,77,77,Kindergarten,"Via Al Sole, 43",0465-501019,,pinzolo.presidente@fpsm.tn.it,,pinzolo.segretario@fpsm.tn.it,,,1,SCUOLA DELL'INFANZIA DI PINZOLO,/Scuole/Scuola-dell-infanzia-di-Pinzolo2,77,Pinzolo,SCUOLA DELL'INFANZIA DI PINZOLO
78,78,78,78,Kindergarten,"Via S Giovanni Bosco - Ponte Arche - Bleggio Inferiore, 7",0465-702422,,ponte.arche.presidente@fpsm.tn.it,,ponte.arche.segretario@fpsm.tn.it,,,1,SCUOLA DELL'INFANZIA DI PONTE ARCHE,/Scuole/Scuola-dell-infanzia-di-Ponte-Arche2,78,Comano Terme,SCUOLA DELL'INFANZIA DI PONTE ARCHE
79,79,79,79,Kindergarten,"Via Pante', 1",0461-810049,,povo.presidente@fpsm.tn.it,,povo.segretario@fpsm.tn.it,,,1,SCUOLA DELL'INFANZIA DI POVO,/Scuole/Scuola-dell-infanzia-di-Povo2,79,Trento,SCUOLA DELL'INFANZIA DI POVO
80,80,80,80,Kindergarten,"Frazione Vanza, 50",0464-868074,,trambileno.presidente@fpsm.tn.it,,trambileno.segretario@fpsm.tn.it,,,1,SCUOLA DELL'INFANZIA DI POZZA DI TRAMBILENO,/Scuole/Scuola-dell-infanzia-di-Pozza-di-Trambileno2,80,Trambileno,SCUOLA DELL'INFANZIA DI POZZA DI TRAMBILENO
81,81,81,81,Kindergarten,"Via Pilati, 16",0461-240394,,pressano.presidente@fpsm.tn.it,,pressano.segretario@fpsm.tn.it,,,1,SCUOLA DELL'INFANZIA DI PRESSANO,/Scuole/Scuola-dell-infanzia-di-Pressano2,81,Lavis,SCUOLA DELL'INFANZIA DI PRESSANO
82,82,82,82,Kindergarten,"Frazione Larido, 10",0465-779575,,quadra.cavrasto.presidente@fpsm.tn.it,,quadra.cavrasto.segretario@fpsm.tn.it,,,1,SCUOLA DELL'INFANZIA DI QUADRA - CAVRASTO,/Scuole/Scuola-dell-infanzia-di-Quadra-Cavrasto2,82,Bleggio Superiore,SCUOLA DELL'INFANZIA DI QUADRA - CAVRASTO
83,83,83,83,Kindergarten,"Largo Caduti delle Foibe, 2",0464-553578,,riva.rione.presidente@fpsm.tn.it,,riva.rione.segretario@fpsm.tn.it,,,1,"SCUOLA DELL'INFANZIA DI RIVA ""DEGASPERI""",/Scuole/Scuola-dell-infanzia-di-Riva-Degasperi2,83,Riva del Garda,"SCUOLA DELL'INFANZIA DI RIVA ""DEGASPERI"""
84,84,84,84,Kindergarten,"Via S Alessandro, 10",0464-554051,,s.alessandro.presidente@fpsm.tn.it,,s.alessandro.segretario@fpsm.tn.it,,,1,"SCUOLA DELL'INFANZIA DI RIVA DEL GARDA ""S. ALESSANDRO""",/Scuole/Scuola-dell-infanzia-di-Riva-del-Garda-S.-Alessandro2,84,Riva del Garda,"SCUOLA DELL'INFANZIA DI RIVA DEL GARDA ""S. ALESSANDRO"""
85,85,85,85,Kindergarten,"Via Baldessari, 15",0461-764199,,roncegno.presidente@fpsm.tn.it,,roncegno.segretario@fpsm.tn.it,,,1,SCUOLA DELL'INFANZIA DI RONCEGNO,/Scuole/Scuola-dell-infanzia-di-Roncegno2,85,Roncegno Terme,SCUOLA DELL'INFANZIA DI RONCEGNO
86,86,86,86,Kindergarten,"Via Marchi, 14",0461-773197,,ronchi.valsugana.presidente@fpsm.tn.it,,ronchi.valsugana.segretario@fpsm.tn.it,,,1,SCUOLA DELL'INFANZIA DI RONCHI VALSUGANA,/Scuole/Scuola-dell-infanzia-di-Ronchi-Valsugana2,86,Ronchi Valsugana,SCUOLA DELL'INFANZIA DI RONCHI VALSUGANA
87,87,87,87,Kindergarten,"Via Edison - Taio, 3",0463-468269,,taio.presidente@fpsm.tn.it,,taio.segretario@fpsm.tn.it,,,1,SCUOLA DELL'INFANZIA DI TAIO,/Scuole/Scuola-dell-infanzia-di-Taio2,87,Predaia,SCUOLA DELL'INFANZIA DI TAIO
88,88,88,88,Kindergarten,"Via Paradiso, 1",0461-766315,,telve.presidente@fpsm.tn.it,,telve.segretario@fpsm.tn.it,,,1,SCUOLA DELL'INFANZIA DI TELVE,/Scuole/Scuola-dell-infanzia-di-Telve2,88,Telve,SCUOLA DELL'INFANZIA DI TELVE
89,89,89,89,Kindergarten,"Via Brocchetti, 53",0464-503034,,tenno.presidente@fpsm.tn.it,,tenno.segretario@fpsm.tn.it,,,1,SCUOLA DELL'INFANZIA DI TENNO,/Scuole/Scuola-dell-infanzia-di-Tenno2,89,Tenno,SCUOLA DELL'INFANZIA DI TENNO
90,90,90,90,Kindergarten,"Via Marconi, 8/A",0461-769192,,tezze.presidente@fpsm.tn.it,,tezze.segretario@fpsm.tn.it,,,1,SCUOLA DELL'INFANZIA DI TEZZE VALSUGANA,/Scuole/Scuola-dell-infanzia-di-Tezze-Valsugana2,90,Grigno,SCUOLA DELL'INFANZIA DI TEZZE VALSUGANA
91,91,91,91,Kindergarten,"Via Fuganti - Tonadico, 8",0439-762062,,tonadico.segretario@fpsm.tn.it,,tonadico.segretario@fpsm.tn.it,,,1,SCUOLA DELL'INFANZIA DI TONADICO,/Scuole/Scuola-dell-infanzia-di-Tonadico2,91,Primiero San Martino di Castrozza,SCUOLA DELL'INFANZIA DI TONADICO
92,92,92,92,Kindergarten,"Via Don Davide Gioppi, 72",0464-505159,,torbole.presidente@fpsm.tn.it,,torbole.segretario@fpsm.tn.it,,,1,SCUOLA DELL'INFANZIA DI TORBOLE,/Scuole/Scuola-dell-infanzia-di-Torbole2,92,Nago-Torbole,SCUOLA DELL'INFANZIA DI TORBOLE
93,93,93,93,Kindergarten,"Via Della Fontana, 15",0461-760796,,torcegno.presidente@fpsm.tn.it,,torcegno.segretario@fpsm.tn.it,,,1,SCUOLA DELL'INFANZIA DI TORCEGNO,/Scuole/Scuola-dell-infanzia-di-Torcegno2,93,Torcegno,SCUOLA DELL'INFANZIA DI TORCEGNO
94,94,94,94,Kindergarten,"Piazza Municipio - Transacqua, 11",0439-62313,,transacqua.presidente@fpsm.tn.it,,transacqua.segretario@fpsm.tn.it,,,1,SCUOLA DELL'INFANZIA DI TRANSACQUA,/Scuole/Scuola-dell-infanzia-di-Transacqua2,94,Primiero San Martino di Castrozza,SCUOLA DELL'INFANZIA DI TRANSACQUA
95,95,95,95,Kindergarten,"Via Asilo Pedrotti, 2",0461-914039,,trento.pedrotti.presidente@fpsm.tn.it,,trento.pedrotti.segretario@fpsm.tn.it,,,1,"SCUOLA DELL'INFANZIA DI TRENTO ""PEDROTTI""",/Scuole/Scuola-dell-infanzia-di-Trento-Pedrotti2,95,Trento,"SCUOLA DELL'INFANZIA DI TRENTO ""PEDROTTI"""
96,96,96,96,Kindergarten,"Via Dei Paradisi, 4",0461-1482248,,trento.canossiane.segretario@fpsm.tn.it,,trento.canossiane.segretario@fpsm.tn.it,,,1,SCUOLA DELL'INFANZIA DI TRENTO CANOSSIANE,/Scuole/Scuola-dell-infanzia-di-Trento-Canossiane2,96,Trento,SCUOLA DELL'INFANZIA DI TRENTO CANOSSIANE
97,97,97,97,Kindergarten,"Viale Dei Tigli, 9/1",0461-924555,,trento.s.bartolomeo.segretario@fpsm.tn.it,,trento.s.bartolomeo.segretario@fpsm.tn.it,,,1,SCUOLA DELL'INFANZIA DI TRENTO S. BARTOLOMEO,/Scuole/Scuola-dell-infanzia-di-Trento-S.-Bartolomeo2,97,Trento,SCUOLA DELL'INFANZIA DI TRENTO S. BARTOLOMEO
98,98,98,98,Kindergarten,"Via Kofler, 10",+39 0461 235069,+39 0461 983903,cognola.segretario@fpsm.tn.it,,cognola.segretario@fpsm.tn.it,,,1,"SCUOLA DELL'INFANZIA DI TRENTO COGNOLA ""B. KOFLER""",/Scuole/Scuola-dell-infanzia-di-Trento-Cognola-B.-Kofler2,98,Trento,"SCUOLA DELL'INFANZIA DI TRENTO COGNOLA ""B. KOFLER"""
99,99,99,99,Kindergarten,"Via Einaudi, 66",0461-923464,,trento.clarina.presidente@fpsm.tn.it,,trento.clarina.segretario@fpsm.tn.it,,,1,SCUOLA DELL'INFANZIA DI TRENTO LA CLARINA,/Scuole/Scuola-dell-infanzia-di-Trento-La-Clarina2,99,Trento,SCUOLA DELL'INFANZIA DI TRENTO LA CLARINA
100,100,100,100,Kindergarten,"Via per Cognola, 43",+39 0461 260977,+39 0461 983903,cognola.segretario@fpsm.tn.it,,trento.san.dona.segretario@fpsm.tn.it,,,1,"SCUOLA DELL'INFANZIA DI TRENTO SAN DONÀ ""B. KOFLER""",/Scuole/Scuola-dell-infanzia-di-Trento-San-Dona-B.-Kofler2,100,Trento,"SCUOLA DELL'INFANZIA DI TRENTO SAN DONÀ ""B. KOFLER"""
101,101,101,101,Kindergarten,"Via Marconi - Tuenno, 2",0463-451238,,tuenno.presidente@fpsm.tn.it,,tuenno.segretario@fpsm.tn.it,,,1,SCUOLA DELL'INFANZIA DI TUENNO,/Scuole/Scuola-dell-infanzia-di-Tuenno2,101,Ville d'Anaunia,SCUOLA DELL'INFANZIA DI TUENNO
102,102,102,102,Kindergarten,"Via Sega, 5",0464-521350,,varone.presidente@fpsm.tn.it,,varone.segretario@fpsm.tn.it,,,1,SCUOLA DELL'INFANZIA DI VARONE,/Scuole/Scuola-dell-infanzia-di-Varone2,102,Riva del Garda,SCUOLA DELL'INFANZIA DI VARONE
103,103,103,103,Kindergarten,"Via di S Pietro, 26",0463-758141,,vermiglio.presidente@fpsm.tn.it,,vermiglio.segretario@fpsm.tn.it,,,1,SCUOLA DELL'INFANZIA DI VERMIGLIO,/Scuole/Scuola-dell-infanzia-di-Vermiglio2,103,Vermiglio,SCUOLA DELL'INFANZIA DI VERMIGLIO
104,104,104,104,Kindergarten,"Via Dante - Vezzano, 24",0461-864918,,vezzano.presidente@fpsm.tn.it,,vezzano.segretario@fpsm.tn.it,,,1,SCUOLA DELL'INFANZIA DI VEZZANO,/Scuole/Scuola-dell-infanzia-di-Vezzano2,104,Vallelaghi,SCUOLA DELL'INFANZIA DI VEZZANO
105,105,105,105,Kindergarten,"Via Scuola Materna, 1",0461-566061,,vigo.cavedine.presidente@fpsm.tn.it,,vigo.cavedine.segretario@fpsm.tn.it,,,1,SCUOLA DELL'INFANZIA DI VIGO CAVEDINE,/Scuole/Scuola-dell-infanzia-di-Vigo-Cavedine2,105,Cavedine,SCUOLA DELL'INFANZIA DI VIGO CAVEDINE
106,106,106,106,Kindergarten,"Via Madonna Dei Prati, 3",0461-448252,,vigo.meano.contabile@fpsm.tn.it,,vigo.meano.segretario@fpsm.tn.it,,,1,SCUOLA DELL'INFANZIA DI VIGO CORTESANO,/Scuole/Scuola-dell-infanzia-di-Vigo-Cortesano2,106,Trento,SCUOLA DELL'INFANZIA DI VIGO CORTESANO
107,107,107,107,Kindergarten,"Frazione Vigo Lomaso - Lomaso, 1",0465-701249,,vigo.lomaso.presidente@fpsm.tn.it,,vigo.lomaso.segretario@fpsm.tn.it,,,1,SCUOLA DELL'INFANZIA DI VIGO LOMASO,/Scuole/Scuola-dell-infanzia-di-Vigo-Lomaso2,107,Comano Terme,SCUOLA DELL'INFANZIA DI VIGO LOMASO
108,108,108,108,Kindergarten,"Via del Loghét, 69",0461-990050,,ghiaie.segretario@fpsm.tn.it,,ghiaie.segretario@fpsm.tn.it,,,1,SCUOLA DELL'INFANZIA DI GHIAIE DI GARDOLO,/Scuole/Scuola-dell-infanzia-di-Ghiaie-di-Gardolo2,108,Trento,SCUOLA DELL'INFANZIA DI GHIAIE DI GARDOLO
109,109,109,109,Kindergarten,"Via Nazario Sauro, 25",0461-765333,,grigno.presidente@fpsm.tn.it,,grigno.segretario@fpsm.tn.it,,,1,SCUOLA DELL'INFANZIA DI GRIGNO,/Scuole/Scuola-dell-infanzia-di-Grigno2,109,Grigno,SCUOLA DELL'INFANZIA DI GRIGNO
110,110,110,110,Kindergarten,"Piazza delle Nogare, 2",0461-532285,,ischia.presidente@fpsm.tn.it,,ischia.segretario@fpsm.tn.it,,,1,SCUOLA DELL'INFANZIA DI ISCHIA DI PERGINE,/Scuole/Scuola-dell-infanzia-di-Ischia-di-Pergine2,110,Pergine Valsugana,SCUOLA DELL'INFANZIA DI ISCHIA DI PERGINE
111,111,111,111,Kindergarten,"Via S Rocco, 14",0461-697101,,lona.presidente@fpsm.tn.it,,lona.segretario@fpsm.tn.it,,,1,SCUOLA DELL'INFANZIA DI LONA,/Scuole/Scuola-dell-infanzia-di-Lona2,111,Lona-Lases,SCUOLA DELL'INFANZIA DI LONA
112,112,112,112,Kindergarten,"Via Serafini - Madonna di Campiglio, 13",0465-442779,+39 0465 442779,madonna.campiglio.segretario@fpsm.tn.it,,madonna.campiglio.segretario@fpsm.tn.it,,,1,SCUOLA DELL'INFANZIA DI MADONNA DI CAMPIGLIO,/Scuole/Scuola-dell-infanzia-di-Madonna-di-Campiglio2,112,Tre Ville,SCUOLA DELL'INFANZIA DI MADONNA DI CAMPIGLIO
113,113,113,113,Kindergarten,"Via D Oltrefersina, 54",0461-552109,,madrano.segretario@fpsm.tn.it,,madrano.segretario@fpsm.tn.it,,,1,SCUOLA DELL'INFANZIA DI MADRANO,/Scuole/Scuola-dell-infanzia-di-Madrano2,113,Pergine Valsugana,SCUOLA DELL'INFANZIA DI MADRANO
114,114,114,114,Kindergarten,"Via Don Rauzi, 6",0463-901925,,male.presidente@fpsm.tn.it,,male.segretario@fpsm.tn.it,,,1,SCUOLA DELL'INFANZIA DI MALÈ,/Scuole/Scuola-dell-infanzia-di-Male2,114,Malè,SCUOLA DELL'INFANZIA DI MALÈ
115,115,115,115,Kindergarten,"Piazza S Margherita, 2",0461-764505,,marter.segretario@fpsm.tn.it,,marter.segretario@fpsm.tn.it,,,1,SCUOLA DELL'INFANZIA DI MARTER,/Scuole/Scuola-dell-infanzia-di-Marter2,115,Roncegno Terme,SCUOLA DELL'INFANZIA DI MARTER
116,116,116,116,Kindergarten,"Via Sabbionare, 3",0461-820233,,martignano.segretario@fpsm.tn.it,,martignano.segretario@fpsm.tn.it,,,1,"SCUOLA DELL'INFANZIA DI MARTIGNANO ""D. LEONE SERAFINI""",/Scuole/Scuola-dell-infanzia-di-Martignano-D.-Leone-Serafini2,116,Trento,"SCUOLA DELL'INFANZIA DI MARTIGNANO ""D. LEONE SERAFINI"""
117,117,117,117,Kindergarten,"Via Maffei - San Martino, 2",0464-517719,,massone.presidente@fpsm.tn.it,,massone.segretario@fpsm.tn.it,,,1,SCUOLA DELL'INFANZIA DI MASSONE,/Scuole/Scuola-dell-infanzia-di-Massone2,117,Arco,SCUOLA DELL'INFANZIA DI MASSONE
118,118,118,118,Kindergarten,"Via Don Luigi Borghesi, 35",0463-421247,,mechel.presidente@fpsm.tn.it,,mechel.segretario@fpsm.tn.it,,,1,SCUOLA DELL'INFANZIA DI MECHEL,/Scuole/Scuola-dell-infanzia-di-Mechel2,118,Cles,SCUOLA DELL'INFANZIA DI MECHEL
119,119,119,119,Kindergarten,"Via IV Novembre, 16",0439-67027,,mezzano.contabile@fpsm.tn.it,,mezzano.segretario@fpsm.tn.it,,,1,SCUOLA DELL'INFANZIA DI MEZZANO,/Scuole/Scuola-dell-infanzia-di-Mezzano2,119,Mezzano,SCUOLA DELL'INFANZIA DI MEZZANO
120,120,120,120,Kindergarten,"Via S Giovanni Bosco, 4",0461-603933,,mezzocorona.presidente@fpsm.tn.it,,mezzocorona.segretario@fpsm.tn.it,,,1,SCUOLA DELL'INFANZIA DI MEZZOCORONA,/Scuole/Scuola-dell-infanzia-di-Mezzocorona2,120,Mezzocorona,SCUOLA DELL'INFANZIA DI MEZZOCORONA
121,121,121,121,Kindergarten,"Corso del Popolo, 34/B",0461-601324,,mezzolombardo.presidente@fpsm.tn.it,,mezzolombardo.segretario@fpsm.tn.it,,,1,SCUOLA DELL'INFANZIA DI MEZZOLOMBARDO,/Scuole/Scuola-dell-infanzia-di-Mezzolombardo2,121,Mezzolombardo,SCUOLA DELL'INFANZIA DI MEZZOLOMBARDO
122,122,122,122,Kindergarten,"Strada don Giovanni Jori, 10",0462-573277,,moena.presidente@fpsm.tn.it,,moena.segretario@fpsm.tn.it,,,1,SCUOLA DELL'INFANZIA DI MOENA,/Scuole/Scuola-dell-infanzia-di-Moena2,122,Moena,SCUOLA DELL'INFANZIA DI MOENA
123,123,123,123,Kindergarten,"Via Sartori - Molina di Ledro, 25",0464-508477,,molina.ledro.presidente@fpsm.tn.it,,molina.ledro.segretario@fpsm.tn.it,,,1,SCUOLA DELL'INFANZIA DI MOLINA DI LEDRO,/Scuole/Scuola-dell-infanzia-di-Molina-di-Ledro2,123,Ledro,SCUOLA DELL'INFANZIA DI MOLINA DI LEDRO
124,124,124,124,Kindergarten,"Via Della Pausa - Mollaro, 1",0463-469224,,mollaro.contabile@fpsm.tn.it,,mollaro.segretario@fpsm.tn.it,,,1,SCUOLA DELL'INFANZIA DI MOLLARO,/Scuole/Scuola-dell-infanzia-di-Mollaro2,124,Predaia,SCUOLA DELL'INFANZIA DI MOLLARO
125,125,125,125,Kindergarten,"Piazza S Carlo, 20",0461-586969,,molveno.presidente@fpsm.tn.it,,molveno.segretario@fpsm.tn.it,,,1,SCUOLA DELL'INFANZIA DI MOLVENO,/Scuole/Scuola-dell-infanzia-di-Molveno2,125,Molveno,SCUOLA DELL'INFANZIA DI MOLVENO
126,126,126,126,Kindergarten,"Via Capitano Santuari, 1",0461-698351,,sover.presidente@fpsm.tn.it,,sover.segretario@fpsm.tn.it,,,1,SCUOLA DELL'INFANZIA DI MONTESOVER,/Scuole/Scuola-dell-infanzia-di-Montesover2,126,Sover,SCUOLA DELL'INFANZIA DI MONTESOVER
127,127,127,127,Kindergarten,"Via Scuole, 3",0464-918156,,mori.segretario@fpsm.tn.it,,mori.segretario@fpsm.tn.it,,,1,SCUOLA DELL'INFANZIA DI MORI,/Scuole/Scuola-dell-infanzia-di-Mori2,127,Mori,SCUOLA DELL'INFANZIA DI MORI
128,128,128,128,Kindergarten,"Localita Tezze - Nago,",0464-506097,,nago.segretario@fpsm.tn.it,,nago.segretario@fpsm.tn.it,,,1,SCUOLA DELL'INFANZIA DI NAGO,/Scuole/Scuola-dell-infanzia-di-Nago2,128,Nago-Torbole,SCUOLA DELL'INFANZIA DI NAGO
129,129,129,129,Kindergarten,"Via Del Car, 40",0464-802944,,ronzo.chienis.presidente@fpsm.tn.it,,ronzo.chienis.segretario@fpsm.tn.it,,,1,SCUOLA DELL'INFANZIA DI RONZO-CHIENIS,/Scuole/Scuola-dell-infanzia-di-Ronzo-Chienis2,129,Ronzo-Chienis,SCUOLA DELL'INFANZIA DI RONZO-CHIENIS
130,130,130,130,Kindergarten,"Via S Maria, 58",0464-420061,,asilovannetti@pec.it,,asilovannetti@gmail.com,,,1,"SCUOLA DELL'INFANZIA DI ROVERETO ""CLEMENTINO VANNETTI""",/Scuole/Scuola-dell-infanzia-di-Rovereto-Clementino-Vannetti2,130,Rovereto,"SCUOLA DELL'INFANZIA DI ROVERETO ""CLEMENTINO VANNETTI"""
131,131,131,131,Kindergarten,"Corso Rosmini, 3",0464-421541,,rovereto.rosmini.presidente@fpsm.tn.it,,rovereto.rosmini.segretario@fpsm.tn.it,,,1,"SCUOLA DELL'INFANZIA DI ROVERETO ""ROSMINI""",/Scuole/Scuola-dell-infanzia-di-Rovereto-Rosmini2,131,Rovereto,"SCUOLA DELL'INFANZIA DI ROVERETO ""ROSMINI"""
132,132,132,132,Kindergarten,"Frazione Santa Croce di Bleggio Inferiore, 7",0465-779900,,s.croce.presidente@fpsm.tn.it,,s.croce.segretario@fpsm.tn.it,,,1,SCUOLA DELL'INFANZIA DI S. CROCE BLEGGIO,/Scuole/Scuola-dell-infanzia-di-S.-Croce-Bleggio2,132,Comano Terme,SCUOLA DELL'INFANZIA DI S. CROCE BLEGGIO
133,133,133,133,Kindergarten,"Strada del Toat - San Lorenzo, 4",0465-734005,,san.lorenzo.banale.segretario@fpsm.tn.it,,san.lorenzo.banale.segretario@fpsm.tn.it,,,1,SCUOLA DELL'INFANZIA DI S. LORENZO IN BANALE,/Scuole/Scuola-dell-infanzia-di-S.-Lorenzo-in-Banale2,133,San Lorenzo Dorsino,SCUOLA DELL'INFANZIA DI S. LORENZO IN BANALE
134,134,134,134,Kindergarten,"Via Gazzoletti - Santa Margherita, 35",0464-696494,,s.margherita.presidente@fpsm.tn.it,,s.margherita.segretario@fpsm.tn.it,,,1,SCUOLA DELL'INFANZIA DI S. MARGHERITA DI ALA,/Scuole/Scuola-dell-infanzia-di-S.-Margherita-di-Ala2,134,Ala,SCUOLA DELL'INFANZIA DI S. MARGHERITA DI ALA
135,135,135,135,Kindergarten,"Piazza Conciliazione, 3/B",0464-683225,,sabbionara.presidente@fpsm.tn.it,,sabbionara.segretario@fpsm.tn.it,,,1,SCUOLA DELL'INFANZIA DI SABBIONARA,/Scuole/Scuola-dell-infanzia-di-Sabbionara2,135,Avio,SCUOLA DELL'INFANZIA DI SABBIONARA
136,136,136,136,Kindergarten,"Via Laghetto - San Martino Di Castrozza, 30",0439-768666,,s.martino.castrozza.presidente@fpsm.tn.it,,s.martino.castrozza.segretario@fpsm.tn.it,,,1,SCUOLA DELL'INFANZIA DI SAN MARTINO DI C.,/Scuole/Scuola-dell-infanzia-di-San-Martino-di-C2,136,Primiero San Martino di Castrozza,SCUOLA DELL'INFANZIA DI SAN MARTINO DI C.
137,137,137,137,Kindergarten,"Via Caffaro - Sarche - Calavino, 6",0461-564028,,sarche.presidente@fpsm.tn.it,,sarche.segretario@fpsm.tn.it,,,1,SCUOLA DELL'INFANZIA DI SARCHE,/Scuole/Scuola-dell-infanzia-di-Sarche2,137,Madruzzo,SCUOLA DELL'INFANZIA DI SARCHE
138,138,138,138,Kindergarten,"Via Visintainer, 15",0461-762268,,scurelle.presidente@fpsm.tn.it,,scurelle.segretario@fpsm.tn.it,,,1,SCUOLA DELL'INFANZIA DI SCURELLE,/Scuole/Scuola-dell-infanzia-di-Scurelle2,138,Scurelle,SCUOLA DELL'INFANZIA DI SCURELLE
139,139,139,139,Kindergarten,"Via Sonora - Segno - Taio, 18",0463-468064,,segno.presidente@fpsm.tn.it,,segno.segretario@fpsm.tn.it,,,1,SCUOLA DELL'INFANZIA DI SEGNO,/Scuole/Scuola-dell-infanzia-di-Segno2,139,Predaia,SCUOLA DELL'INFANZIA DI SEGNO
140,140,140,140,Kindergarten,"Frazione Stedro, 80",327-3311981,,segonzano.presidente@fpsm.tn.it,,segonzano.segretario@fpsm.tn.it,,,1,SCUOLA DELL'INFANZIA DI SEGONZANO,/Scuole/Scuola-dell-infanzia-di-Segonzano2,140,Segonzano,SCUOLA DELL'INFANZIA DI SEGONZANO
141,141,141,141,Kindergarten,"Via Ingenger Tomasi - Serravalle, 5",0464-696304,,serravalle.presidente@fpsm.tn.it,,serravalle.segretario@fpsm.tn.it,,,1,SCUOLA DELL'INFANZIA DI SERRAVALLE,/Scuole/Scuola-dell-infanzia-di-Serravalle2,141,Ala,SCUOLA DELL'INFANZIA DI SERRAVALLE
142,142,142,142,Kindergarten,"Via Asilo - Siror, 1",0439-62790,,siror.presidente@fpsm.tn.it,,siror.segretario@fpsm.tn.it,,,1,SCUOLA DELL'INFANZIA DI SIROR,/Scuole/Scuola-dell-infanzia-di-Siror2,142,Primiero San Martino di Castrozza,SCUOLA DELL'INFANZIA DI SIROR
143,143,143,143,Kindergarten,"Via Torre - Smarano, 6",0463-536702,,smarano.presidente@fpsm.tn.it,,smarano.segretario@fpsm.tn.it,,,1,SCUOLA DELL'INFANZIA DI SMARANO,/Scuole/Scuola-dell-infanzia-di-Smarano2,143,Predaia,SCUOLA DELL'INFANZIA DI SMARANO
144,144,144,144,Kindergarten,"Via Canelli - Sopramonte, 5",0461-867021,,sopramonte.presidente@fpsm.tn.it,,sopramonte.segretario@fpsm.tn.it,,,1,SCUOLA DELL'INFANZIA DI SOPRAMONTE,/Scuole/Scuola-dell-infanzia-di-Sopramonte2,144,Trento,SCUOLA DELL'INFANZIA DI SOPRAMONTE
145,145,145,145,Kindergarten,"Via S Vigilio, 5",0465-801326,,spiazzo.rendena.contabile@fpsm.tn.it,,spiazzo.rendena.segretario@fpsm.tn.it,,,1,SCUOLA DELL'INFANZIA DI SPIAZZO RENDENA,/Scuole/Scuola-dell-infanzia-di-Spiazzo-Rendena2,145,Spiazzo,SCUOLA DELL'INFANZIA DI SPIAZZO RENDENA
146,146,146,146,Kindergarten,"Via dell Asilo, 2",0461-653390,,spormaggiore.contabile@fpsm.tn.it,,spormaggiore.segretario@fpsm.tn.it,,,1,SCUOLA DELL'INFANZIA DI SPORMAGGIORE,/Scuole/Scuola-dell-infanzia-di-Spormaggiore2,146,Spormaggiore,SCUOLA DELL'INFANZIA DI SPORMAGGIORE
147,147,147,147,Kindergarten,"Piazza Dante, 15",0465-771019,,stenico.presidente@fpsm.tn.it,,stenico.segretario@fpsm.tn.it,,,1,SCUOLA DELL'INFANZIA DI STENICO,/Scuole/Scuola-dell-infanzia-di-Stenico2,147,Stenico,SCUOLA DELL'INFANZIA DI STENICO
148,148,148,148,Kindergarten,"Via S Floriano, 22",0465-296084,,storo.presidente@fpsm.tn.it,,storo.segretario@fpsm.tn.it,,,1,SCUOLA DELL'INFANZIA DI STORO,/Scuole/Scuola-dell-infanzia-di-Storo2,148,Storo,SCUOLA DELL'INFANZIA DI STORO
149,149,149,149,Kindergarten,"Piazza IV Novembre - Strigno, 11",0461-762327,,strigno.presidente@fpsm.tn.it,,strigno.segretario@fpsm.tn.it,,,1,SCUOLA DELL'INFANZIA DI STRIGNO,/Scuole/Scuola-dell-infanzia-di-Strigno2,149,Castel Ivano,SCUOLA DELL'INFANZIA DI STRIGNO
150,150,150,150,Kindergarten,"Via Dell Asilo, 5",0461-538471,,susa.presidente@fpsm.tn.it,,susa.segretario@fpsm.tn.it,,,1,SCUOLA DELL'INFANZIA DI SUSÀ,/Scuole/Scuola-dell-infanzia-di-Susa2,150,Pergine Valsugana,SCUOLA DELL'INFANZIA DI SUSÀ
151,151,151,151,Kindergarten,"Viale Trento, 4",0465-501433,,carisolo.presidente@fpsm.tn.it,,carisolo.segretario@fpsm.tn.it,,,1,SCUOLA DELL'INFANZIA DI CARISOLO,/Scuole/Scuola-dell-infanzia-di-Carisolo2,151,Carisolo,SCUOLA DELL'INFANZIA DI CARISOLO
152,152,152,152,Kindergarten,"Via della Pontara - Casez, 10",0463-434219,,casez.presidente@fpsm.tn.it,,casez.segretario@fpsm.tn.it,,,1,SCUOLA DELL'INFANZIA DI CASEZ,/Scuole/Scuola-dell-infanzia-di-Casez2,152,Sanzeno,SCUOLA DELL'INFANZIA DI CASEZ
153,153,153,153,Kindergarten,"Via Caduti, 1",0464-801242,,castellano.presidente@fpsm.tn.it,,castellano.segretario@fpsm.tn.it,,,1,SCUOLA DELL'INFANZIA DI CASTELLANO,/Scuole/Scuola-dell-infanzia-di-Castellano2,153,Villa Lagarina,SCUOLA DELL'INFANZIA DI CASTELLANO
154,154,154,154,Kindergarten,"Via Latemar, 2",0462-341153,,castello.fiemme.segretario@fpsm.tn.it,,castello.fiemme.segretario@fpsm.tn.it,,,1,SCUOLA DELL'INFANZIA DI CASTELLO DI FIEMME,/Scuole/Scuola-dell-infanzia-di-Castello-Di-Fiemme2,154,Castello-Molina di Fiemme,SCUOLA DELL'INFANZIA DI CASTELLO DI FIEMME
155,155,155,155,Kindergarten,"Via IV Novembre, 19",0461-568548,,cavedine.presidente@fpsm.tn.it,,cavedine.segretario@fpsm.tn.it,,,1,SCUOLA DELL'INFANZIA DI CAVEDINE,/Scuole/Scuola-dell-infanzia-di-Cavedine2,155,Cavedine,SCUOLA DELL'INFANZIA DI CAVEDINE
156,156,156,156,Kindergarten,"Piazza Zanotelli - Cembra, 1",0461-680173,,cembra.presidente@fpsm.tn.it,,cembra.segretario@fpsm.tn.it,,,1,SCUOLA DELL'INFANZIA DI CEMBRA,/Scuole/Scuola-dell-infanzia-di-Cembra2,156,Cembra Lisignago,SCUOLA DELL'INFANZIA DI CEMBRA
157,157,157,157,Kindergarten,"Via Canestrini - Chizzola, 1",0464-696397,,chizzola.presidente@fpsm.tn.it,,chizzola.segretario@fpsm.tn.it,,,1,SCUOLA DELL'INFANZIA DI CHIZZOLA,/Scuole/Scuola-dell-infanzia-di-Chizzola2,157,Ala,SCUOLA DELL'INFANZIA DI CHIZZOLA
158,158,158,158,Kindergarten,"Via Mattioli, 13",0463-625164,,cles.presidente@fpsm.tn.it,,cles.segretario@fpsm.tn.it,,,1,SCUOLA DELL'INFANZIA DI CLES,/Scuole/Scuola-dell-infanzia-di-Cles2,158,Cles,SCUOLA DELL'INFANZIA DI CLES
159,159,159,159,Kindergarten,"Via di S Stefano, 2/A",0463-1980632,,cloz.brez.presidente@fpsm.tn.it,,cloz.brez.segretario@fpsm.tn.it,,,1,SCUOLA DELL'INFANZIA DI CLOZ E BREZ,/Scuole/Scuola-dell-infanzia-di-Cloz-e-Brez2,159,Novella,SCUOLA DELL'INFANZIA DI CLOZ E BREZ
160,160,160,160,Kindergarten,"Via Roma - Condino, 37",0465-621009,,condino.presidente@fpsm.tn.it,,condino.segretario@fpsm.tn.it,,,1,SCUOLA DELL'INFANZIA DI CONDINO,/Scuole/Scuola-dell-infanzia-di-Condino2,160,Borgo Chiese,SCUOLA DELL'INFANZIA DI CONDINO
161,161,161,161,Kindergarten,"Via delle antiche fontane - Coredo, 20",0463-536416,,coredo.segretario@fpsm.tn.it,,coredo.segretario@fpsm.tn.it,,,1,SCUOLA DELL'INFANZIA DI COREDO,/Scuole/Scuola-dell-infanzia-di-Coredo2,161,Predaia,SCUOLA DELL'INFANZIA DI COREDO
162,162,162,162,Kindergarten,"Via Bresadola, 6",0461-823359,,trento.cristore.segretario@fpsm.tn.it,,trento.cristore.segretario@fpsm.tn.it,,,1,SCUOLA DELL'INFANZIA DI CRISTO RE -TRENTO,/Scuole/Scuola-dell-infanzia-di-Cristo-Re-Trento2,162,Trento,SCUOLA DELL'INFANZIA DI CRISTO RE -TRENTO
163,163,163,163,Kindergarten,"Via S Biagio, 30",0464-395693,,crosano.segretario@fpsm.tn.it,,crosano.segretario@fpsm.tn.it,,,1,SCUOLA DELL'INFANZIA DI CROSANO,/Scuole/Scuola-dell-infanzia-di-Crosano2,163,Brentonico,SCUOLA DELL'INFANZIA DI CROSANO
164,164,164,164,Kindergarten,"Via Garibaldi, 33",0463-437181,,dambel.presidente@fpsm.tn.it,,dambel.segretario@fpsm.tn.it,,,1,SCUOLA DELL'INFANZIA DI DAMBEL,/Scuole/Scuola-dell-infanzia-di-Dambel2,164,Dambel,SCUOLA DELL'INFANZIA DI DAMBEL
165,165,165,165,Kindergarten,"Via Alla Chiesa - Dimaro, 26",0463-974301,,dimaro.contabile@fpsm.tn.it,,dimaro.segretario@fpsm.tn.it,,,1,SCUOLA DELL'INFANZIA DI DIMARO,/Scuole/Scuola-dell-infanzia-di-Dimaro2,165,Dimaro Folgarida,SCUOLA DELL'INFANZIA DI DIMARO
166,166,166,166,Kindergarten,"Via Perlaia - Faver, 17",+39 328 7310914,,faver.presidente@fpsm.tn.it,,faver.segretario@fpsm.tn.it,,,1,SCUOLA DELL'INFANZIA DI FAVER,/Scuole/Scuola-dell-infanzia-di-Faver2,166,Altavalle,SCUOLA DELL'INFANZIA DI FAVER
167,167,167,167,Kindergarten,"Piazza S Sebastiano, 24",0465-735129,,fiave.contabile@fpsm.tn.it,,fiave.segretario@fpsm.tn.it,,,1,SCUOLA DELL'INFANZIA DI FIAVÈ,/Scuole/Scuola-dell-infanzia-di-Fiave2,167,FIAVE',SCUOLA DELL'INFANZIA DI FIAVÈ
168,168,168,168,Kindergarten,"Viale Marconi - Pieve, 1",0439-762196,0439764911,fiera.presidente@fpsm.tn.it,,fiera.segretario@fpsm.tn.it,,,1,SCUOLA DELL'INFANZIA DI FIERA DI PRIMIERO,/Scuole/Scuola-dell-infanzia-di-Fiera-di-Primiero2,168,Primiero San Martino di Castrozza,SCUOLA DELL'INFANZIA DI FIERA DI PRIMIERO
169,169,169,169,Kindergarten,"Piazza Don Stefenelli - Fondo, 5",0463-831254,,fondo.contabile@fpsm.tn.it,,fondo.segretario@fpsm.tn.it,,,1,SCUOLA DELL'INFANZIA DI FONDO,/Scuole/Scuola-dell-infanzia-di-Fondo2,169,Borgo d'Anaunia,SCUOLA DELL'INFANZIA DI FONDO
170,170,170,170,Kindergarten,"Via Del Borgolet, 16",0461-849351,,fornace.presidente@fpsm.tn.it,,fornace.segretario@fpsm.tn.it,,,1,SCUOLA DELL'INFANZIA DI FORNACE,/Scuole/Scuola-dell-infanzia-di-Fornace2,170,Fornace,SCUOLA DELL'INFANZIA DI FORNACE
171,171,171,171,Kindergarten,"Via S Anna, 9",0461-990296,,gardolo.segretario@fpsm.tn.it,,gardolo.segretario@fpsm.tn.it,,,1,SCUOLA DELL'INFANZIA DI GARDOLO,/Scuole/Scuola-dell-infanzia-di-Gardolo2,171,Trento,SCUOLA DELL'INFANZIA DI GARDOLO
172,172,172,172,Educational and training institution,"Corso Buonarroti, 50",+39 0461 236214,+39 0461 230583,ic.trento6@pec.provincia.tn.it,dir.ic.tn6@scuole.provincia.tn.it,segr.ic.tn6@scuole.provincia.tn.it,http://www.ictrento6.it,TNIC85800A,7,ISTITUTO COMPRENSIVO TRENTO 6,/Scuole/ISTITUTO-COMPRENSIVO-TRENTO-62,172,Trento,TNIC85800A
173,173,173,173,Educational and training institution,"Viale Della Pace, 10",+39 0465 501139,+39 0465 512119,ic.valrendena@pec.provincia.tn.it,dir.ic.valrendena@scuole.provincia.tn.it,segr.ic.valrendena@scuole.provincia.tn.it,http://www.icvalrendena.it,TNIC83400T,10,ISTITUTO COMPRENSIVO VAL RENDENA,/Scuole/ISTITUTO-COMPRENSIVO-VAL-RENDENA2,173,Pinzolo,TNIC83400T
174,174,174,174,Educational and training institution,"Via Roma - Vezzano, 3",+39 0461 864026,+39 0461 340648,ic.valledeilaghi@pec.provincia.tn.it,dir.ic.valledeilaghi@scuole.provincia.tn.it,segr.ic.valledeilaghi@scuole.provincia.tn.it,http://www.icvalledeilaghidro.it,TNIC84400C,11,ISTITUTO COMPRENSIVO VALLE DEI LAGHI - DRO,/Scuole/ISTITUTO-COMPRENSIVO-VALLE-DEI-LAGHI-DRO2,174,Vallelaghi,TNIC84400C
175,175,175,175,Educational and training institution,"Via Falcone e Borsellino - Bezzecca, 2",+39 0464 592800,+39 0464 592819,ic.vallediledro@pec.provincia.tn.it,dir.ic.bezzecca@scuole.provincia.tn.it,segr.ic.bezzecca@scuole.provincia.tn.it,http://www.icvallediledro.it,TNIC80600N,4,ISTITUTO COMPRENSIVO VALLE DI LEDRO,/Scuole/ISTITUTO-COMPRENSIVO-VALLE-DI-LEDRO2,175,Ledro,TNIC80600N
176,176,176,176,Educational and training institution,"Via Garibaldi - Vigolo Vattaro, 8",+39 0461 848878,+39 0461 845217,ic.vigolovattaro@pec.provincia.tn.it,dir.vigolovattaro@scuole.provincia.tn.it,segr.vigolovattaro@scuole.provincia.tn.it,http://www.icvigolovattaro.it,TNIC803006,4,ISTITUTO COMPRENSIVO VIGOLO VATTARO,/Scuole/ISTITUTO-COMPRENSIVO-VIGOLO-VATTARO2,176,Altopiano della Vigolana,TNIC803006
177,177,177,177,Educational and training institution,"Via Stockstadt Am Rhein, 3",+39 0464 411312,+39 0464 411705,ic.villalagarina@pec.provincia.tn.it,dir.ic.villalagarina@scuole.provincia.tn.it,segr.ic.villalagarina@scuole.provincia.tn.it,http://www.icvillalagarina.it,TNIC846004,5,ISTITUTO COMPRENSIVO VILLA LAGARINA,/Scuole/ISTITUTO-COMPRENSIVO-VILLA-LAGARINA2,177,Villa Lagarina,TNIC846004
178,178,178,178,Educational and training institution,"Via Murialdo, 27",+39 0461 858485,+39 0461 858901,ic.civezzano@pec.provincia.tn.it,dir.i.c.civezzano@scuole.provincia.tn.it,segr.i.c.civezzano@scuole.provincia.tn.it,http://www.iccivezzano.eu,TNIC817004,6,ISTITUTO COMPRENSIVO CIVEZZANO,/Scuole/ISTITUTO-COMPRENSIVO-CIVEZZANO2,178,Civezzano,TNIC817004
179,179,179,179,Educational and training institution,"Via Papaleoni, 5",+39 0465 686039,+39 0465 687076,ic.chiese-storo@pec.provincia.tn.it,dir.ic.chiese@scuole.provincia.tn.it,segr.ic.chiese@scuole.provincia.tn.it,http://www.istitutodelchiese.it,TNIC838005,6,"ISTITUTO COMPRENSIVO DEL CHIESE ""DON L. MILANI""",/Scuole/ISTITUTO-COMPRENSIVO-DEL-CHIESE-Don-L.-Milani2,179,Storo,TNIC838005
180,180,180,180,Educational and training institution,"Via Battisti, 24",+39 0464 721283,+39 0464 723563,ic.folgaria-lavarone@pec.provincia.tn.it,dir.rella.folgaria@scuole.provincia.tn.it,segr.rella.folgaria@scuole.provincia.tn.it,http://www.icfolgarialavaroneluserna.it,TNIC804002,8,ISTITUTO COMPRENSIVO FOLGARIA - LAVARONE - LUSERNA,/Scuole/ISTITUTO-COMPRENSIVO-FOLGARIA-LAVARONE-LUSERNA2,180,Folgaria,TNIC804002
181,181,181,181,Educational and training institution,"Via Laviosa Zambotti - Fondo, 24",+39 0463 831134,+39 0463 831746,ic.fondo@pec.provincia.tn.it,dir.ic.fondo@scuole.provincia.tn.it,segr.ic.fondo@scuole.provincia.tn.it,http://www.icfondorevo.it,TNIC82800E,10,ISTITUTO COMPRENSIVO FONDO - REVO',/Scuole/ISTITUTO-COMPRENSIVO-FONDO-REVO2,181,Borgo d'Anaunia,TNIC82800E
182,182,182,182,Pedagogical coordination circle,"Viale Trento, 37/E",+39 0464 493116,+39 0464 493117,circolo.coordinamento09@provincia.tn.it,,circolo.coordinamento09@provincia.tn.it,,,9,CIRCOLO DI COORDINAMENTO N. 9,/Scuole/Circolo-di-coordinamento-n.-94,182,Rovereto,CIRCOLO DI COORDINAMENTO N. 9
183,183,183,183,Pedagogical coordination circle,"Strada Giuseppe Soraperra - Pozza di Fassa, 6",+39 0462 760340,+39 0462 760001,coordinamento.scuoleladine@provincia.tn.it,,coordinamento.scuoleladine@provincia.tn.it,,,3,COORDINAMENTO PEDAGOGICO SCUOLE PROVINCIALI DELL'INFANZIA LADINE,/Scuole/Coordinamento-pedagogico-scuole-provinciali-dell-infanzia-ladine2,183,San Giovanni di Fassa,COORDINAMENTO PEDAGOGICO SCUOLE PROVINCIALI DELL'INFANZIA LADINE
184,184,184,184,Educational and training institution,"Via XXIV Maggio, 1",+39 0464 519546,+39 0464 519959,gardascuola@pec.cooperazionetrentina.it,,segreteria@gardascuola.it,http://www.gardascuola.it,,5,GARDASCUOLA SOCIETA' COOPERATIVA SOCIALE - ARCO,/Scuole/GARDASCUOLA-SOCIETA-COOPERATIVA-SOCIALE-ARCO2,184,Arco,GARDASCUOLA SOCIETA' COOPERATIVA SOCIALE - ARCO
185,185,185,185,Educational and training institution,"Piazzale Orsi, 1",+39 0464 433484,+39 0464 436873,iscrizioni.veronesi@pec.it,,segreteria.dir@cfpgveronesi.it,http://www.cfpgveronesi.it,TNCF002001,3,GIUSEPPE VERONESI - CENTRO DI ISTRUZIONE SCOLASTICA E DI FORMAZIONE PROFESSIONALE,/Scuole/Giuseppe-Veronesi-Centro-di-istruzione-scolastica-e-di-formazione-professionale,185,Rovereto,TNCF002001
186,186,186,186,Educational and training institution,"Via Don Anzelini, 2",+39 0464 671119,+39 0464 674138,ic.ala@pec.provincia.tn.it,dir.ic.ala@scuole.provincia.tn.it,segr.ic.ala@scuole.provincia.tn.it,http://www.istitutocomprensivoala.it,TNIC84800Q,3,"ISTITUTO COMPRENSIVO ALA ""ANTONIO BRESCIANI""",/Scuole/ISTITUTO-COMPRENSIVO-ALA-Antonio-Bresciani2,186,Ala,TNIC84800Q
187,187,187,187,Educational and training institution,"Via Della Torre Franca, 1",+39 0461 945237,+39 0464 946007,ic.aldeno-mattarello@pec.provincia.tn.it,dir.aldeno.mattarello@scuole.provincia.tn.it,segr.aldeno.mattarello@scuole.provincia.tn.it,http://www.icaldenomattarello.it,TNIC82100Q,6,ISTITUTO COMPRENSIVO ALDENO MATTARELLO,/Scuole/ISTITUTO-COMPRENSIVO-ALDENO-MATTARELLO2,187,Trento,TNIC82100Q
188,188,188,188,Educational and training institution,"Via S Michele, 11",+39 0463 751129,+39 0463 750043,ic.altavaldisole@pec.provincia.tn.it,dir.icaltavaldisole@scuole.provincia.tn.it,segr.icaltavaldisole@scuole.provincia.tn.it,http://www.icaltavaldisole.it,TNIC832006,7,ISTITUTO COMPRENSIVO ALTA VAL DI SOLE,/Scuole/ISTITUTO-COMPRENSIVO-ALTA-VAL-DI-SOLE2,188,Ossana,TNIC832006
189,189,189,189,Educational and training institution,"Via Stazione, 30",+39 0464 410475,+39 0461 490699,ic.altavallagarina@pec.provincia.tn.it,dir.ic.altavallagarina@scuole.provincia.tn.it,segr.ic.altavallagarina@scuole.provincia.tn.it,http://www.ic-altavallagarina.it,TNIC86000A,4,ISTITUTO COMPRENSIVO ALTA VALLAGARINA,/Scuole/ISTITUTO-COMPRENSIVO-ALTA-VALLAGARINA2,189,Volano,TNIC86000A
190,190,190,190,Educational and training institution,"Via del XXVI Maggio - Baselga, 6",+39 0461 557138,+39 0461 558163,ic.pine@pec.provincia.tn.it,dir.ic.altopianodipine@scuole.provincia.tn.it,segr.ic.altopianodipine@scuole.provincia.tn.it,http://www.icpine.eu,TNIC816008,4,ISTITUTO COMPRENSIVO ALTOPIANO DI PINE',/Scuole/ISTITUTO-COMPRENSIVO-ALTOPIANO-DI-PINE2,190,Baselga di Pinè,TNIC816008
191,191,191,191,Educational and training institution,"Localita Prabi,",+39 0464 516429,+39 0464 517064,ic.arco@pec.provincia.tn.it,dir.ic.arco@scuole.provincia.tn.it,segr.ic.arco@scuole.provincia.tn.it,http://www.icarco.edu.it,TNIC840005,5,ISTITUTO COMPRENSIVO ARCO,/Scuole/ISTITUTO-COMPRENSIVO-ARCO2,191,Arco,TNIC840005
192,192,192,192,Educational and training institution,"Via Monte Cristallo, 2",+39 0461 532261,+39 0461 533167,ic.pergine1@pec.provincia.tn.it,dir.ic.pergine1@scuole.provincia.tn.it,segr.ic.pergine1@scuole.provincia.tn.it,http://www.icpergine1.it/,TNIC81400L,6,ISTITUTO COMPRENSIVO PERGINE 1,/Scuole/ISTITUTO-COMPRENSIVO-PERGINE-12,192,Pergine Valsugana,TNIC81400L
193,193,193,193,Educational and training institution,"Via Amstetten, 4",+39 0461 512312,+39 0461 530043,ic.pergine2@pec.provincia.tn.it,dir.freinet@scuole.provincia.tn.it,segr.freinet@scuole.provincia.tn.it,http://www.icpergine2.it,TNIC81500C,5,"ISTITUTO COMPRENSIVO PERGINE 2 ""C. FREINET""",/Scuole/ISTITUTO-COMPRENSIVO-PERGINE-2-C.-Freinet2,193,Pergine Valsugana,TNIC81500C
194,194,194,194,Educational and training institution,"Corso Degasperi, 8",+39 0462 501131,+39 0462 500023,ic.predazzo@pec.provincia.tn.it,dir.ic.predazzo@scuole.provincia.tn.it,segr.ic.predazzo@scuole.provincia.tn.it,http://www.ic-predazzotesero.it,TNIC808009,5,ISTITUTO COMPRENSIVO PREDAZZO TESERO PANCHIA' ZIANO,/Scuole/ISTITUTO-COMPRENSIVO-PREDAZZO-TESERO-PANCHIA-ZIANO2,194,Predazzo,TNIC808009
195,195,195,195,Educational and training institution,"Piazza Contini, 8",+39 0464 552170,+39 0464 520789,ic.riva2@pec.provincia.tn.it,dir.ic.riva2@scuole.provincia.tn.it,segr.ic.riva2@scuole.provincia.tn.it,http://www.riva2.it,TNIC84200R,4,"ISTITUTO COMPRENSIVO RIVA 2 ""L. PIZZINI""",/Scuole/ISTITUTO-COMPRENSIVO-RIVA-2-L.-Pizzini2,195,Riva del Garda,TNIC84200R
196,196,196,196,Educational and training institution,"Corso Bettini, 67",+39 0464 420759,+39 0464 480415,ic.roveretonord@pec.provincia.tn.it,dir.ic.roveretonord@scuole.provincia.tn.it,segr.ic.roveretonord@scuole.provincia.tn.it,http://www.icroveretonord.it,TNIC859006,3,ISTITUTO COMPRENSIVO ROVERETO NORD,/Scuole/ISTITUTO-COMPRENSIVO-ROVERETO-NORD2,196,Rovereto,TNIC859006
197,197,197,197,Educational and training institution,"Via Roma - Strigno, 14",+39 0461 762046,+39 0461 763409,ic.strignotesino@pec.provincia.tn.it,dir.ic.strignoetesino@scuole.provincia.tn.it,segr.ic.strignoetesino@scuole.provincia.tn.it,http://www.icstrignoetesino.it,TNIC80100E,8,ISTITUTO COMPRENSIVO STRIGNO E TESINO,/Scuole/ISTITUTO-COMPRENSIVO-STRIGNO-E-TESINO2,197,Castel Ivano,TNIC80100E
198,198,198,198,Educational and training institution,"Via S Giovanni Bosco - Ponte Arche - Bleggio Inferiore, 14",+39 0465 701472,+39 0465 702452,ic.giudicarieesteriori@pec.provincia.tn.it,dir.ic.pontearche@scuole.provincia.tn.it,segr.ic.pontearche@scuole.provincia.tn.it,http://www.giudicariescuola.it,TNIC837009,6,ISTITUTO COMPRENSIVO GIUDICARIE ESTERIORI,/Scuole/ISTITUTO-COMPRENSIVO-GIUDICARIE-ESTERIORI2,198,Comano Terme,TNIC837009
199,199,199,199,Educational and training institution,"Via Sette, 13",+39 0461 246535,+39 0461 242955,ic.lavis@pec.provincia.tn.it,dir.ic.lavis@scuole.provincia.tn.it,segr.ic.lavis@scuole.provincia.tn.it,http://www.iclavis.it,TNIC825003,4,ISTITUTO COMPRENSIVO LAVIS,/Scuole/ISTITUTO-COMPRENSIVO-LAVIS2,199,Lavis,TNIC825003
200,200,200,200,Educational and training institution,"Via della Pace, 5",+39 0461 706146,+39 0461 706099,ic.levicoterme@pec.provincia.tn.it,dir.ic.levico@scuole.provincia.tn.it,segr.ic.levico@scuole.provincia.tn.it,http://www.iclevico.eu,TNIC81800X,5,ISTITUTO COMPRENSIVO LEVICO TERME,/Scuole/ISTITUTO-COMPRENSIVO-LEVICO-TERME2,200,Levico Terme,TNIC81800X
201,201,201,201,Educational and training institution,"Via Fornai, 1",+39 0461 605409,+39 0461 605142,ic.mezzocorona@pec.provincia.tn.it,dir.ic.mezzocorona@scuole.provincia.tn.it,segr.ic.mezzocorona@scuole.provincia.tn.it,http://www.icmezzocorona.it,TNIC82300B,5,ISTITUTO COMPRENSIVO MEZZOCORONA,/Scuole/ISTITUTO-COMPRENSIVO-MEZZOCORONA2,201,Mezzocorona,TNIC82300B
202,202,202,202,Educational and training institution,"Via Degli Alpini, 17",+39 0461 601125,+39 0461 601125,ic.mezzolombardo@pec.provincia.tn.it,dir.ic.mezzolombardo@scuole.provincia.tn.it,segr.ic.mezzolombardo@scuole.provincia.tn.it,http://www.icmezzolombardopaganella.it,TNIC824007,9,ISTITUTO COMPRENSIVO MEZZOLOMBARDO - PAGANELLA,/Scuole/ISTITUTO-COMPRENSIVO-MEZZOLOMBARDO-PAGANELLA2,202,Mezzolombardo,TNIC824007
203,203,203,203,Educational and training institution,"Viale Degasperi, 69",+39 0464 684029,+39 0464 687570,ic.avio@pec.provincia.tn.it,dir.ic.avio@scuole.provincia.tn.it,segr.ic.avio@scuole.provincia.tn.it,http://www.istitutoavio.it,TNIC84700X,3,ISTITUTO COMPRENSIVO AVIO,/Scuole/ISTITUTO-COMPRENSIVO-AVIO2,203,Avio,TNIC84700X
204,204,204,204,Educational and training institution,"Via Taddei De Mauris, 4",+39 0463 901237,+39 0463 902866,ic.bassavaldisole@pec.provincia.tn.it,dir.ciccolini.male@scuole.provincia.tn.it,segr.ciccolini.male@scuole.provincia.tn.it,http://www.icbassavaldisole.it,TNIC833002,6,"ISTITUTO COMPRENSIVO BASSA VAL DI SOLE ""G. CICCOLINI""",/Scuole/ISTITUTO-COMPRENSIVO-BASSA-VAL-DI-SOLE-G.-Ciccolini2,204,Malè,TNIC833002
205,205,205,205,Educational and training institution,"Via Spagolla, 1",+39 0461 753179,+39 0461 754131,ic.borgovalsugana@pec.provincia.tn.it,dir.ic.borgovalsugana@scuole.provincia.tn.it,segr.ic.borgovalsugana@scuole.provincia.tn.it,http://www.icborgovalsugana.gov.it,TNIC812001,4,ISTITUTO COMPRENSIVO BORGO VALSUGANA,/Scuole/ISTITUTO-COMPRENSIVO-BORGO-VALSUGANA2,205,Borgo Valsugana,TNIC812001
206,206,206,206,Educational and training institution,"Piazza Verdi, 6",+39 0462 340314,+39 0462 342294,ic.cavalese@pec.provincia.tn.it,dir.cavalese@scuole.provincia.tn.it,segr.cavalese@scuole.provincia.tn.it,http://www.iccavalese.it,TNIC809005,9,ISTITUTO COMPRENSIVO CAVALESE,/Scuole/ISTITUTO-COMPRENSIVO-CAVALESE2,206,Cavalese,TNIC809005
207,207,207,207,Educational and training institution,"Via Negritelle - Cembra, 1",+39 0461 683006,+39 0461 682166,ic.cembra@pec.provincia.tn.it,dir.cembra@scuole.provincia.tn.it,segr.cembra@scuole.provincia.tn.it,http://www.iccembra.it,TNIC82200G,9,ISTITUTO COMPRENSIVO CEMBRA,/Scuole/ISTITUTO-COMPRENSIVO-CEMBRA2,207,Cembra Lisignago,TNIC82200G
208,208,208,208,Educational and training institution,"Via Degli Alpini - Taio, 17",+39 0463 468193,+39 0463 467616,ic.taio@pec.provincia.tn.it,dir.ictaio@scuole.provincia.tn.it,segr.ictaio@scuole.provincia.tn.it,http://www.ictaio.it,TNIC82600V,5,ISTITUTO COMPRENSIVO TAIO,/Scuole/ISTITUTO-COMPRENSIVO-TAIO2,208,Predaia,TNIC82600V
209,209,209,209,Educational and training institution,"Via Circonvallazione, 44",+39 0465 321053,+39 0465 324039,ic.tione@pec.provincia.tn.it,dir.ictione@scuole.provincia.tn.it,segr.ictione@scuole.provincia.tn.it,http://www.ictione.tn.it,TNIC83600D,7,ISTITUTO COMPRENSIVO TIONE,/Scuole/ISTITUTO-COMPRENSIVO-TIONE2,209,Tione di Trento,TNIC83600D
210,210,210,210,Educational and training institution,"Via Znojmo, 24",+39 0461 912740,+39 0461 912065,ic.trento1@pec.provincia.tn.it,dir.ic.tn1@scuole.provincia.tn.it,segr.ic.tn1@scuole.provincia.tn.it,http://www.ictrento1.it,TNIC81900Q,3,ISTITUTO COMPRENSIVO TRENTO 1,/Scuole/ISTITUTO-COMPRENSIVO-TRENTO-12,210,Trento,TNIC81900Q
211,211,211,211,Educational and training institution,"Via Ponte Alto, 2/1",+39 0461 982113,+39 0461 237554,ic.comenius@pec.provincia.tn.it,dir.ictn2@scuole.provincia.tn.it,segr.ictn2@scuole.provincia.tn.it,http://www.icomenius.it,TNIC82000X,5,"ISTITUTO COMPRENSIVO TRENTO 2 ""J. A. COMENIUS""",/Scuole/ISTITUTO-COMPRENSIVO-TRENTO-2-J.-A.-Comenius2,211,Trento,TNIC82000X
212,212,212,212,Educational and training institution,"Via Vittorio Veneto, 61",+39 0461 934977,+39 0461 920605,ic.trento3@pec.provincia.tn.it,dir.ic.tn3@scuole.provincia.tn.it,segr.ic.tn3@scuole.provincia.tn.it,http://www.ictrento3.it,TNIC85600P,5,ISTITUTO COMPRENSIVO TRENTO 3,/Scuole/ISTITUTO-COMPRENSIVO-TRENTO-32,212,Trento,TNIC85600P
213,213,213,213,Educational and training institution,"Piazzale Europa, 4",+39 0461 920316,+39 0461 922030,ic.trento4@pec.provincia.tn.it,dir.ictn4@scuole.provincia.tn.it,segr.ictn4@scuole.provincia.tn.it,http://www.ictrento4.it,TNIC85700E,5,ISTITUTO COMPRENSIVO TRENTO 4,/Scuole/ISTITUTO-COMPRENSIVO-TRENTO-42,213,Trento,TNIC85700E
214,214,214,214,Educational and training institution,"Via S Giovanni Bosco, 8",+39 0461 263331,+39 0461 984463,ic.tn5@pec.provincia.tn.it,dir.ic.tn5@scuole.provincia.tn.it,segr.ic.tn5@scuole.provincia.tn.it,http://www.istitutotrento5.it/,TNIC85200B,4,ISTITUTO COMPRENSIVO TRENTO 5,/Scuole/ISTITUTO-COMPRENSIVO-TRENTO-584,214,Trento,TNIC85200B
215,215,215,215,Educational and training institution,"Via XXIV Maggio, 7",+39 0461 753647,+39 0461 753364,degasperi@pec.provincia.tn.it,dir.istalcidedegasperi@scuole.provincia.tn.it,segr.istalcidedegasperi@scuole.provincia.tn.it,http://www.istalcidedegasperi.it,TNIS00200E,9,"ISTITUTO DI ISTRUZIONE ""A. DEGASPERI"" - BORGO VALSUGANA",/Scuole/ISTITUTO-DI-ISTRUZIONE-A.-Degasperi-BORGO-VALSUGANA2,215,Borgo Valsugana,TNIS00200E
216,216,216,216,Educational and training institution,"Via Durone, 53",+39 0465 321735,+39 0465 322811,guetti@pec.provincia.tn.it,dir.guetti@scuole.provincia.tn.it,segr.guetti@scuole.provincia.tn.it,http://www.guetti.tn.it,TNIS00700N,9,"ISTITUTO DI ISTRUZIONE ""L. GUETTI"" - TIONE DI TRENTO",/Scuole/ISTITUTO-DI-ISTRUZIONE-L.-Guetti-TIONE-DI-TRENTO2,216,Tione di Trento,TNIS00700N
217,217,217,217,Educational and training institution,"Via S Pietro, 4",+39 0461 511397,+39 0461 531743,curie@pec.provincia.tn.it,dir.curie.pergine@scuole.provincia.tn.it,segr.curie.pergine@scuole.provincia.tn.it,http://www.curiepergine.it,TNIS004006,10,"ISTITUTO DI ISTRUZIONE ""M. CURIE"" - PERGINE VALSUGANA",/Scuole/ISTITUTO-DI-ISTRUZIONE-M.-Curie-PERGINE-VALSUGANA2,217,Pergine Valsugana,TNIS004006
218,218,218,218,Pedagogical coordination circle,"Via Gilli, 3",+39 0461 496956,+39 0461 499283,circolo.coordinamento06@provincia.tn.it,,circolo.coordinamento06@provincia.tn.it,,,7,CIRCOLO DI COORDINAMENTO N. 6,/Scuole/Circolo-di-coordinamento-n.-64,218,Trento,CIRCOLO DI COORDINAMENTO N. 6
219,219,219,219,Pedagogical coordination circle,"Via Filos, 2",+39 0461 494331,+39 0461 494334,circolo.coordinamento07@provincia.tn.it,,circolo.coordinamento07@provincia.tn.it,,,11,CIRCOLO DI COORDINAMENTO N. 7,/Scuole/Circolo-di-coordinamento-n.-74,219,Mezzolombardo,CIRCOLO DI COORDINAMENTO N. 7
220,220,220,220,Educational and training institution,"Via Saibanti, 6",+39 0464 434047,,segreteria@lavela.famigliamaterna.it,direzione@lavela.famigliamaterna.it,segreteria@scuolalavela.it,http://www.scuolalavela.it,,2,SCUOLA PARITARIA LA VELA - FONDAZIONE FAMIGLIA MATERNA - ROVERETO,/Scuole/SCUOLA-PARITARIA-LA-VELA-FONDAZIONE-FAMIGLIA-MATERNA-ROVERETO,220,Rovereto,SCUOLA PARITARIA LA VELA - FONDAZIONE FAMIGLIA MATERNA - ROVERETO
221,221,221,221,Educational and training institution,"Viale Dei Colli, 17",+39 0464 439164,+39 0464 435851,ifpa.rovereto@pec.provincia.tn.it,dir.ifpa.rovereto@scuole.provincia.tn.it,segr.ifpa.rovereto@scuole.provincia.tn.it,http://www.alberghierorovereto.it,TNCF011001,3,ISTITUTO FORMAZIONE PROFESSIONALE ALBERGHIERO - ROVERETO,/Scuole/Istituto-Formazione-Professionale-Alberghiero-Rovereto2,221,Rovereto,TNCF011001
222,222,222,222,Educational and training institution,"Via Giovanni Prati, 22",+39 0461 987180,+39 0461 233877,cfp-upt@pec.it,,segreteria.sede@cfp-upt.it,http://www.cfp-upt.it,,1,CENTRO FORMAZIONE PROFESSIONALE UPT - BORGO VALSUGANA,/Scuole/Centro-Formazione-Professionale-UPT-Borgo-Valsugana2,222,Trento,CENTRO FORMAZIONE PROFESSIONALE UPT - BORGO VALSUGANA
223,223,223,223,Educational and training institution,"Via Ziehl, 5",+39 0461 706294,+39 0461 702025,ifpa.levicoterme@pec.provincia.tn.it,dir.ifpa.levicoterme@scuole.provincia.tn.it,segr.ifpa.levicoterme@scuole.provincia.tn.it,http://www.alberghierolevico.it,TNCF010001,3,ISTITUTO FORMAZIONE PROFESSIONALE ALBERGHIERO - LEVICO,/Scuole/Istituto-Formazione-Professionale-Alberghiero-Levico2,223,Levico Terme,TNCF010001
224,224,224,224,Educational and training institution,"Via Delle Fonti - Transacqua, 10",+39 0439 62435,+39 0439 762466,ic.primiero@pec.provincia.tn.it,dir.icprimiero@scuole.provincia.tn.it,segr.icprimiero@scuole.provincia.tn.it,http://www.scuoleprimiero.it,TNIC810009,9,ISTITUTO COMPRENSIVO DI SCUOLA PRIMARIA E SECONDARIA DI PRIMIERO,/Scuole/ISTITUTO-COMPRENSIVO-DI-SCUOLA-PRIMARIA-E-SECONDARIA-DI-PRIMIERO2,224,Primiero San Martino di Castrozza,TNIC810009
225,225,225,225,Educational and training institution,"Via Giovanni XXIII, 64",+39 0464 918669,,ic.mori@pec.provincia.tn.it,dir.ic.mori@scuole.provincia.tn.it,segr.ic.mori@scuole.provincia.tn.it,http://www.icmori.it/,TNIC84900G,3,ISTITUTO COMPRENSIVO MORI,/Scuole/ISTITUTO-COMPRENSIVO-MORI,225,Mori,TNIC84900G
226,226,226,226,Educational and training institution,"Viale Dei Tigli, 43",+39 0464 578511,+39 0464 578555,floriani@pec.provincia.tn.it,dir.istitutofloriani@scuole.provincia.tn.it,segr.istitutofloriani@scuole.provincia.tn.it,http://www.g-floriani.it,TNIS00800D,5,"ISTITUTO TECNICO ECONOMICO E TECNOLOGICO ""G. FLORIANI"" - RIVA DEL GARDA",/Scuole/ISTITUTO-TECNICO-ECONOMICO-E-TECNOLOGICO-G.-Floriani-RIVA-DEL-GARDA2,226,Riva del Garda,TNIS00800D
227,227,227,227,Educational and training institution,"Viale Verona, 141",+39 0461 933147,+39 0461 931682,ifp.trento@pec.provincia.tn.it,ifp.trento@scuole.provincia.tn.it,ifp.trento@scuole.provincia.tn.it,https://ifpsandropertinitrento.it,TNCF012001,4,"ISTITUTO FORMAZIONE PROFESSIONALE SERVIZI ALLA PERSONA E LEGNO ""S. PERTINI"" - TRENTO",/Scuole/Istituto-Formazione-Professionale-Servizi-alla-Persona-e-Legno-S.-Pertini-Trento,227,Trento,TNCF012001
228,228,228,228,Educational and training institution,"Via Colle Verde, 3",+39 0461 655783,+39 0461 655783,ic.bassaanaunia@pec.provincia.tn.it,dir.ic.bassaanauniatuenno@scuole.provincia.tn.it,segr.ic.denno@scuole.provincia.tn.it,http://www.icbassaanauniatuenno.it,TNIC82900A,8,ISTITUTO COMPRENSIVO BASSA ANAUNIA - TUENNO,/Scuole/ISTITUTO-COMPRENSIVO-BASSA-ANAUNIA-TUENNO212,228,Denno,TNIC82900A
229,229,229,229,Educational and training institution,"Via IV Novembre, 35/1",+39 0461 990287,+39 0461 994418,ic.trento7@pec.provincia.tn.it,dir.ic.tn7@scuole.provincia.tn.it,segr.ic.tn7@scuole.provincia.tn.it,http://www.trento7.it,TNIC85100G,5,"ISTITUTO COMPRENSIVO TRENTO 7 ""RITA LEVI MONTALCINI""",/Scuole/ISTITUTO-COMPRENSIVO-TRENTO-7-Rita-Levi-Montalcini,229,Trento,TNIC85100G
230,230,230,230,Educational and training institution,"Via Balista, 6",+39 0464 485511,+39 0464 485550,donmilani@pec.provincia.tn.it,dir.donmilani@scuole.provincia.tn.it,segr.donmilani@scuole.provincia.tn.it,http://www.domir.it,TNIS009009,5,"ISTITUTO DI ISTRUZIONE ""DON L.MILANI"" - ROVERETO",/Scuole/ISTITUTO-DI-ISTRUZIONE-don-L.Milani-ROVERETO2,230,Rovereto,TNIS009009
231,231,231,231,Educational and training institution,"Via Alberti Lutti, 7",+39 0464 552316,+39 0464 552316,maffei@pec.provincia.tn.it,dir.liceo.maffei@scuole.provincia.tn.it,segr.liceo.maffei@scuole.provincia.tn.it,https://e.liceomaffei.it,TNPC01000Q,6,"LICEO ""A. MAFFEI"" - RIVA DEL GARDA",/Scuole/LICEO-A.-Maffei-RIVA-DEL-GARDA2,231,Riva del Garda,TNPC01000Q
232,232,232,232,Educational and training institution,"Via Benacense, 32",+39 0464 420532,+39 0464 432707,ic.roveretosud@pec.provincia.tn.it,dir.ic.roveretosud@scuole.provincia.tn.it,segr.ic.roveretosud@scuole.provincia.tn.it,http://www.icroveretosud.eu,TNIC85500V,4,ISTITUTO COMPRENSIVO ROVERETO SUD,/Scuole/ISTITUTO-COMPRENSIVO-ROVERETO-SUD2,232,Rovereto,TNIC85500V
233,233,233,233,Educational and training institution,"Via Chini, 31",+39 0463 421457,+39 0463 424830,ic.cles@pec.provincia.tn.it,dir.ic.cles@scuole.provincia.tn.it,segr.ic.cles@scuole.provincia.tn.it,http://www.iccles.it,TNIC83100A,4,"ISTITUTO COMPRENSIVO CLES ""B. CLESIO""",/Scuole/ISTITUTO-COMPRENSIVO-CLES-B.-Clesio2,233,Cles,TNIC83100A
234,234,234,234,Educational and training institution,"Via Mattioli, 8",0461914499,0461915472,linguisticotrento@pec.provincia.tn.it,dir.linguisticotrento@scuole.provincia.tn.it,segr.linguisticotrento@scuole.provincia.tn.it,http://www.linguisticotrento.it,TNPS11000Q,1,"LICEO LINGUISTICO ""S. M. SCHOLL"" - TRENTO",/Scuole/LICEO-LINGUISTICO-S.-M.-Scholl-TRENTO2,234,Trento,TNPS11000Q
235,235,235,235,Educational and training institution,"Viale Damiano Chiesa, 10",+39 0464 553088,+39 0464 553088,riva1@pec.provincia.tn.it,dir.riva1@scuole.provincia.tn.it,segr.riva1@scuole.provincia.tn.it,http://www.riva1.it,TNIC841001,4,ISTITUTO COMPRENSIVO RIVA 1,/Scuole/ISTITUTO-COMPRENSIVO-RIVA-12,235,Riva del Garda,TNIC841001
236,236,236,236,Educational and training institution,"Viale Della Vittoria, 43",+39 0464 431515,+39 0464 489616,ic.isera-rovereto@pec.provincia.tn.it,dir.ic.isera_rovereto@scuole.provincia.tn.it,segr.ic.isera_rovereto@scuole.provincia.tn.it,http://www.isera-rovereto.it,TNIC845008,3,ISTITUTO COMPRENSIVO ISERA - ROVERETO,/Scuole/ISTITUTO-COMPRENSIVO-ISERA-ROVERETO2,236,Rovereto,TNIC845008
237,237,237,237,Educational and training institution,"Corso Rosmini, 86",+39 0464 433709,+39 0464 450456,ic.roveretoest@pec.provincia.tn.it,dir.ic.roveretoest@scuole.provincia.tn.it,segr.ic.roveretoest@scuole.provincia.tn.it,http://www.roveretoest.it,TNIC853007,5,ISTITUTO COMPRENSIVO ROVERETO EST,/Scuole/ISTITUTO-COMPRENSIVO-ROVERETO-EST2,237,Rovereto,TNIC853007
238,238,238,238,Kindergarten,"Piazza S Teresa Verzeri, 4",0461-981465,,materna@istitutosacrocuore.it,,,,,1,"SCUOLA DELL'INFANZIA DI TRENTO ""SACRO CUORE""",/Scuole/Scuola-dell-infanzia-di-Trento-Sacro-Cuore3,238,Trento,"SCUOLA DELL'INFANZIA DI TRENTO ""SACRO CUORE"""
239,239,239,239,Pedagogical coordination circle,"Via Circonvallazione, 65",+39 0461 493385,+39 0461 493389,circolo.coordinamento08@provincia.tn.it,,circolo.coordinamento08@provincia.tn.it,,,9,CIRCOLO DI COORDINAMENTO N. 8,/Scuole/Circolo-di-coordinamento-n.-82,239,Tione di Trento,CIRCOLO DI COORDINAMENTO N. 8
240,240,240,240,Pedagogical coordination circle,"Via Gilli, 3",+39 0461 496955,+39 0461 497257,circolo.coordinamento05@provincia.tn.it,,circolo.coordinamento05@provincia.tn.it,,,8,CIRCOLO DI COORDINAMENTO N. 5,/Scuole/Circolo-di-coordinamento-n.-54,240,Trento,CIRCOLO DI COORDINAMENTO N. 5
241,241,241,241,Pedagogical coordination circle,"Via della Gana, 10",+39 0461 491939,+39 0461 491940,circolo.coordinamento11@provincia.tn.it,,circolo.coordinamento11@provincia.tn.it,,,13,CIRCOLO DI COORDINAMENTO N. 11,/Scuole/Circolo-di-coordinamento-n.-112,241,Malè,CIRCOLO DI COORDINAMENTO N. 11
242,242,242,242,Pedagogical coordination circle,"Via Gilli, 3",+39 0461 496952,+39 0461 497257,circolo.coordinamento03@provincia.tn.it,,circolo.coordinamento03@provincia.tn.it,,,8,CIRCOLO DI COORDINAMENTO N. 3,/Scuole/Circolo-di-coordinamento-n.-3,242,Trento,CIRCOLO DI COORDINAMENTO N. 3
243,243,243,243,Pedagogical coordination circle,"Viale Trento, 37/E",+39 0464 493114,+39 0464 493115,circolo.coordinamento10@provincia.tn.it,,circolo.coordinamento10@provincia.tn.it,,,8,CIRCOLO DI COORDINAMENTO N. 10,/Scuole/Circolo-di-coordinamento-n.-102,243,Rovereto,CIRCOLO DI COORDINAMENTO N. 10
244,244,244,244,Kindergarten,"Via De Ferrari, 1",0464-674717,+39 0464 674717,ala.presidente@fpsm.tn.it,,ala.segretario@fpsm.tn.it,,,1,SCUOLA DELL'INFANZIA DI ALA,/Scuole/Scuola-dell-infanzia-di-Ala2,244,Ala,SCUOLA DELL'INFANZIA DI ALA
245,245,245,245,Kindergarten,"Corso Verona, 109",0464-432307,0464-400420,lizzanella.materna@associazionecoesi.com,,,,,1,SCUOLA DELL'INFANZIA DI LIZZANELLA,/Scuole/Scuola-dell-infanzia-di-Lizzanella2,245,Rovereto,SCUOLA DELL'INFANZIA DI LIZZANELLA
246,246,246,246,Kindergarten,"Piazza Garbari, 5",0461-502351,,info@asifchimelli.it,,,,,1,"SCUOLA DELL'INFANZIA DI PERGINE ""G.B. CHIMELLI""",/Scuole/Scuola-dell-infanzia-di-Pergine-G.B.-Chimelli2,246,Pergine Valsugana,"SCUOLA DELL'INFANZIA DI PERGINE ""G.B. CHIMELLI"""
247,247,247,247,Kindergarten,"Viale Roma, 32",0464-552360,0464-560456,rivagiardino.materna@associazionecoesi.com,,,,,1,"SCUOLA DELL'INFANZIA DI RIVA ""GIARDINO""",/Scuole/Scuola-dell-infanzia-di-Riva-Giardino2,247,Riva del Garda,"SCUOLA DELL'INFANZIA DI RIVA ""GIARDINO"""
248,248,248,248,Kindergarten,"Via Dei Colli, 4",0461-240366,0461-249078,lavis.materna@associazionecoesi.com,,,,,1,"SCUOLA DELL'INFANZIA DI LAVIS ""MADRE MADDALENA DI CANOSSA""",/Scuole/Scuola-dell-infanzia-di-Lavis-Madre-Maddalena-di-Canossa2,248,Lavis,"SCUOLA DELL'INFANZIA DI LAVIS ""MADRE MADDALENA DI CANOSSA"""
249,249,249,249,Kindergarten,"Salita Alla Bastia, 2",0465-685131,0465685131,lodrone.materna@associazionecoesi.com,,,,,1,SCUOLA DELL'INFANZIA DI LODRONE,/Scuole/Scuola-dell-infanzia-di-Lodrone2,249,Storo,SCUOLA DELL'INFANZIA DI LODRONE
250,250,250,250,Kindergarten,"Via Adamello, 2",0461-911027,0461-394133,s.antonio.materna@associazionecoesi.com,,,,,1,"SCUOLA DELL'INFANZIA DI TRENTO ""S. ANTONIO""",/Scuole/Scuola-dell-infanzia-di-Trento-S.-Antonio2,250,Trento,"SCUOLA DELL'INFANZIA DI TRENTO ""S. ANTONIO"""
251,251,251,251,Kindergarten,"Piazza di S Anna, 3",+39 0461 502351,,info@asifchimelli.it,,,,,1,SCUOLA DELL'INFANZIA DI RONCOGNO DI PERGINE,/Scuole/Scuola-dell-infanzia-di-Roncogno-di-Pergine2,251,Pergine Valsugana,SCUOLA DELL'INFANZIA DI RONCOGNO DI PERGINE
252,252,252,252,Kindergarten,"Piazza Municipio, 2",0461-753637,,castelnuovo.presidente@fpsm.tn.it,,castelnuovo.segretario@fpsm.tn.it,,,1,SCUOLA DELL'INFANZIA DI CASTELNUOVO,/Scuole/Scuola-dell-infanzia-di-Castelnuovo2,252,Castelnuovo,SCUOLA DELL'INFANZIA DI CASTELNUOVO
253,253,253,253,Kindergarten,"Via Alla Stazione, 2",0464-943313,0464-943313,marco.materna@associazionecoesi.com,,,,,1,"SCUOLA DELL'INFANZIA DI MARCO ROVERETO ""G.E A. ROSMINI SERBATI""",/Scuole/Scuola-dell-infanzia-di-Marco-Rovereto-G.e-A.-Rosmini-Serbati2,253,Rovereto,"SCUOLA DELL'INFANZIA DI MARCO ROVERETO ""G.E A. ROSMINI SERBATI"""
254,254,254,254,Kindergarten,"Via al Castel Romano - Ranzo - Vezzano, 29",0461-844137,,ranzo.materna@associazionecoesi.com,,,,,1,SCUOLA DELL'INFANZIA DI RANZO,/Scuole/Scuola-dell-infanzia-di-Ranzo2,254,Vallelaghi,SCUOLA DELL'INFANZIA DI RANZO
255,255,255,255,Kindergarten,"Piazza Battisti, 4",+39 0465 321314,+39 0465 329714,tione.materna@associazionecoesi.com,,,,,1,"SCUOLA DELL'INFANZIA DI TIONE DI TRENTO ""DON GIOVANNI FAILONI""",/Scuole/Scuola-dell-infanzia-di-Tione-di-Trento-Don-Giovanni-Failoni2,255,Tione di Trento,"SCUOLA DELL'INFANZIA DI TIONE DI TRENTO ""DON GIOVANNI FAILONI"""
256,256,256,256,Kindergarten,"Via Francesco Ferruccio, 4",0461-237392,0461-237392,tambosi.materna@associazionecoesi.com,,,,,1,"SCUOLA DELL'INFANZIA DI TRENTO ""A. TAMBOSI""",/Scuole/Scuola-dell-infanzia-di-Trento-A.-Tambosi,256,Trento,"SCUOLA DELL'INFANZIA DI TRENTO ""A. TAMBOSI"""
257,257,257,257,Kindergarten,"Via Gabrielli, 1",0462-501312,,predazzo.presidente@fpsm.tn.it,,predazzo.segretario@fpsm.tn.it,,,1,SCUOLA DELL'INFANZIA DI PREDAZZO,/Scuole/Scuola-dell-infanzia-di-Predazzo2,257,Predazzo,SCUOLA DELL'INFANZIA DI PREDAZZO
258,258,258,258,Kindergarten,"Via Lucchi - Roncone, 1",0465-901285,0465-901285,roncone.materna@associazionecoesi.com,,,,,1,"SCUOLA DELL'INFANZIA DI RONCONE ""MARIO AMISTADI SCIAVINA""",/Scuole/Scuola-dell-infanzia-di-Roncone-Mario-Amistadi-Sciavina2,258,Sella Giudicarie,"SCUOLA DELL'INFANZIA DI RONCONE ""MARIO AMISTADI SCIAVINA"""
259,259,259,259,Kindergarten,"Via Gar, 1",0461-233744,0461-233744,segreteria@gbzanella.it,,,,,1,"SCUOLA DELL'INFANZIA DI TRENTO ""G. B. ZANELLA ODV""",/Scuole/Scuola-dell-infanzia-di-Trento-G.-B.-Zanella-ODV,259,Trento,"SCUOLA DELL'INFANZIA DI TRENTO ""G. B. ZANELLA ODV"""
260,260,260,260,Kindergarten,"Via Regolani, 4",0462-341673,,cavalese.segretario@fpsm.tn.it,,cavalese.presidente@fpsm.tn.it,,,1,SCUOLA DELL'INFANZIA DI CAVALESE,/Scuole/Scuola-dell-infanzia-di-Cavalese3,260,Cavalese,SCUOLA DELL'INFANZIA DI CAVALESE
261,261,261,261,Kindergarten,"Via Re di Castello - Daone, 57",0465-674060,,daone.materna@associazionecoesi.com,,,,,1,SCUOLA DELL'INFANZIA DI DAONE,/Scuole/Scuola-dell-infanzia-di-Daone2,261,Valdaone,SCUOLA DELL'INFANZIA DI DAONE
262,262,262,262,Kindergarten,"Via Marconi - Breguzzo, 5",0465-901550,,breguzzo.bondo.materna@associazionecoesi.com,,,,,1,"SCUOLA DELL'INFANZIA DI BREGUZZO - BONDO ""GIUSEPPINA BONAZZA""",/Scuole/Scuola-dell-infanzia-di-Breguzzo-Bondo-Giuseppina-Bonazza2,262,Sella Giudicarie,"SCUOLA DELL'INFANZIA DI BREGUZZO - BONDO ""GIUSEPPINA BONAZZA"""
263,263,263,263,Kindergarten,"Via Brigata Mantova, 1",0464-433395,,lizzana.materna@associazionecoesi.com,,,,,1,SCUOLA DELL'INFANZIA DI LIZZANA,/Scuole/Scuola-dell-infanzia-di-Lizzana2,263,Rovereto,SCUOLA DELL'INFANZIA DI LIZZANA
264,264,264,264,Kindergarten,"Via Damiano Chiesa, 79",0462-340557,,cavalese.segretario@fpsm.tn.it,,cavalese.presidente@fpsm.tn.it,,,1,SCUOLA DELL'INFANZIA DI MASI DI CAVALESE,/Scuole/Scuola-dell-infanzia-di-Masi-di-Cavalese3,264,Cavalese,SCUOLA DELL'INFANZIA DI MASI DI CAVALESE
265,265,265,265,Kindergarten,"Piazza Italia, 8",3703621992,,ziano.presidente@fpsm.tn.it,,ziano.segretario@fpsm.tn.it,,,1,SCUOLA DELL'INFANZIA DI ZIANO DI FIEMME,/Scuole/Scuola-dell-infanzia-di-Ziano-di-Fiemme2,265,Ziano di Fiemme,SCUOLA DELL'INFANZIA DI ZIANO DI FIEMME
266,266,266,266,Educational and training institution,"Via Mach, 1",+39 0461 615213,+39 0461 615273,amministrazione.cif@pec.iasma.it,,segreteria.scuola@fmach.it,http://www.fmach.it,,2,FONDAZIONE EDMUND MACH - ISTITUTO AGRARIO SAN MICHELE ALL'ADIGE,/Scuole/FONDAZIONE-EDMUND-MACH-ISTITUTO-AGRARIO-SAN-MICHELE-ALL-ADIGE2,266,San Michele all'Adige,FONDAZIONE EDMUND MACH - ISTITUTO AGRARIO SAN MICHELE ALL'ADIGE
267,267,267,267,Kindergarten,"Via Ossanna, 3",0461-655960,,denno.segretario@fpsm.tn.it,,denno.segretario@fpsm.tn.it,,,1,SCUOLA DELL'INFANZIA DI DENNO,/Scuole/Scuola-dell-infanzia-di-Denno2,267,Denno,SCUOLA DELL'INFANZIA DI DENNO
268,268,268,268,Educational and training institution,"Via Di S Antonio, 1",+39 0463 751102,+39 0463 751987,cfp.ossana@pec.it,,cfp.ossana@enaip.tn.it,https://ossana.enaiptrentino.it/,,1,CENTRO FORMAZIONE PROFESSIONALE ENAIP - OSSANA,/Scuole/Centro-Formazione-Professionale-ENAIP-Ossana2,268,Ossana,CENTRO FORMAZIONE PROFESSIONALE ENAIP - OSSANA
269,269,269,269,Educational and training institution,"Via Giamaolle, 15",+39 0461 753037,+39 0461 752070,cfp.borgo@pec.it,,cfp.borgo@enaip.tn.it,https://borgo.enaiptrentino.it/,,1,CENTRO FORMAZIONE PROFESSIONALE ENAIP - BORGO VALSUGANA,/Scuole/Centro-Formazione-Professionale-ENAIP-Borgo-Valsugana2,269,Borgo Valsugana,CENTRO FORMAZIONE PROFESSIONALE ENAIP - BORGO VALSUGANA
270,270,270,270,Kindergarten,"Via Fia, 20",0462-813045,,tesero.presidente@fpsm.tn.it,,tesero.segretario@fpsm.tn.it,,,1,SCUOLA DELL'INFANZIA DI TESERO,/Scuole/Scuola-dell-infanzia-di-Tesero2,270,Tesero,SCUOLA DELL'INFANZIA DI TESERO
271,271,271,271,Kindergarten,"Via Monsignor Gosetti, 3",0464-411101,,villalagarina.presidente@fpsm.tn.it,,villalagarina.segretario@fpsm.tn.it,,,1,SCUOLA DELL'INFANZIA DI VILLA LAGARINA,/Scuole/Scuola-dell-infanzia-di-Villa-Lagarina2,271,Villa Lagarina,SCUOLA DELL'INFANZIA DI VILLA LAGARINA
